shape_id,shape_pt_lat,shape_pt_lon,shape_pt_sequence
071-0,37.97689,-0.68669,1
071-0,37.97682,-0.68636,2
071-0,37.97679,-0.68609,3
071-0,37.9768,-0.68587,4
071-0,37.977,-0.68521,5
071-0,37.97704,-0.68505,6
071-0,37.97708,-0.68445,7
071-0,37.97719,-0.68282,8
071-0,37.97731,-0.68046,9
071-0,37.97735,-0.67976,10
071-0,37.97736,-0.67955,11
071-0,37.97748,-0.67677,12
071-0,37.97748,-0.67677,13
071-0,37.97759,-0.67475,14
071-0,37.97769,-0.67299,15
071-0,37.97792,-0.67184,16
071-0,37.97802,-0.67154,17
071-0,37.97854,-0.67017,18
071-0,37.97868,-0.66982,19
071-0,37.97868,-0.66982,20
071-0,37.97889,-0.66924,21
071-0,37.97901,-0.66934,22
071-0,37.97929,-0.66956,23
071-0,37.97975,-0.66984,24
071-0,37.98027,-0.6701,25
071-0,37.98035,-0.67011,26
071-0,37.98035,-0.67018,27
071-0,37.9803,-0.67106,28
071-0,37.98026,-0.67171,29
071-0,37.98022,-0.6724,30
071-0,37.98022,-0.6724,31
071-0,37.98019,-0.67269,32
071-0,37.98016,-0.67276,33
071-0,37.97986,-0.67474,34
071-0,37.9797,-0.67578,35
071-0,37.9797,-0.67578,36
071-0,37.97938,-0.67871,37
071-0,37.98032,-0.6789,38
071-0,37.98111,-0.67908,39
071-0,37.98111,-0.67908,40
071-0,37.98224,-0.67933,41
071-0,37.98267,-0.67943,42
071-0,37.98293,-0.67947,43
071-0,37.98319,-0.67947,44
071-0,37.98363,-0.67945,45
071-0,37.98385,-0.67942,46
071-0,37.98412,-0.67935,47
071-0,37.98423,-0.67931,48
071-0,37.98419,-0.67913,49
071-0,37.98401,-0.67824,50
071-0,37.98399,-0.67814,51
071-0,37.98399,-0.67814,52
071-0,37.98368,-0.67674,53
071-0,37.98367,-0.6767,54
071-0,37.98349,-0.67674,55
071-0,37.98355,-0.67618,56
071-0,37.98372,-0.67449,57
071-0,37.98378,-0.67355,58
071-0,37.98383,-0.67286,59
071-0,37.98383,-0.67286,60
071-0,37.9839,-0.67211,61
071-0,37.98393,-0.67162,62
071-0,37.98394,-0.67061,63
071-0,37.98392,-0.66957,64
071-0,37.98391,-0.66937,65
071-0,37.98394,-0.66892,66
071-0,37.98394,-0.66891,67
071-0,37.98393,-0.6689,68
071-0,37.98393,-0.66888,69
071-0,37.98394,-0.66887,70
071-0,37.9841,-0.66722,71
071-0,37.9841,-0.66722,72
071-0,37.98413,-0.6669,73
071-0,37.98458,-0.66602,74
071-0,37.98519,-0.66534,75
071-0,37.98542,-0.66512,76
071-0,37.98591,-0.66459,77
071-0,37.98604,-0.6645,78
071-0,37.98629,-0.66436,79
071-0,37.98679,-0.66415,80
071-0,37.98713,-0.66402,81
071-0,37.98753,-0.66387,82
071-0,37.98765,-0.66389,83
071-0,37.98778,-0.66385,84
071-0,37.98877,-0.66371,85
071-0,37.98901,-0.6637,86
071-0,37.98919,-0.66368,87
071-0,37.98923,-0.66395,88
071-0,37.98926,-0.66414,89
071-0,37.98926,-0.66414,90
071-0,37.98955,-0.66641,91
071-0,37.9898,-0.66859,92
071-0,37.99145,-0.66786,93
071-0,37.99145,-0.66786,94
071-0,37.99329,-0.66704,95
071-0,37.9957,-0.66584,96
071-0,37.99659,-0.6655,97
071-0,37.99658,-0.66565,98
071-0,37.99658,-0.66594,99
071-0,37.99658,-0.66594,100
071-0,37.99655,-0.66704,101
071-0,37.99645,-0.66908,102
071-0,37.99643,-0.66973,103
071-0,37.99644,-0.66973,104
071-0,37.99646,-0.66974,105
071-0,37.99649,-0.66976,106
071-0,37.99653,-0.66982,107
071-0,37.99655,-0.6699,108
071-0,37.99653,-0.66999,109
071-0,37.99653,-0.66999,110
071-0,37.99649,-0.67005,111
071-0,37.99643,-0.67008,112
071-0,37.99647,-0.67152,113
071-0,37.9965,-0.67198,114
071-0,37.99656,-0.67214,115
071-0,37.99663,-0.67219,116
071-0,37.99667,-0.67226,117
071-0,37.99668,-0.67235,118
071-0,37.99666,-0.67247,119
071-0,37.99663,-0.67252,120
071-0,37.99659,-0.67579,121
071-0,37.99659,-0.67579,122
071-0,37.9966,-0.67608,123
071-0,37.99661,-0.67609,124
071-0,37.99663,-0.67612,125
071-0,37.99666,-0.67619,126
071-0,37.99666,-0.67626,127
071-0,37.99662,-0.67634,128
071-0,37.9966,-0.67636,129
071-0,37.99658,-0.67637,130
071-0,37.99658,-0.67705,131
071-0,37.99659,-0.67735,132
071-0,37.99656,-0.6788,133
071-0,37.99658,-0.67926,134
071-0,37.99662,-0.67931,135
071-0,37.99665,-0.67937,136
071-0,37.99665,-0.67944,137
071-0,37.99663,-0.6795,138
071-0,37.99659,-0.67955,139
071-0,37.99653,-0.67957,140
071-0,37.99651,-0.67957,141
071-0,37.99644,-0.67974,142
071-0,37.99641,-0.68019,143
071-0,37.99644,-0.6805,144
071-0,37.99651,-0.6809,145
071-0,37.99653,-0.68114,146
071-0,37.99652,-0.68149,147
071-0,37.9965,-0.68193,148
071-0,37.99651,-0.68194,149
071-0,37.99654,-0.68196,150
071-0,37.99656,-0.68199,151
071-0,37.99658,-0.68206,152
071-0,37.99657,-0.68214,153
071-0,37.99654,-0.68221,154
071-0,37.99648,-0.68225,155
071-0,37.99643,-0.68225,156
071-0,37.99637,-0.68222,157
071-0,37.99633,-0.68215,158
071-0,37.99632,-0.68208,159
071-0,37.99633,-0.682,160
071-0,37.99638,-0.68194,161
071-0,37.99641,-0.68192,162
071-0,37.99642,-0.68192,163
071-0,37.99645,-0.68183,164
071-0,37.99647,-0.68154,165
071-0,37.99646,-0.68105,166
071-0,37.99637,-0.68043,167
071-0,37.99636,-0.6801,168
071-0,37.99636,-0.6801,169
071-0,37.99639,-0.67975,170
071-0,37.99643,-0.67951,171
071-0,37.99621,-0.67943,172
071-0,37.99617,-0.6794,173
071-0,37.99606,-0.6794,174
071-0,37.99572,-0.67937,175
071-0,37.99486,-0.67932,176
071-0,37.99441,-0.67933,177
071-0,37.99395,-0.67947,178
071-0,37.99382,-0.6795,179
071-0,37.9934,-0.67968,180
071-0,37.9932,-0.67977,181
071-0,37.9932,-0.67977,182
071-0,37.99196,-0.68032,183
071-0,37.99147,-0.68062,184
071-0,37.99106,-0.68088,185
071-0,37.99099,-0.68097,186
071-0,37.99096,-0.68109,187
071-0,37.99091,-0.68114,188
071-0,37.99086,-0.68115,189
071-0,37.99084,-0.68115,190
071-0,37.99082,-0.68119,191
071-0,37.99048,-0.68256,192
071-0,37.9902,-0.68367,193
071-0,37.99006,-0.68418,194
071-0,37.98995,-0.68455,195
071-0,37.98994,-0.68472,196
071-0,37.98995,-0.68472,197
071-0,37.98997,-0.68473,198
071-0,37.99,-0.68478,199
071-0,37.99001,-0.68483,200
071-0,37.98997,-0.68494,201
071-0,37.98992,-0.68496,202
071-0,37.98975,-0.68566,203
071-0,37.989755,-0.685725,204
071-0,37.989461,-0.687055,205
071-0,37.989376,-0.687443,206
071-0,37.98935,-0.687622,207
071-0,37.98935,-0.687787,208
071-0,37.989382,-0.687909,209
071-0,37.989382,-0.688029,210
071-0,37.989337,-0.688108,211
071-0,37.98924,-0.68814,212
071-0,37.9892,-0.68814,213
071-0,37.98915,-0.68811,214
071-0,37.98911,-0.68808,215
071-0,37.98907,-0.68799,216
071-0,37.98898,-0.68792,217
071-0,37.98883,-0.68784,218
071-0,37.98826,-0.68765,219
071-0,37.98814,-0.68762,220
071-0,37.98802,-0.68763,221
071-0,37.98796,-0.68771,222
071-0,37.98785,-0.68777,223
071-0,37.98776,-0.68777,224
071-0,37.9877,-0.68775,225
071-0,37.98762,-0.68767,226
071-0,37.98757,-0.68758,227
071-0,37.98756,-0.68751,228
071-0,37.98755,-0.68746,229
071-0,37.98751,-0.68743,230
071-0,37.98745,-0.68737,231
071-0,37.98738,-0.68732,232
071-0,37.98725,-0.68727,233
071-0,37.98699,-0.68716,234
071-0,37.98631,-0.68693,235
071-0,37.98563,-0.6867,236
071-0,37.98513,-0.68654,237
071-0,37.98502,-0.68653,238
071-0,37.98483,-0.68652,239
071-0,37.98476,-0.68653,240
071-0,37.98469,-0.68656,241
071-0,37.98464,-0.68661,242
071-0,37.98458,-0.68668,243
071-0,37.98449,-0.68669,244
071-0,37.98442,-0.68665,245
071-0,37.98439,-0.68661,246
071-0,37.98437,-0.68651,247
071-0,37.98433,-0.68647,248
071-0,37.984,-0.68637,249
071-0,37.98383,-0.68635,250
071-0,37.98381,-0.68637,251
071-0,37.98379,-0.68639,252
071-0,37.98375,-0.68642,253
071-0,37.9837,-0.68643,254
071-0,37.98361,-0.68641,255
071-0,37.98355,-0.68632,256
071-0,37.98354,-0.68626,257
071-0,37.98353,-0.68624,258
071-0,37.98287,-0.68636,259
071-0,37.98267,-0.68639,260
071-0,37.98255,-0.68641,261
071-0,37.98255,-0.68641,262
071-0,37.98096,-0.68671,263
071-0,37.98073,-0.68677,264
071-0,37.98065,-0.68686,265
071-0,37.98058,-0.68719,266
071-0,37.98039,-0.68713,267
071-0,37.98005,-0.68703,268
071-0,37.97995,-0.68754,269
071-0,37.97995,-0.68754,270
071-0,37.97926,-0.69092,271
071-0,37.97926,-0.69092,272
071-0,37.97918,-0.69126,273
071-0,37.97913,-0.69135,274
071-0,37.97885,-0.69172,275
071-0,37.97862,-0.692,276
071-0,37.97843,-0.69222,277
071-0,37.97828,-0.69231,278
071-0,37.97794,-0.69249,279
071-0,37.97746,-0.69296,280
071-0,37.97746,-0.69296,281
071-0,37.97731,-0.69311,282
071-0,37.97701,-0.69259,283
071-0,37.97669,-0.69209,284
071-0,37.97608,-0.69107,285
071-0,37.97602,-0.69097,286
071-0,37.97629,-0.69072,287
071-0,37.97652,-0.69051,288
071-0,37.97652,-0.69051,289
071-0,37.97675,-0.6903,290
071-0,37.9771,-0.68993,291
071-0,37.97723,-0.68979,292
071-0,37.97736,-0.68955,293
071-0,37.97739,-0.68937,294
071-0,37.97739,-0.68909,295
071-0,37.97706,-0.68757,296
071-0,37.97695,-0.68698,297
071-0,37.97689,-0.68669,298
081-0,37.96435,-0.71735,1
081-0,37.964595,-0.717234,2
081-0,37.964739,-0.717152,3
081-0,37.964842,-0.717157,4
081-0,37.964953,-0.717097,5
081-0,37.965028,-0.7171,6
081-0,37.965087,-0.717145,7
081-0,37.965087,-0.71723,8
081-0,37.965045,-0.717293,9
081-0,37.964976,-0.717333,10
081-0,37.964896,-0.717352,11
081-0,37.964809,-0.717333,12
081-0,37.964707,-0.71718,13
081-0,37.964513,-0.717302,14
081-0,37.96338,-0.71767,15
081-0,37.9626,-0.71792,16
081-0,37.9626,-0.71798,17
081-0,37.9626,-0.71807,18
081-0,37.96256,-0.71816,19
081-0,37.96251,-0.71822,20
081-0,37.96245,-0.71825,21
081-0,37.96238,-0.71826,22
081-0,37.96231,-0.71823,23
081-0,37.96222,-0.71814,24
081-0,37.96197,-0.71813,25
081-0,37.96185,-0.71817,26
081-0,37.96082,-0.7185,27
081-0,37.96031,-0.71863,28
081-0,37.96006,-0.71869,29
081-0,37.95988,-0.71869,30
081-0,37.95972,-0.71866,31
081-0,37.95961,-0.7186,32
081-0,37.95949,-0.7185,33
081-0,37.95941,-0.71841,34
081-0,37.95894,-0.71784,35
081-0,37.95873,-0.71759,36
081-0,37.95873,-0.71759,37
081-0,37.95714,-0.71561,38
081-0,37.95702,-0.71554,39
081-0,37.95686,-0.71549,40
081-0,37.95663,-0.71554,41
081-0,37.95496,-0.71674,42
081-0,37.95511,-0.71683,43
081-0,37.95517,-0.71688,44
081-0,37.95527,-0.71701,45
081-0,37.9557,-0.71768,46
081-0,37.95662,-0.71917,47
081-0,37.95664,-0.71919,48
081-0,37.95732,-0.72029,49
081-0,37.95779,-0.721,50
081-0,37.95781,-0.72109,51
081-0,37.95779,-0.72116,52
081-0,37.95711,-0.72205,53
081-0,37.95694,-0.72228,54
081-0,37.95685,-0.72248,55
081-0,37.95678,-0.72268,56
081-0,37.95664,-0.72315,57
081-0,37.95664,-0.72315,58
081-0,37.95651,-0.72356,59
081-0,37.95614,-0.72434,60
081-0,37.95591,-0.72476,61
081-0,37.95576,-0.7249,62
081-0,37.95563,-0.72496,63
081-0,37.95549,-0.72498,64
081-0,37.95494,-0.72483,65
081-0,37.95467,-0.72475,66
081-0,37.95467,-0.72475,67
081-0,37.95456,-0.72472,68
081-0,37.95452,-0.72478,69
081-0,37.95424,-0.7251,70
081-0,37.95416,-0.72514,71
081-0,37.95413,-0.72423,72
081-0,37.95409,-0.72312,73
081-0,37.95436,-0.72164,74
081-0,37.95435,-0.72135,75
081-0,37.95434,-0.72128,76
081-0,37.95434,-0.72128,77
081-0,37.95399,-0.71893,78
081-0,37.95388,-0.71819,79
081-0,37.95378,-0.71751,80
081-0,37.95337,-0.71778,81
081-0,37.95297,-0.718,82
081-0,37.95231,-0.71836,83
081-0,37.95203,-0.71852,84
081-0,37.9517,-0.71871,85
081-0,37.9517,-0.71871,86
081-0,37.95154,-0.7188,87
081-0,37.95154,-0.71881,88
081-0,37.95154,-0.71884,89
081-0,37.95153,-0.71889,90
081-0,37.95149,-0.71896,91
081-0,37.95142,-0.71901,92
081-0,37.95134,-0.719,93
081-0,37.95128,-0.71894,94
081-0,37.95125,-0.71885,95
081-0,37.95125,-0.71883,96
081-0,37.95094,-0.71896,97
081-0,37.95062,-0.71915,98
081-0,37.95033,-0.71938,99
081-0,37.95019,-0.71953,100
081-0,37.95012,-0.71965,101
081-0,37.95013,-0.71967,102
081-0,37.95014,-0.7197,103
081-0,37.95015,-0.71974,104
081-0,37.95014,-0.7198,105
081-0,37.95013,-0.71986,106
081-0,37.95005,-0.71994,107
081-0,37.94995,-0.71997,108
081-0,37.94986,-0.71991,109
081-0,37.94982,-0.71985,110
081-0,37.9498,-0.71973,111
081-0,37.94981,-0.71967,112
081-0,37.94982,-0.71964,113
081-0,37.94975,-0.7195,114
081-0,37.94928,-0.71869,115
081-0,37.94904,-0.71767,116
081-0,37.94866,-0.71594,117
081-0,37.94866,-0.71594,118
081-0,37.94841,-0.71491,119
081-0,37.94834,-0.71475,120
081-0,37.94828,-0.71474,121
081-0,37.94817,-0.71467,122
081-0,37.94812,-0.7146,123
081-0,37.94809,-0.7145,124
081-0,37.94809,-0.71437,125
081-0,37.94811,-0.7143,126
081-0,37.94816,-0.71422,127
081-0,37.94818,-0.7142,128
081-0,37.94816,-0.71402,129
081-0,37.94816,-0.71393,130
081-0,37.94806,-0.71345,131
081-0,37.94788,-0.71259,132
081-0,37.94788,-0.71259,133
081-0,37.94767,-0.71159,134
081-0,37.94761,-0.71139,135
081-0,37.9475,-0.71099,136
081-0,37.946749,-0.707365,137
081-0,37.946662,-0.706966,138
081-0,37.946621,-0.706843,139
081-0,37.946463,-0.706899,140
081-0,37.946205,-0.707021,141
081-0,37.94593,-0.70712,142
081-0,37.945842,-0.707151,143
081-0,37.94581,-0.707196,144
081-0,37.945806,-0.707269,145
081-0,37.945941,-0.707907,146
081-0,37.946142,-0.708804,147
081-0,37.946275,-0.709368,148
081-0,37.946369,-0.709411,149
081-0,37.946474,-0.709355,150
081-0,37.946609,-0.709297,151
081-0,37.946901,-0.709214,152
081-1,37.94695,-0.70923,1
081-1,37.94711,-0.70919,2
081-1,37.9472,-0.70918,3
081-1,37.94734,-0.70986,4
081-1,37.94763,-0.71128,5
081-1,37.94764,-0.71146,6
081-1,37.94781,-0.71231,7
081-1,37.94782,-0.71236,8
081-1,37.94816,-0.71393,9
081-1,37.9483,-0.71415,10
081-1,37.94833,-0.71415,11
081-1,37.94838,-0.71416,12
081-1,37.94844,-0.71419,13
081-1,37.94853,-0.7143,14
081-1,37.94855,-0.71447,15
081-1,37.94853,-0.71459,16
081-1,37.9485,-0.71464,17
081-1,37.94847,-0.71468,18
081-1,37.94857,-0.71512,19
081-1,37.94869,-0.71563,20
081-1,37.94872,-0.71577,21
081-1,37.94877,-0.71598,22
081-1,37.94877,-0.71598,23
081-1,37.94928,-0.71819,24
081-1,37.94942,-0.7187,25
081-1,37.94989,-0.71949,26
081-1,37.94993,-0.71955,27
081-1,37.94995,-0.71954,28
081-1,37.95,-0.71954,29
081-1,37.95005,-0.71956,30
081-1,37.95007,-0.71958,31
081-1,37.9502,-0.7195,32
081-1,37.95053,-0.7192,33
081-1,37.9508,-0.71903,34
081-1,37.951,-0.71893,35
081-1,37.95125,-0.71883,36
081-1,37.95125,-0.71881,37
081-1,37.95125,-0.71878,38
081-1,37.95126,-0.71876,39
081-1,37.95128,-0.71872,40
081-1,37.9513,-0.71868,41
081-1,37.95137,-0.71864,42
081-1,37.95145,-0.71865,43
081-1,37.95151,-0.71871,44
081-1,37.95154,-0.7188,45
081-1,37.95172,-0.71869,46
081-1,37.95172,-0.71869,47
081-1,37.95231,-0.71836,48
081-1,37.95297,-0.718,49
081-1,37.95337,-0.71778,50
081-1,37.95378,-0.71751,51
081-1,37.95388,-0.71819,52
081-1,37.95394,-0.71865,53
081-1,37.95406,-0.7194,54
081-1,37.95429,-0.72099,55
081-1,37.95429,-0.72099,56
081-1,37.95437,-0.72152,57
081-1,37.95436,-0.72164,58
081-1,37.95417,-0.72267,59
081-1,37.95409,-0.72312,60
081-1,37.95413,-0.72423,61
081-1,37.95416,-0.72514,62
081-1,37.95424,-0.7251,63
081-1,37.95452,-0.72478,64
081-1,37.95456,-0.72472,65
081-1,37.95473,-0.72477,66
081-1,37.95478,-0.72479,67
081-1,37.95478,-0.72479,68
081-1,37.95539,-0.72496,69
081-1,37.95549,-0.72498,70
081-1,37.95563,-0.72496,71
081-1,37.95576,-0.7249,72
081-1,37.95583,-0.72485,73
081-1,37.95591,-0.72476,74
081-1,37.95605,-0.72453,75
081-1,37.95614,-0.72434,76
081-1,37.95651,-0.72356,77
081-1,37.95666,-0.7231,78
081-1,37.95666,-0.7231,79
081-1,37.9568,-0.72263,80
081-1,37.95694,-0.72228,81
081-1,37.95774,-0.72124,82
081-1,37.95781,-0.72112,83
081-1,37.95781,-0.72104,84
081-1,37.95721,-0.72011,85
081-1,37.95654,-0.71904,86
081-1,37.95654,-0.71904,87
081-1,37.95548,-0.71734,88
081-1,37.95521,-0.71692,89
081-1,37.95512,-0.71684,90
081-1,37.95511,-0.71683,91
081-1,37.95496,-0.71674,92
081-1,37.95589,-0.71606,93
081-1,37.95663,-0.71554,94
081-1,37.95674,-0.7155,95
081-1,37.95686,-0.71549,96
081-1,37.95702,-0.71554,97
081-1,37.95714,-0.71561,98
081-1,37.95725,-0.71573,99
081-1,37.95789,-0.71654,100
081-1,37.95855,-0.71737,101
081-1,37.95881,-0.71768,102
081-1,37.95881,-0.71768,103
081-1,37.95949,-0.7185,104
081-1,37.95971,-0.71865,105
081-1,37.95985,-0.71869,106
081-1,37.96007,-0.71869,107
081-1,37.96032,-0.71863,108
081-1,37.96047,-0.71858,109
081-1,37.96152,-0.71827,110
081-1,37.96197,-0.71813,111
081-1,37.9622,-0.71793,112
081-1,37.96223,-0.71785,113
081-1,37.96231,-0.71776,114
081-1,37.96238,-0.71774,115
081-1,37.96246,-0.71775,116
081-1,37.96252,-0.71779,117
081-1,37.96257,-0.71786,118
081-1,37.96259,-0.7179,119
081-1,37.9626,-0.71792,120
081-1,37.96285,-0.71784,121
081-1,37.96371,-0.71756,122
081-1,37.96425,-0.71739,123
081-1,37.96435,-0.71735,124
082-0,37.96435,-0.71735,1
082-0,37.964601,-0.717244,2
082-0,37.964729,-0.717142,3
082-0,37.964832,-0.717109,4
082-0,37.964918,-0.717105,5
082-0,37.964993,-0.717122,6
082-0,37.965058,-0.717202,7
082-0,37.965048,-0.71728,8
082-0,37.96496,-0.717336,9
082-0,37.964902,-0.717365,10
082-0,37.964844,-0.717358,11
082-0,37.964795,-0.717328,12
082-0,37.964715,-0.717176,13
082-0,37.964517,-0.717294,14
082-0,37.96338,-0.71767,15
082-0,37.9626,-0.71792,16
082-0,37.9626,-0.71798,17
082-0,37.9626,-0.71807,18
082-0,37.96256,-0.71816,19
082-0,37.96251,-0.71822,20
082-0,37.96252,-0.71859,21
082-0,37.96258,-0.71893,22
082-0,37.96288,-0.7205,23
082-0,37.96332,-0.72276,24
082-0,37.96336,-0.72285,25
082-0,37.96338,-0.72286,26
082-0,37.96341,-0.7229,27
082-0,37.96342,-0.72294,28
082-0,37.96341,-0.72305,29
082-0,37.96334,-0.7231,30
082-0,37.96326,-0.72308,31
082-0,37.96323,-0.72305,32
082-0,37.96311,-0.72315,33
082-0,37.96305,-0.72318,34
082-0,37.96272,-0.72353,35
082-0,37.9626,-0.72364,36
082-0,37.96258,-0.72365,37
082-0,37.96241,-0.72373,38
082-0,37.96241,-0.72373,39
082-0,37.96164,-0.72407,40
082-0,37.96113,-0.72428,41
082-0,37.96115,-0.72442,42
082-0,37.96075,-0.7246,43
082-0,37.96004,-0.7249,44
082-0,37.95901,-0.72535,45
082-0,37.95901,-0.72535,46
082-0,37.9588,-0.72544,47
082-0,37.95881,-0.72553,48
082-0,37.95895,-0.72647,49
082-0,37.95906,-0.72712,50
082-0,37.9591,-0.72727,51
082-0,37.95914,-0.72739,52
082-0,37.95945,-0.72787,53
082-0,37.95986,-0.72851,54
082-0,37.95986,-0.72851,55
082-0,37.96027,-0.72926,56
082-0,37.96061,-0.72972,57
082-0,37.96094,-0.73003,58
082-0,37.961,-0.73007,59
082-0,37.96087,-0.73041,60
082-0,37.9607,-0.73093,61
082-0,37.96052,-0.73143,62
082-0,37.96039,-0.73169,63
082-0,37.96029,-0.73185,64
082-0,37.96019,-0.73193,65
082-0,37.9599,-0.73206,66
082-0,37.95978,-0.73211,67
082-0,37.95979,-0.73254,68
082-0,37.9598,-0.73299,69
082-0,37.96051,-0.73294,70
082-0,37.96074,-0.73291,71
082-0,37.96074,-0.73291,72
082-0,37.96097,-0.73273,73
082-0,37.96118,-0.73258,74
082-0,37.96158,-0.73237,75
082-0,37.96194,-0.73232,76
082-0,37.96261,-0.73222,77
082-0,37.96333,-0.73211,78
082-0,37.96405,-0.73183,79
082-0,37.9646,-0.73163,80
082-0,37.96466,-0.73161,81
082-0,37.96466,-0.73161,82
082-0,37.96474,-0.73158,83
082-0,37.96479,-0.73154,84
082-0,37.9649,-0.73145,85
082-0,37.96491,-0.73141,86
082-0,37.96494,-0.73134,87
082-0,37.96499,-0.73129,88
082-0,37.96506,-0.73128,89
082-0,37.96513,-0.73132,90
082-0,37.96517,-0.7314,91
082-0,37.96517,-0.73148,92
082-0,37.96514,-0.73156,93
082-0,37.96512,-0.73159,94
082-0,37.96514,-0.73169,95
082-0,37.96522,-0.73194,96
082-0,37.96536,-0.73232,97
082-0,37.96538,-0.73239,98
082-0,37.96538,-0.73239,99
082-0,37.96584,-0.7337,100
082-0,37.96612,-0.73447,101
082-0,37.96619,-0.73459,102
082-0,37.96626,-0.73465,103
082-0,37.96628,-0.73466,104
082-0,37.96631,-0.73468,105
082-0,37.96637,-0.73476,106
082-0,37.96639,-0.73485,107
082-0,37.96636,-0.73495,108
082-0,37.9663,-0.73501,109
082-0,37.96622,-0.73503,110
082-0,37.96615,-0.735,111
082-0,37.96614,-0.73498,112
082-0,37.96608,-0.73497,113
082-0,37.96592,-0.73501,114
082-0,37.96497,-0.73553,115
082-0,37.96429,-0.73595,116
082-0,37.96425,-0.736,117
082-0,37.96423,-0.73614,118
082-0,37.96419,-0.73637,119
082-0,37.96412,-0.73668,120
082-0,37.96405,-0.7368,121
082-0,37.96396,-0.7369,122
082-0,37.96351,-0.73728,123
082-0,37.96289,-0.73782,124
082-0,37.96242,-0.73824,125
082-0,37.96224,-0.7384,126
082-0,37.96224,-0.7384,127
082-0,37.96213,-0.7385,128
082-0,37.96209,-0.73854,129
082-0,37.96201,-0.7384,130
082-0,37.96161,-0.73765,131
082-0,37.96243,-0.73691,132
082-0,37.96254,-0.73683,133
082-0,37.96282,-0.73733,134
082-0,37.96303,-0.7377,135
082-0,37.96396,-0.7369,136
082-0,37.96408,-0.73676,137
082-0,37.96413,-0.73664,138
082-0,37.9642,-0.73631,139
082-0,37.96425,-0.736,140
082-0,37.96427,-0.73598,141
082-0,37.96431,-0.73593,142
082-0,37.9645,-0.73581,143
082-0,37.96517,-0.73543,144
082-0,37.96526,-0.7357,145
082-0,37.96541,-0.73613,146
082-0,37.96541,-0.73613,147
082-0,37.96569,-0.73695,148
082-0,37.96562,-0.73716,149
082-0,37.96543,-0.73778,150
082-0,37.96521,-0.73857,151
082-0,37.96514,-0.7388,152
082-0,37.96514,-0.7388,153
082-0,37.96465,-0.74045,154
082-0,37.96451,-0.74095,155
082-0,37.96486,-0.74103,156
082-0,37.96523,-0.74112,157
082-0,37.96609,-0.74145,158
082-0,37.96692,-0.74182,159
082-0,37.96711,-0.7419,160
082-0,37.96736,-0.74198,161
082-0,37.96754,-0.742,162
082-1,37.96696,-0.74183,1
082-1,37.96711,-0.7419,2
082-1,37.96736,-0.74198,3
082-1,37.96761,-0.74201,4
082-1,37.96795,-0.74199,5
082-1,37.96823,-0.74186,6
082-1,37.96828,-0.74181,7
082-1,37.96829,-0.74176,8
082-1,37.96832,-0.74168,9
082-1,37.9683,-0.7413,10
082-1,37.96827,-0.74092,11
082-1,37.96827,-0.74088,12
082-1,37.96821,-0.74081,13
082-1,37.96813,-0.74074,14
082-1,37.96797,-0.74067,15
082-1,37.96788,-0.74065,16
082-1,37.96701,-0.738062,17
082-1,37.96701,-0.73806,18
082-1,37.96632,-0.73603,19
082-1,37.96598,-0.73507,20
082-1,37.96592,-0.73501,21
082-1,37.96497,-0.73553,22
082-1,37.96429,-0.73595,23
082-1,37.96425,-0.736,24
082-1,37.96423,-0.73614,25
082-1,37.96419,-0.73637,26
082-1,37.96412,-0.73668,27
082-1,37.96405,-0.7368,28
082-1,37.96396,-0.7369,29
082-1,37.96351,-0.73728,30
082-1,37.96289,-0.73782,31
082-1,37.96242,-0.73824,32
082-1,37.96224,-0.7384,33
082-1,37.96224,-0.7384,34
082-1,37.96213,-0.7385,35
082-1,37.96209,-0.73854,36
082-1,37.96201,-0.7384,37
082-1,37.96161,-0.73765,38
082-1,37.96243,-0.73691,39
082-1,37.96254,-0.73683,40
082-1,37.96282,-0.73733,41
082-1,37.96303,-0.7377,42
082-1,37.96396,-0.7369,43
082-1,37.96408,-0.73676,44
082-1,37.96413,-0.73664,45
082-1,37.9642,-0.73631,46
082-1,37.96425,-0.736,47
082-1,37.96427,-0.73598,48
082-1,37.96431,-0.73593,49
082-1,37.9645,-0.73581,50
082-1,37.96561,-0.73518,51
082-1,37.96595,-0.735,52
082-1,37.96603,-0.73494,53
082-1,37.96608,-0.73489,54
082-1,37.9661,-0.73478,55
082-1,37.96612,-0.73473,56
082-1,37.96608,-0.73451,57
082-1,37.96577,-0.73363,58
082-1,37.96563,-0.73324,59
082-1,37.96563,-0.73324,60
082-1,37.96528,-0.73225,61
082-1,37.96512,-0.73177,62
082-1,37.96504,-0.73162,63
082-1,37.96501,-0.73162,64
082-1,37.96498,-0.7316,65
082-1,37.96493,-0.73155,66
082-1,37.96474,-0.73158,67
082-1,37.96472,-0.73159,68
082-1,37.96333,-0.73211,69
082-1,37.96189,-0.73233,70
082-1,37.9616,-0.73236,71
082-1,37.96136,-0.73248,72
082-1,37.96107,-0.73266,73
082-1,37.96089,-0.73279,74
082-1,37.96081,-0.73286,75
082-1,37.96081,-0.73286,76
082-1,37.96069,-0.73292,77
082-1,37.96051,-0.73294,78
082-1,37.96015,-0.73297,79
082-1,37.9598,-0.73299,80
082-1,37.95979,-0.73254,81
082-1,37.95978,-0.73211,82
082-1,37.9599,-0.73206,83
082-1,37.96019,-0.73193,84
082-1,37.96029,-0.73185,85
082-1,37.96039,-0.73169,86
082-1,37.96052,-0.73143,87
082-1,37.9607,-0.73093,88
082-1,37.96087,-0.73041,89
082-1,37.961,-0.73007,90
082-1,37.96094,-0.73003,91
082-1,37.96082,-0.72992,92
082-1,37.96043,-0.72949,93
082-1,37.96015,-0.72904,94
082-1,37.96003,-0.72883,95
082-1,37.96003,-0.72883,96
082-1,37.95965,-0.72817,97
082-1,37.95945,-0.72787,98
082-1,37.95914,-0.72739,99
082-1,37.9591,-0.72727,100
082-1,37.95906,-0.72712,101
082-1,37.95895,-0.72647,102
082-1,37.95875,-0.72522,103
082-1,37.95869,-0.72495,104
082-1,37.95884,-0.72489,105
082-1,37.95915,-0.72478,106
082-1,37.95915,-0.72478,107
082-1,37.95961,-0.72461,108
082-1,37.96049,-0.72419,109
082-1,37.96076,-0.72406,110
082-1,37.96106,-0.72393,111
082-1,37.9611,-0.72412,112
082-1,37.96113,-0.72428,113
082-1,37.96157,-0.7241,114
082-1,37.96157,-0.7241,115
082-1,37.96258,-0.72365,116
082-1,37.96272,-0.72353,117
082-1,37.96305,-0.72318,118
082-1,37.96308,-0.72312,119
082-1,37.96308,-0.72311,120
082-1,37.96321,-0.72294,121
082-1,37.96323,-0.7229,122
082-1,37.96325,-0.72286,123
082-1,37.96326,-0.72276,124
082-1,37.96303,-0.72152,125
082-1,37.96271,-0.7198,126
082-1,37.96252,-0.71874,127
082-1,37.96238,-0.71826,128
082-1,37.96231,-0.71823,129
082-1,37.96222,-0.71814,130
082-1,37.9622,-0.71805,131
082-1,37.96219,-0.71796,132
082-1,37.96222,-0.71787,133
082-1,37.96229,-0.71778,134
082-1,37.96236,-0.71774,135
082-1,37.96244,-0.71774,136
082-1,37.96251,-0.71778,137
082-1,37.96256,-0.71784,138
082-1,37.9626,-0.71792,139
082-1,37.96395,-0.71748,140
082-1,37.96435,-0.71735,141
083-0,37.97689,-0.68669,1
083-0,37.97682,-0.68636,2
083-0,37.97679,-0.68609,3
083-0,37.9768,-0.68587,4
083-0,37.977,-0.68521,5
083-0,37.97704,-0.68505,6
083-0,37.97762,-0.68529,7
083-0,37.97833,-0.68562,8
083-0,37.97872,-0.68582,9
083-0,37.9793,-0.68608,10
083-0,37.97974,-0.68629,11
083-0,37.98016,-0.6865,12
083-0,37.98009,-0.68686,13
083-0,37.98005,-0.68703,14
083-0,37.97995,-0.68754,15
083-0,37.97995,-0.68754,16
083-0,37.97954,-0.68957,17
083-0,37.9786,-0.68936,18
083-0,37.97846,-0.68932,19
083-0,37.97846,-0.68932,20
083-0,37.97823,-0.68925,21
083-0,37.9775,-0.6891,22
083-0,37.97739,-0.68937,23
083-0,37.97736,-0.68955,24
083-0,37.97723,-0.68979,25
083-0,37.9771,-0.68993,26
083-0,37.97695,-0.69009,27
083-0,37.97695,-0.69009,28
083-0,37.97662,-0.69042,29
083-0,37.97602,-0.69097,30
083-0,37.97454,-0.69238,31
083-0,37.97277,-0.69405,32
083-0,37.97228,-0.69451,33
083-0,37.97228,-0.69451,34
083-0,37.96779,-0.69876,35
083-0,37.96774,-0.6988,36
083-0,37.967644,-0.698886,37
083-0,37.967304,-0.699212,38
083-0,37.967099,-0.69944,39
083-0,37.967102,-0.699448,40
083-0,37.96653,-0.69996,41
083-0,37.96647,-0.70001,42
083-0,37.96612,-0.70034,43
083-0,37.96574,-0.7007,44
083-0,37.96444,-0.70192,45
083-0,37.9639,-0.70243,46
083-0,37.96386,-0.70251,47
083-0,37.96286,-0.70346,48
083-0,37.96253,-0.70378,49
083-0,37.96253,-0.70378,50
083-0,37.96166,-0.70458,51
083-0,37.9615,-0.70475,52
083-0,37.96142,-0.70492,53
083-0,37.96139,-0.70503,54
083-0,37.96139,-0.70508,55
083-0,37.96142,-0.70515,56
083-0,37.96141,-0.70529,57
083-0,37.96136,-0.70539,58
083-0,37.96128,-0.70544,59
083-0,37.96118,-0.70543,60
083-0,37.96109,-0.70534,61
083-0,37.96106,-0.70526,62
083-0,37.96106,-0.70518,63
083-0,37.96109,-0.70508,64
083-0,37.96107,-0.70492,65
083-0,37.96104,-0.70487,66
083-0,37.96039,-0.70547,67
083-0,37.96017,-0.70469,68
083-0,37.96005,-0.70426,69
083-0,37.95969,-0.70297,70
083-0,37.95964,-0.70275,71
083-0,37.95922,-0.70294,72
083-0,37.95907,-0.70307,73
083-0,37.95885,-0.70317,74
083-0,37.95864,-0.70326,75
083-0,37.95772,-0.70364,76
083-0,37.95732,-0.7038,77
083-0,37.95732,-0.7038,78
083-0,37.95688,-0.70399,79
083-0,37.95698,-0.70445,80
083-0,37.95726,-0.70575,81
083-0,37.95734,-0.70588,82
083-0,37.95734,-0.70588,83
083-0,37.95782,-0.70658,84
083-0,37.95808,-0.70696,85
083-0,37.95851,-0.70655,86
083-0,37.95897,-0.70613,87
083-0,37.95914,-0.70606,88
083-0,37.95914,-0.70606,89
083-0,37.95994,-0.70573,90
083-0,37.96024,-0.70557,91
083-0,37.96033,-0.70552,92
083-0,37.96104,-0.70487,93
083-0,37.96107,-0.70492,94
083-0,37.96119,-0.70499,95
083-0,37.96121,-0.70499,96
083-0,37.96125,-0.70498,97
083-0,37.96131,-0.70499,98
083-0,37.96136,-0.70503,99
083-0,37.96142,-0.70517,100
083-0,37.96141,-0.70531,101
083-0,37.96135,-0.7054,102
083-0,37.96133,-0.70541,103
083-0,37.96137,-0.70574,104
083-0,37.9615,-0.70734,105
083-0,37.96154,-0.70792,106
083-0,37.96159,-0.7084,107
083-0,37.96169,-0.70863,108
083-0,37.9618,-0.70868,109
083-0,37.96189,-0.7088,110
083-0,37.96192,-0.70892,111
083-0,37.96191,-0.70903,112
083-0,37.96185,-0.70918,113
083-0,37.96179,-0.70925,114
083-0,37.96175,-0.70927,115
083-0,37.96165,-0.70955,116
083-0,37.9618,-0.71136,117
083-0,37.96206,-0.71454,118
083-0,37.96223,-0.7168,119
083-0,37.96229,-0.71714,120
083-0,37.96232,-0.7173,121
083-0,37.96239,-0.71758,122
083-0,37.96246,-0.71775,123
083-0,37.96249,-0.71776,124
083-0,37.96255,-0.71782,125
083-0,37.96259,-0.7179,126
083-0,37.9626,-0.71792,127
083-0,37.96285,-0.71784,128
083-0,37.96371,-0.71756,129
083-0,37.96435,-0.71735,130
083-1,37.96435,-0.71735,1
083-1,37.96461,-0.717226,2
083-1,37.964742,-0.717139,3
083-1,37.964822,-0.717193,4
083-1,37.9649,-0.717123,5
083-1,37.964981,-0.717078,6
083-1,37.965045,-0.717079,7
083-1,37.965098,-0.717104,8
083-1,37.965121,-0.717161,9
083-1,37.965103,-0.717248,10
083-1,37.965035,-0.71731,11
083-1,37.964965,-0.71735,12
083-1,37.964877,-0.717344,13
083-1,37.964826,-0.717322,14
083-1,37.964717,-0.717172,15
083-1,37.964486,-0.717311,16
083-1,37.96338,-0.71767,17
083-1,37.9626,-0.71792,18
083-1,37.9626,-0.71798,19
083-1,37.9626,-0.71807,20
083-1,37.96256,-0.71816,21
083-1,37.96251,-0.71822,22
083-1,37.96245,-0.71825,23
083-1,37.96238,-0.71826,24
083-1,37.96231,-0.71823,25
083-1,37.96222,-0.71814,26
083-1,37.9622,-0.71805,27
083-1,37.96219,-0.71796,28
083-1,37.96222,-0.71787,29
083-1,37.96229,-0.71778,30
083-1,37.96228,-0.71749,31
083-1,37.96223,-0.71691,32
083-1,37.96216,-0.71584,33
083-1,37.962,-0.71386,34
083-1,37.96176,-0.71087,35
083-1,37.96168,-0.70982,36
083-1,37.96165,-0.70955,37
083-1,37.96155,-0.70926,38
083-1,37.9615,-0.70922,39
083-1,37.96146,-0.70917,40
083-1,37.9614,-0.70904,41
083-1,37.9614,-0.70886,42
083-1,37.96144,-0.70875,43
083-1,37.96152,-0.70867,44
083-1,37.96154,-0.70849,45
083-1,37.96139,-0.70668,46
083-1,37.96134,-0.70583,47
083-1,37.96132,-0.70562,48
083-1,37.96129,-0.70554,49
083-1,37.96123,-0.70544,50
083-1,37.96121,-0.70544,51
083-1,37.96115,-0.70541,52
083-1,37.9611,-0.70537,53
083-1,37.96107,-0.70529,54
083-1,37.96106,-0.70522,55
083-1,37.96107,-0.70514,56
083-1,37.96108,-0.7051,57
083-1,37.96109,-0.70508,58
083-1,37.96107,-0.70492,59
083-1,37.96104,-0.70487,60
083-1,37.96039,-0.70547,61
083-1,37.96017,-0.70469,62
083-1,37.95992,-0.70383,63
083-1,37.95969,-0.70297,64
083-1,37.95964,-0.70275,65
083-1,37.95922,-0.70294,66
083-1,37.95907,-0.70307,67
083-1,37.95885,-0.70317,68
083-1,37.95864,-0.70326,69
083-1,37.95732,-0.7038,70
083-1,37.95732,-0.7038,71
083-1,37.95688,-0.70399,72
083-1,37.95698,-0.70445,73
083-1,37.95726,-0.70575,74
083-1,37.95734,-0.70588,75
083-1,37.95734,-0.70588,76
083-1,37.95782,-0.70658,77
083-1,37.95808,-0.70696,78
083-1,37.95851,-0.70655,79
083-1,37.95897,-0.70613,80
083-1,37.95914,-0.70606,81
083-1,37.95914,-0.70606,82
083-1,37.95994,-0.70573,83
083-1,37.96024,-0.70557,84
083-1,37.96033,-0.70552,85
083-1,37.96104,-0.70487,86
083-1,37.96107,-0.70492,87
083-1,37.96119,-0.70499,88
083-1,37.96121,-0.70499,89
083-1,37.96125,-0.70498,90
083-1,37.96129,-0.70499,91
083-1,37.96141,-0.70477,92
083-1,37.96158,-0.70455,93
083-1,37.9617,-0.70443,94
083-1,37.9626,-0.7036,95
083-1,37.962969,-0.703219,96
083-1,37.96298,-0.70324,97
083-1,37.96377,-0.7025,98
083-1,37.96383,-0.70245,99
083-1,37.9639,-0.70243,100
083-1,37.9648,-0.70158,101
083-1,37.96542,-0.701,102
083-1,37.96637,-0.70011,103
083-1,37.96701,-0.6995,104
083-1,37.96709,-0.69942,105
083-1,37.96709,-0.69942,106
083-1,37.97177,-0.69499,107
083-1,37.97175,-0.69491,108
083-1,37.97176,-0.6948,109
083-1,37.97181,-0.69473,110
083-1,37.97189,-0.6947,111
083-1,37.97193,-0.6947,112
083-1,37.97193,-0.6947,113
083-1,37.97199,-0.69475,114
083-1,37.97201,-0.69477,115
083-1,37.97209,-0.69469,116
083-1,37.97274,-0.69408,117
083-1,37.97349,-0.69337,118
083-1,37.97431,-0.69259,119
083-1,37.97652,-0.69051,120
083-1,37.97652,-0.69051,121
083-1,37.97675,-0.6903,122
083-1,37.9771,-0.68993,123
083-1,37.97723,-0.68979,124
083-1,37.97736,-0.68955,125
083-1,37.97739,-0.68937,126
083-1,37.97739,-0.68909,127
083-1,37.97706,-0.68757,128
083-1,37.97695,-0.68698,129
083-1,37.97689,-0.68669,130
084-0,37.97689,-0.68669,1
084-0,37.97682,-0.68636,2
084-0,37.97679,-0.68609,3
084-0,37.9768,-0.68587,4
084-0,37.977,-0.68521,5
084-0,37.97704,-0.68505,6
084-0,37.97762,-0.68529,7
084-0,37.97833,-0.68562,8
084-0,37.97872,-0.68582,9
084-0,37.9793,-0.68608,10
084-0,37.98057,-0.68669,11
084-0,37.98193,-0.68644,12
084-0,37.98273,-0.6863,13
084-0,37.98273,-0.6863,14
084-0,37.98317,-0.68618,15
084-0,37.98333,-0.68613,16
084-0,37.98356,-0.68612,17
084-0,37.98359,-0.68607,18
084-0,37.98364,-0.68604,19
084-0,37.98369,-0.68602,20
084-0,37.98374,-0.68602,21
084-0,37.98381,-0.68608,22
084-0,37.98386,-0.68619,23
084-0,37.98385,-0.68631,24
084-0,37.98378,-0.6864,25
084-0,37.98374,-0.68643,26
084-0,37.98371,-0.68643,27
084-0,37.98368,-0.68653,28
084-0,37.98358,-0.68691,29
084-0,37.98349,-0.68723,30
084-0,37.98341,-0.68744,31
084-0,37.98312,-0.68791,32
084-0,37.98246,-0.68887,33
084-0,37.98221,-0.68924,34
084-0,37.98211,-0.68939,35
084-0,37.98209,-0.68947,36
084-0,37.98205,-0.6896,37
084-0,37.98205,-0.68971,38
084-0,37.98208,-0.68985,39
084-0,37.98216,-0.68998,40
084-0,37.98229,-0.69014,41
084-0,37.98248,-0.69018,42
084-0,37.98248,-0.69018,43
084-0,37.98317,-0.69031,44
084-0,37.98359,-0.69042,45
084-0,37.9837,-0.69048,46
084-0,37.98394,-0.69063,47
084-0,37.98402,-0.69062,48
084-0,37.98429,-0.69076,49
084-0,37.98446,-0.69088,50
084-0,37.98496,-0.69138,51
084-0,37.98557,-0.69199,52
084-0,37.98564,-0.69201,53
084-0,37.98683,-0.69227,54
084-0,37.98715,-0.69235,55
084-0,37.98745,-0.69193,56
084-0,37.98747,-0.6919,57
084-0,37.98797,-0.69116,58
084-0,37.98853,-0.69044,59
084-0,37.98859,-0.69043,60
084-0,37.98868,-0.6904,61
084-0,37.98872,-0.69031,62
084-0,37.98878,-0.69023,63
084-0,37.98878,-0.6902,64
084-0,37.98877,-0.69014,65
084-0,37.98881,-0.69003,66
084-0,37.98889,-0.68995,67
084-0,37.98896,-0.68994,68
084-0,37.98919,-0.68819,69
084-0,37.9892,-0.68814,70
084-0,37.98917,-0.68813,71
084-0,37.98916,-0.68812,72
084-0,37.98912,-0.68809,73
084-0,37.98908,-0.688,74
084-0,37.98907,-0.6879,75
084-0,37.98912,-0.68779,76
084-0,37.98921,-0.68775,77
084-0,37.98929,-0.68776,78
084-0,37.98935,-0.68783,79
084-0,37.98938,-0.68788,80
084-0,37.9896,-0.688,81
084-0,37.9897,-0.68804,82
084-0,37.98987,-0.688,83
084-0,37.99076,-0.6883,84
084-0,37.99112,-0.68842,85
084-0,37.99112,-0.68842,86
084-0,37.9915,-0.68855,87
084-0,37.99163,-0.68863,88
084-0,37.99168,-0.6887,89
084-0,37.99177,-0.68874,90
084-0,37.9919,-0.68874,91
084-0,37.99193,-0.68874,92
084-0,37.99195,-0.68869,93
084-0,37.99199,-0.68862,94
084-0,37.99204,-0.68855,95
084-0,37.99218,-0.68849,96
084-0,37.99227,-0.68849,97
084-0,37.99239,-0.68857,98
084-0,37.99245,-0.68865,99
084-0,37.99248,-0.68873,100
084-0,37.99249,-0.68891,101
084-0,37.99246,-0.68901,102
084-0,37.99242,-0.6891,103
084-0,37.99232,-0.68918,104
084-0,37.99221,-0.68921,105
084-0,37.99212,-0.68944,106
084-0,37.992,-0.69007,107
084-0,37.99202,-0.69008,108
084-0,37.99205,-0.69012,109
084-0,37.99208,-0.69017,110
084-0,37.99207,-0.69028,111
084-0,37.99206,-0.6903,112
084-0,37.9922,-0.6904,113
084-0,37.99284,-0.69061,114
084-0,37.99427,-0.69103,115
084-0,37.99483,-0.6911,116
084-0,37.99599,-0.69121,117
084-0,37.99599,-0.69121,118
084-0,37.99661,-0.69128,119
084-0,37.99704,-0.69135,120
084-0,37.99713,-0.69138,121
084-0,37.99783,-0.69173,122
084-0,37.99822,-0.69191,123
084-0,37.99817,-0.69219,124
084-0,37.99799,-0.69316,125
084-0,37.99777,-0.69436,126
084-0,37.99763,-0.69518,127
084-0,37.99763,-0.69518,128
084-0,37.99747,-0.69601,129
084-0,37.99745,-0.69607,130
084-0,37.99685,-0.69681,131
084-0,37.99646,-0.69732,132
084-0,37.99648,-0.69735,133
084-0,37.9965,-0.69742,134
084-0,37.99651,-0.69752,135
084-0,37.99649,-0.6976,136
084-0,37.99647,-0.69763,137
084-0,37.99652,-0.69771,138
084-0,37.9968,-0.698,139
084-0,37.9968,-0.698,140
084-0,37.99741,-0.69864,141
084-0,37.99743,-0.69861,142
084-0,37.99749,-0.69857,143
084-0,37.99755,-0.69855,144
084-0,37.99762,-0.69857,145
084-0,37.99768,-0.69861,146
084-0,37.99772,-0.69867,147
084-0,37.99775,-0.69881,148
084-0,37.99773,-0.6989,149
084-0,37.9977,-0.69896,150
084-0,37.99841,-0.69969,151
084-0,37.99845,-0.69977,152
084-0,37.998481,-0.699827,153
084-0,37.9985,-0.6999,154
084-0,37.99853,-0.70009,155
084-0,37.99853,-0.70009,156
084-0,37.99863,-0.70077,157
084-0,37.99883,-0.70204,158
084-0,37.99899,-0.70251,159
084-0,37.99919,-0.70283,160
084-0,37.99935,-0.70305,161
084-0,37.99969,-0.70344,162
084-0,37.99994,-0.70365,163
084-0,38.00013,-0.70379,164
084-0,38.00038,-0.70346,165
084-0,38.00067,-0.70308,166
084-0,38.00088,-0.7028,167
084-0,38.00088,-0.7028,168
084-0,38.0017,-0.70172,169
084-0,38.00172,-0.70161,170
084-0,38.0017,-0.7013,171
084-0,38.0016,-0.70079,172
084-0,38.00156,-0.70047,173
084-0,38.00141,-0.69922,174
084-0,38.0014,-0.69907,175
084-0,38.0014,-0.69907,176
084-0,38.00107,-0.69632,177
084-0,38.00107,-0.6963,178
084-0,38.00145,-0.69623,179
084-0,38.0018,-0.69618,180
084-0,38.00252,-0.69613,181
084-0,38.00312,-0.69613,182
084-0,38.00331,-0.69616,183
084-0,38.00368,-0.69623,184
084-0,38.00426,-0.69638,185
084-0,38.00455,-0.69638,186
084-0,38.00457,-0.69638,187
084-0,38.00475,-0.69641,188
084-0,38.00503,-0.6965,189
084-0,38.00503,-0.6965,190
084-0,38.00567,-0.69672,191
084-0,38.0057,-0.69661,192
084-0,38.00621,-0.69542,193
084-0,38.00666,-0.69436,194
084-0,38.00666,-0.69436,195
084-0,38.00677,-0.69412,196
084-0,38.00688,-0.69415,197
084-0,38.00807,-0.69456,198
084-0,38.0089,-0.69484,199
084-0,38.0089,-0.69484,200
084-0,38.00947,-0.69506,201
084-0,38.00964,-0.69523,202
084-0,38.00976,-0.69543,203
084-0,38.00982,-0.69567,204
084-0,38.00986,-0.69582,205
084-0,38.00991,-0.69587,206
084-0,38.00994,-0.69598,207
084-0,38.00996,-0.69597,208
084-0,38.00999,-0.69597,209
084-0,38.01005,-0.69592,210
084-0,38.01014,-0.69579,211
084-0,38.01017,-0.69556,212
084-0,38.01016,-0.69551,213
084-0,38.01014,-0.69536,214
084-0,38.01016,-0.69525,215
084-0,38.01024,-0.69511,216
084-0,38.01027,-0.69508,217
084-0,38.01032,-0.69506,218
084-0,38.01042,-0.69505,219
084-0,38.01058,-0.69486,220
084-0,38.01064,-0.6947,221
084-0,38.01064,-0.6947,222
084-0,38.01075,-0.69439,223
084-0,38.01138,-0.69486,224
084-0,38.01273,-0.69278,225
084-0,38.01312,-0.6922,226
084-0,38.01286,-0.69202,227
084-1,38.01286,-0.69202,1
084-1,38.01146,-0.69104,2
084-1,38.01083,-0.69061,3
084-1,38.0106,-0.69153,4
084-1,38.01031,-0.69277,5
084-1,38.01024,-0.69346,6
084-1,38.01019,-0.69406,7
084-1,38.01026,-0.6941,8
084-1,38.01032,-0.69414,9
084-1,38.01032,-0.69414,10
084-1,38.0108,-0.69442,11
084-1,38.01084,-0.69446,12
084-1,38.01073,-0.69469,13
084-1,38.01062,-0.69497,14
084-1,38.01059,-0.69515,15
084-1,38.0106,-0.69517,16
084-1,38.01064,-0.69524,17
084-1,38.01066,-0.69531,18
084-1,38.01066,-0.69545,19
084-1,38.01063,-0.69555,20
084-1,38.01055,-0.69567,21
084-1,38.01043,-0.69572,22
084-1,38.01032,-0.69571,23
084-1,38.01019,-0.69579,24
084-1,38.01013,-0.69589,25
084-1,38.01008,-0.69606,26
084-1,38.01008,-0.69613,27
084-1,38.01004,-0.69623,28
084-1,38.01,-0.69626,29
084-1,38.00995,-0.69626,30
084-1,38.00987,-0.6962,31
084-1,38.00986,-0.69608,32
084-1,38.00988,-0.69603,33
084-1,38.00986,-0.69588,34
084-1,38.00982,-0.69567,35
084-1,38.00976,-0.69543,36
084-1,38.00961,-0.6952,37
084-1,38.00947,-0.69506,38
084-1,38.00936,-0.69501,39
084-1,38.00862,-0.69475,40
084-1,38.00862,-0.69475,41
084-1,38.00677,-0.69412,42
084-1,38.00664,-0.6944,43
084-1,38.00664,-0.6944,44
084-1,38.0057,-0.69661,45
084-1,38.00567,-0.69672,46
084-1,38.00528,-0.69658,47
084-1,38.00528,-0.69658,48
084-1,38.00475,-0.69641,49
084-1,38.00456,-0.69638,50
084-1,38.00426,-0.69638,51
084-1,38.00349,-0.69618,52
084-1,38.00286,-0.69612,53
084-1,38.00216,-0.69617,54
084-1,38.00157,-0.6962,55
084-1,38.00107,-0.69629,56
084-1,38.00107,-0.69631,57
084-1,38.00132,-0.69844,58
084-1,38.0014,-0.69906,59
084-1,38.0014,-0.69906,60
084-1,38.00161,-0.70091,61
084-1,38.0017,-0.7013,62
084-1,38.00172,-0.70157,63
084-1,38.00172,-0.70163,64
084-1,38.0017,-0.70172,65
084-1,38.0015,-0.70198,66
084-1,38.0011,-0.70252,67
084-1,38.00088,-0.7028,68
084-1,38.00087,-0.70282,69
084-1,38.00013,-0.70379,70
084-1,37.99971,-0.70346,71
084-1,37.99946,-0.70319,72
084-1,37.99909,-0.70269,73
084-1,37.99897,-0.70246,74
084-1,37.99885,-0.7021,75
084-1,37.99882,-0.702,76
084-1,37.99866,-0.70095,77
084-1,37.99866,-0.70095,78
084-1,37.99856,-0.70026,79
084-1,37.99849,-0.69985,80
084-1,37.99841,-0.69969,81
084-1,37.9977,-0.69897,82
084-1,37.99767,-0.69899,83
084-1,37.99762,-0.69903,84
084-1,37.99755,-0.69904,85
084-1,37.99748,-0.69903,86
084-1,37.99743,-0.69898,87
084-1,37.99739,-0.69892,88
084-1,37.99736,-0.69875,89
084-1,37.99739,-0.69867,90
084-1,37.9974,-0.69864,91
084-1,37.99668,-0.69787,92
084-1,37.99668,-0.69787,93
084-1,37.99647,-0.69764,94
084-1,37.99645,-0.69766,95
084-1,37.9964,-0.69771,96
084-1,37.99633,-0.69773,97
084-1,37.99627,-0.69772,98
084-1,37.99621,-0.69769,99
084-1,37.99616,-0.69763,100
084-1,37.99613,-0.69747,101
084-1,37.99617,-0.69733,102
084-1,37.99622,-0.69728,103
084-1,37.99628,-0.69725,104
084-1,37.99634,-0.69725,105
084-1,37.9964,-0.69727,106
084-1,37.99645,-0.69732,107
084-1,37.99744,-0.69608,108
084-1,37.99747,-0.69603,109
084-1,37.99758,-0.69549,110
084-1,37.99763,-0.69519,111
084-1,37.99763,-0.69519,112
084-1,37.99817,-0.69219,113
084-1,37.99822,-0.69191,114
084-1,37.99783,-0.69173,115
084-1,37.99721,-0.69143,116
084-1,37.99711,-0.69137,117
084-1,37.99689,-0.69132,118
084-1,37.99663,-0.69129,119
084-1,37.99651,-0.69127,120
084-1,37.99606,-0.69122,121
084-1,37.99566,-0.69118,122
084-1,37.99477,-0.69109,123
084-1,37.99428,-0.69104,124
084-1,37.99406,-0.69098,125
084-1,37.99406,-0.69098,126
084-1,37.99284,-0.69061,127
084-1,37.9922,-0.6904,128
084-1,37.99206,-0.6903,129
084-1,37.99204,-0.69032,130
084-1,37.99202,-0.69034,131
084-1,37.99198,-0.69035,132
084-1,37.99194,-0.69035,133
084-1,37.99187,-0.69028,134
084-1,37.99186,-0.69017,135
084-1,37.99192,-0.69009,136
084-1,37.992,-0.69007,137
084-1,37.99212,-0.68944,138
084-1,37.9921,-0.68933,139
084-1,37.99212,-0.68919,140
084-1,37.99203,-0.68914,141
084-1,37.99195,-0.689,142
084-1,37.9915,-0.68884,143
084-1,37.9915,-0.68884,144
084-1,37.99023,-0.68839,145
084-1,37.98954,-0.68817,146
084-1,37.98944,-0.68816,147
084-1,37.98938,-0.68818,148
084-1,37.98932,-0.68816,149
084-1,37.9893,-0.68812,150
084-1,37.98928,-0.68813,151
084-1,37.98912,-0.68931,152
084-1,37.98904,-0.68998,153
084-1,37.98906,-0.69,154
084-1,37.98908,-0.69003,155
084-1,37.9891,-0.69017,156
084-1,37.98907,-0.69028,157
084-1,37.98901,-0.69035,158
084-1,37.98893,-0.69037,159
084-1,37.98887,-0.69036,160
084-1,37.98884,-0.69033,161
084-1,37.98882,-0.6903,162
084-1,37.98869,-0.69038,163
084-1,37.98864,-0.69042,164
084-1,37.98853,-0.69044,165
084-1,37.98781,-0.69139,166
084-1,37.98751,-0.69183,167
084-1,37.98751,-0.69183,168
084-1,37.98715,-0.69235,169
084-1,37.98712,-0.69242,170
084-1,37.98691,-0.69236,171
084-1,37.98664,-0.69231,172
084-1,37.98558,-0.69207,173
084-1,37.98552,-0.69204,174
084-1,37.98447,-0.69097,175
084-1,37.98426,-0.69083,176
084-1,37.98401,-0.6907,177
084-1,37.98386,-0.69057,178
084-1,37.98366,-0.69046,179
084-1,37.98329,-0.69033,180
084-1,37.98301,-0.69028,181
084-1,37.9827,-0.69022,182
084-1,37.98268,-0.69022,183
084-1,37.98229,-0.69014,184
084-1,37.98179,-0.69004,185
084-1,37.98177,-0.6899,186
084-1,37.98179,-0.68977,187
084-1,37.98188,-0.68961,188
084-1,37.98281,-0.68826,189
084-1,37.98323,-0.68764,190
084-1,37.98336,-0.68742,191
084-1,37.98345,-0.68718,192
084-1,37.98352,-0.68695,193
084-1,37.98361,-0.68649,194
084-1,37.98361,-0.68641,195
084-1,37.98359,-0.68639,196
084-1,37.98356,-0.68634,197
084-1,37.98354,-0.68629,198
084-1,37.98354,-0.68626,199
084-1,37.98353,-0.68624,200
084-1,37.98287,-0.68636,201
084-1,37.98267,-0.68639,202
084-1,37.98255,-0.68642,203
084-1,37.98255,-0.68641,204
084-1,37.98096,-0.68671,205
084-1,37.98073,-0.68677,206
084-1,37.98065,-0.68686,207
084-1,37.98058,-0.68719,208
084-1,37.98039,-0.68713,209
084-1,37.98005,-0.68703,210
084-1,37.97995,-0.68754,211
084-1,37.97995,-0.68754,212
084-1,37.97954,-0.68957,213
084-1,37.9786,-0.68936,214
084-1,37.97846,-0.68932,215
084-1,37.97846,-0.68932,216
084-1,37.97823,-0.68925,217
084-1,37.9775,-0.6891,218
084-1,37.97739,-0.68909,219
084-1,37.97716,-0.68804,220
084-1,37.97701,-0.68732,221
084-1,37.97689,-0.68669,222
085-0,37.97689,-0.68669,1
085-0,37.97682,-0.68636,2
085-0,37.97679,-0.68609,3
085-0,37.9768,-0.68587,4
085-0,37.977,-0.68521,5
085-0,37.97704,-0.68505,6
085-0,37.97708,-0.68445,7
085-0,37.97719,-0.68282,8
085-0,37.97731,-0.68046,9
085-0,37.97735,-0.67976,10
085-0,37.97736,-0.67955,11
085-0,37.97741,-0.67829,12
085-0,37.97804,-0.67842,13
085-0,37.97849,-0.67853,14
085-0,37.97938,-0.67871,15
085-0,37.98032,-0.6789,16
085-0,37.98061,-0.67896,17
085-0,37.98061,-0.67896,18
085-0,37.9814,-0.67914,19
085-0,37.98114,-0.68093,20
085-0,37.98077,-0.68337,21
085-0,37.9807,-0.68373,22
085-0,37.9807,-0.68373,23
085-0,37.98021,-0.6863,24
085-0,37.98016,-0.6865,25
085-0,37.98057,-0.68669,26
085-0,37.98095,-0.68662,27
085-0,37.98183,-0.68646,28
085-0,37.98231,-0.68637,29
085-0,37.98273,-0.6863,30
085-0,37.98273,-0.6863,31
085-0,37.98317,-0.68618,32
085-0,37.98333,-0.68613,33
085-0,37.98356,-0.68612,34
085-0,37.98359,-0.68607,35
085-0,37.98364,-0.68604,36
085-0,37.98369,-0.68602,37
085-0,37.98374,-0.68602,38
085-0,37.98381,-0.68608,39
085-0,37.98386,-0.68619,40
085-0,37.98386,-0.68621,41
085-0,37.98397,-0.68626,42
085-0,37.98425,-0.68635,43
085-0,37.9844,-0.68637,44
085-0,37.98442,-0.68636,45
085-0,37.98445,-0.68633,46
085-0,37.98449,-0.68631,47
085-0,37.98458,-0.68632,48
085-0,37.98463,-0.68637,49
085-0,37.98465,-0.6864,50
085-0,37.98506,-0.68649,51
085-0,37.98513,-0.68654,52
085-0,37.98563,-0.6867,53
085-0,37.98631,-0.68693,54
085-0,37.98699,-0.68716,55
085-0,37.9872,-0.68724,56
085-0,37.98726,-0.68723,57
085-0,37.98738,-0.68724,58
085-0,37.98761,-0.68726,59
085-0,37.98763,-0.68723,60
085-0,37.98767,-0.68719,61
085-0,37.98774,-0.68715,62
085-0,37.98784,-0.68714,63
085-0,37.98792,-0.68717,64
085-0,37.98797,-0.68721,65
085-0,37.98805,-0.68737,66
085-0,37.98806,-0.68741,67
085-0,37.98826,-0.68755,68
085-0,37.98891,-0.68776,69
085-0,37.98905,-0.68779,70
085-0,37.98914,-0.68778,71
085-0,37.98919,-0.68776,72
085-0,37.98926,-0.68775,73
085-0,37.98933,-0.6878,74
085-0,37.98936,-0.68784,75
085-0,37.98937,-0.68786,76
085-0,37.98942,-0.6879,77
085-0,37.98966,-0.68803,78
085-0,37.9902,-0.68822,79
085-0,37.99113,-0.68851,80
085-0,37.99168,-0.6887,81
085-0,37.99183,-0.68875,82
085-0,37.99193,-0.68874,83
085-0,37.99201,-0.68858,84
085-0,37.99214,-0.68849,85
085-0,37.99221,-0.68848,86
085-0,37.99229,-0.68841,87
085-0,37.99236,-0.6883,88
085-0,37.99282,-0.68698,89
085-0,37.99313,-0.68605,90
085-0,37.99327,-0.68566,91
085-0,37.99323,-0.68563,92
085-0,37.99321,-0.6856,93
085-0,37.99319,-0.68556,94
085-0,37.99317,-0.68547,95
085-0,37.99317,-0.68538,96
085-0,37.9932,-0.68529,97
085-0,37.99278,-0.68496,98
085-0,37.99221,-0.68453,99
085-0,37.99209,-0.68448,100
085-0,37.99177,-0.68442,101
085-0,37.99166,-0.68442,102
085-0,37.99157,-0.68445,103
085-0,37.99156,-0.68448,104
085-0,37.99143,-0.68476,105
085-0,37.99209,-0.68527,106
085-0,37.99209,-0.68526,107
085-0,37.99245,-0.68556,108
085-0,37.99246,-0.68555,109
085-0,37.99249,-0.68554,110
085-0,37.99254,-0.68556,111
085-0,37.99257,-0.68561,112
085-0,37.99257,-0.68563,113
085-0,37.99263,-0.68569,114
085-0,37.99313,-0.68605,115
085-0,37.99327,-0.68566,116
085-0,37.99322,-0.68561,117
085-0,37.9932,-0.68558,118
085-0,37.99317,-0.68549,119
085-0,37.99317,-0.6854,120
085-0,37.99319,-0.68531,121
085-0,37.99325,-0.68524,122
085-0,37.99332,-0.6852,123
085-0,37.99339,-0.68519,124
085-0,37.99346,-0.68522,125
085-0,37.99352,-0.68528,126
085-0,37.99356,-0.68535,127
085-0,37.99358,-0.68544,128
085-0,37.99357,-0.68553,129
085-0,37.99356,-0.68558,130
085-0,37.99365,-0.68566,131
085-0,37.99402,-0.68595,132
085-0,37.99453,-0.68636,133
085-0,37.9946,-0.68642,134
085-0,37.9946,-0.68642,135
085-0,37.99552,-0.68713,136
085-0,37.9964,-0.68784,137
085-0,37.9975,-0.6887,138
085-0,37.99806,-0.68916,139
085-0,37.99822,-0.6893,140
085-0,37.99822,-0.6893,141
085-0,37.99917,-0.69005,142
085-0,37.99951,-0.6894,143
085-0,37.99992,-0.68857,144
085-0,38.00001,-0.68839,145
085-0,38.0001,-0.68831,146
085-0,38.00018,-0.6883,147
085-0,38.00023,-0.68832,148
085-0,38.00028,-0.68835,149
085-0,38.00033,-0.68842,150
085-0,38.00036,-0.68851,151
085-0,38.00036,-0.68861,152
085-0,38.00033,-0.68869,153
085-0,38.00028,-0.68876,154
085-0,38.00018,-0.68881,155
085-0,38.0001,-0.68881,156
085-0,38.00004,-0.68876,157
085-0,37.99997,-0.68876,158
085-0,37.99991,-0.6888,159
085-0,37.99981,-0.68896,160
085-0,37.99946,-0.68964,161
085-0,37.99927,-0.69002,162
085-0,37.99914,-0.69033,163
085-0,37.99893,-0.69072,164
085-0,37.9989,-0.69083,165
085-0,37.99891,-0.69086,166
085-0,37.99893,-0.69092,167
085-0,37.99895,-0.691,168
085-0,37.99894,-0.69111,169
085-0,37.9989,-0.69122,170
085-0,37.99884,-0.6913,171
085-0,37.99873,-0.69136,172
085-0,37.99861,-0.69135,173
085-0,37.99859,-0.69134,174
085-0,37.99854,-0.69142,175
085-0,37.99849,-0.69148,176
085-0,37.99839,-0.69159,177
085-0,37.99832,-0.69174,178
085-0,37.99822,-0.69191,179
085-0,37.99809,-0.69264,180
085-0,37.99778,-0.69432,181
085-0,37.99763,-0.69518,182
085-0,37.99763,-0.69518,183
085-0,37.99758,-0.69549,184
085-0,37.99778,-0.69549,185
085-0,37.99826,-0.69546,186
085-0,38.00022,-0.69535,187
085-0,38.00168,-0.69527,188
085-0,38.00202,-0.69526,189
085-0,38.00253,-0.69531,190
085-0,38.00253,-0.69531,191
085-0,38.00376,-0.69551,192
085-0,38.00567,-0.69613,193
085-0,38.00588,-0.6962,194
085-0,38.00601,-0.69588,195
085-0,38.00621,-0.69542,196
085-0,38.00645,-0.69485,197
085-0,38.00666,-0.69436,198
085-0,38.00666,-0.69436,199
085-0,38.00677,-0.69412,200
085-0,38.00688,-0.69415,201
085-0,38.00807,-0.69456,202
085-0,38.0089,-0.69484,203
085-0,38.0089,-0.69484,204
085-0,38.00947,-0.69506,205
085-0,38.00964,-0.69523,206
085-0,38.00976,-0.69543,207
085-0,38.00982,-0.69567,208
085-0,38.00986,-0.69582,209
085-0,38.00991,-0.69587,210
085-0,38.00994,-0.69598,211
085-0,38.00996,-0.69597,212
085-0,38.00999,-0.69597,213
085-0,38.01005,-0.69592,214
085-0,38.01014,-0.69579,215
085-0,38.01017,-0.69556,216
085-0,38.01016,-0.69551,217
085-0,38.01014,-0.69536,218
085-0,38.01016,-0.69525,219
085-0,38.01024,-0.69511,220
085-0,38.01027,-0.69508,221
085-0,38.01032,-0.69506,222
085-0,38.01042,-0.69505,223
085-0,38.01058,-0.69486,224
085-0,38.01064,-0.6947,225
085-0,38.01064,-0.6947,226
085-0,38.01075,-0.69439,227
085-0,38.01138,-0.69486,228
085-0,38.01273,-0.69278,229
085-0,38.01312,-0.6922,230
085-0,38.01286,-0.69202,231
085-0,38.01286,-0.69202,232
085-0,38.01146,-0.69104,233
085-0,38.01083,-0.69061,234
085-0,38.01121,-0.68899,235
085-0,38.0114,-0.68817,236
085-0,38.0114,-0.68817,237
085-0,38.01158,-0.68739,238
085-0,38.01159,-0.687,239
085-0,38.01157,-0.68682,240
085-0,38.01142,-0.68619,241
085-0,38.01128,-0.68589,242
085-0,38.01107,-0.68562,243
085-0,38.01091,-0.68542,244
085-0,38.01076,-0.68529,245
085-0,38.01062,-0.6852,246
085-0,38.01036,-0.68507,247
085-0,38.01056,-0.68427,248
085-0,38.01073,-0.68352,249
085-0,38.01055,-0.68276,250
085-0,38.01063,-0.68273,251
085-0,38.01063,-0.68273,252
085-0,38.01105,-0.68258,253
085-0,38.01148,-0.68255,254
085-0,38.012,-0.68251,255
085-0,38.01242,-0.68248,256
085-0,38.01246,-0.68262,257
085-0,38.01257,-0.68292,258
085-0,38.0126,-0.68296,259
085-0,38.01366,-0.68369,260
085-0,38.01387,-0.68383,261
085-0,38.01387,-0.68383,262
085-0,38.0146,-0.68433,263
085-0,38.01507,-0.68472,264
085-0,38.01593,-0.68544,265
085-0,38.01702,-0.68635,266
085-0,38.01718,-0.68647,267
085-0,38.01729,-0.68668,268
085-0,38.01729,-0.68668,269
085-0,38.01867,-0.68929,270
085-0,38.01931,-0.69051,271
085-0,38.02023,-0.6918,272
085-0,38.02023,-0.6918,273
085-0,38.02077,-0.69255,274
085-0,38.02104,-0.69291,275
085-0,38.02079,-0.69331,276
085-0,38.02097,-0.69368,277
085-0,38.0214,-0.69459,278
085-0,38.02172,-0.69525,279
085-0,38.02175,-0.69532,280
085-0,38.02191,-0.69545,281
085-0,38.02215,-0.69562,282
085-0,38.02234,-0.69572,283
085-0,38.02234,-0.69572,284
085-0,38.02325,-0.6962,285
085-0,38.02375,-0.69647,286
085-0,38.02386,-0.69655,287
085-0,38.02385,-0.69663,288
085-0,38.02374,-0.697,289
085-0,38.02317,-0.69864,290
085-0,38.02317,-0.69864,291
085-0,38.02211,-0.70166,292
085-0,38.02191,-0.70238,293
085-0,38.02192,-0.70244,294
085-0,38.02195,-0.70246,295
085-0,38.02197,-0.70249,296
085-0,38.02199,-0.70257,297
085-0,38.02196,-0.70264,298
085-0,38.0219,-0.70268,299
085-0,38.02184,-0.70265,300
085-0,38.0218,-0.70259,301
085-0,38.02151,-0.70276,302
085-1,38.02151,-0.70276,1
085-1,38.02123,-0.70299,2
085-1,38.02114,-0.70308,3
085-1,38.02062,-0.70195,4
085-1,38.02006,-0.70078,5
085-1,38.01936,-0.69928,6
085-1,38.01854,-0.69751,7
085-1,38.01854,-0.69751,8
085-1,38.01841,-0.69724,9
085-1,38.01847,-0.69713,10
085-1,38.01894,-0.69631,11
085-1,38.01946,-0.69541,12
085-1,38.02001,-0.69452,13
085-1,38.02079,-0.69331,14
085-1,38.02104,-0.69291,15
085-1,38.02077,-0.69255,16
085-1,38.02064,-0.69237,17
085-1,38.02023,-0.6918,18
085-1,38.02012,-0.69165,19
085-1,38.02012,-0.69165,20
085-1,38.01962,-0.69094,21
085-1,38.01933,-0.69053,22
085-1,38.0192,-0.69028,23
085-1,38.01887,-0.68965,24
085-1,38.01853,-0.68902,25
085-1,38.01781,-0.68767,26
085-1,38.01741,-0.68691,27
085-1,38.0174,-0.68688,28
085-1,38.01718,-0.68647,29
085-1,38.01702,-0.68635,30
085-1,38.01644,-0.68586,31
085-1,38.01538,-0.68498,32
085-1,38.0146,-0.68433,33
085-1,38.01382,-0.6838,34
085-1,38.01379,-0.68378,35
085-1,38.0126,-0.68296,36
085-1,38.01257,-0.68292,37
085-1,38.01246,-0.68262,38
085-1,38.01242,-0.68248,39
085-1,38.012,-0.68251,40
085-1,38.01148,-0.68255,41
085-1,38.01105,-0.68258,42
085-1,38.01073,-0.68269,43
085-1,38.01073,-0.68269,44
085-1,38.01055,-0.68276,45
085-1,38.01073,-0.68352,46
085-1,38.01056,-0.68427,47
085-1,38.01036,-0.68507,48
085-1,38.01062,-0.6852,49
085-1,38.01076,-0.68529,50
085-1,38.01091,-0.68542,51
085-1,38.01107,-0.68562,52
085-1,38.01128,-0.68589,53
085-1,38.01142,-0.68619,54
085-1,38.01157,-0.68682,55
085-1,38.01159,-0.687,56
085-1,38.01158,-0.68739,57
085-1,38.0114,-0.68817,58
085-1,38.0114,-0.68817,59
085-1,38.01083,-0.69061,60
085-1,38.01192,-0.69135,61
085-1,38.01271,-0.69191,62
085-1,38.01271,-0.69191,63
085-1,38.01312,-0.6922,64
085-1,38.01273,-0.69278,65
085-1,38.01258,-0.69302,66
085-1,38.01187,-0.6941,67
085-1,38.01138,-0.69486,68
085-1,38.01084,-0.69446,69
085-1,38.01063,-0.69496,70
085-1,38.01059,-0.69515,71
085-1,38.01065,-0.69527,72
085-1,38.01066,-0.69543,73
085-1,38.01064,-0.69553,74
085-1,38.01059,-0.69563,75
085-1,38.01046,-0.69571,76
085-1,38.01034,-0.69571,77
085-1,38.01023,-0.69576,78
085-1,38.01014,-0.69585,79
085-1,38.01007,-0.69606,80
085-1,38.01008,-0.69612,81
085-1,38.01007,-0.69618,82
085-1,38.01004,-0.69623,83
085-1,38.01,-0.69625,84
085-1,38.00996,-0.69626,85
085-1,38.00991,-0.69624,86
085-1,38.00986,-0.69615,87
085-1,38.00987,-0.69604,88
085-1,38.00987,-0.69592,89
085-1,38.00986,-0.69582,90
085-1,38.00976,-0.69546,91
085-1,38.00963,-0.69521,92
085-1,38.00945,-0.69505,93
085-1,38.00862,-0.69475,94
085-1,38.00862,-0.69475,95
085-1,38.00677,-0.69412,96
085-1,38.00664,-0.6944,97
085-1,38.00664,-0.6944,98
085-1,38.00621,-0.69542,99
085-1,38.00601,-0.69588,100
085-1,38.00588,-0.6962,101
085-1,38.00567,-0.69613,102
085-1,38.00376,-0.69551,103
085-1,38.00351,-0.69546,104
085-1,38.00259,-0.69531,105
085-1,38.00255,-0.69531,106
085-1,38.00209,-0.69526,107
085-1,38.00184,-0.69527,108
085-1,38.00086,-0.69531,109
085-1,37.9989,-0.69542,110
085-1,37.99758,-0.69549,111
085-1,37.99763,-0.69519,112
085-1,37.99763,-0.69519,113
085-1,37.99817,-0.69219,114
085-1,37.99822,-0.69191,115
085-1,37.99828,-0.69182,116
085-1,37.99835,-0.69168,117
085-1,37.99843,-0.69138,118
085-1,37.99848,-0.69124,119
085-1,37.99845,-0.69118,120
085-1,37.99843,-0.69107,121
085-1,37.99844,-0.69092,122
085-1,37.99849,-0.69082,123
085-1,37.99858,-0.69073,124
085-1,37.9987,-0.6907,125
085-1,37.9988,-0.69066,126
085-1,37.99888,-0.6906,127
085-1,37.99898,-0.69043,128
085-1,37.99917,-0.69005,129
085-1,37.99879,-0.68975,130
085-1,37.99819,-0.68927,131
085-1,37.99819,-0.68927,132
085-1,37.99666,-0.68805,133
085-1,37.9957,-0.68727,134
085-1,37.99468,-0.68648,135
085-1,37.99448,-0.68633,136
085-1,37.99448,-0.68632,137
085-1,37.99402,-0.68595,138
085-1,37.99365,-0.68566,139
085-1,37.99356,-0.68558,140
085-1,37.99355,-0.6856,141
085-1,37.99352,-0.68563,142
085-1,37.99349,-0.68566,143
085-1,37.99343,-0.6857,144
085-1,37.99335,-0.6857,145
085-1,37.99323,-0.68563,146
085-1,37.99321,-0.6856,147
085-1,37.99318,-0.68551,148
085-1,37.99317,-0.68542,149
085-1,37.99318,-0.68533,150
085-1,37.9932,-0.68529,151
085-1,37.99309,-0.68522,152
085-1,37.99226,-0.68456,153
085-1,37.99211,-0.68449,154
085-1,37.99177,-0.68442,155
085-1,37.99166,-0.68442,156
085-1,37.9916,-0.68444,157
085-1,37.99156,-0.68448,158
085-1,37.99143,-0.68476,159
085-1,37.99241,-0.68551,160
085-1,37.99245,-0.68556,161
085-1,37.99246,-0.68555,162
085-1,37.99247,-0.68555,163
085-1,37.9925,-0.68554,164
085-1,37.99255,-0.68557,165
085-1,37.99257,-0.68562,166
085-1,37.99257,-0.68569,167
085-1,37.99254,-0.68574,168
085-1,37.99249,-0.68576,169
085-1,37.99244,-0.68574,170
085-1,37.99241,-0.6857,171
085-1,37.99241,-0.68566,172
085-1,37.9924,-0.68565,173
085-1,37.99238,-0.68562,174
085-1,37.99214,-0.68544,175
085-1,37.99214,-0.68544,176
085-1,37.99139,-0.68486,177
085-1,37.99143,-0.68476,178
085-1,37.99156,-0.68447,179
085-1,37.99164,-0.68442,180
085-1,37.99198,-0.68445,181
085-1,37.9922,-0.68452,182
085-1,37.99238,-0.68465,183
085-1,37.99314,-0.68525,184
085-1,37.9932,-0.68529,185
085-1,37.99322,-0.68527,186
085-1,37.99325,-0.68524,187
085-1,37.99332,-0.6852,188
085-1,37.99339,-0.68519,189
085-1,37.99346,-0.68522,190
085-1,37.99352,-0.68528,191
085-1,37.99356,-0.68535,192
085-1,37.99358,-0.68544,193
085-1,37.99357,-0.68553,194
085-1,37.99352,-0.68563,195
085-1,37.99346,-0.68568,196
085-1,37.99339,-0.68571,197
085-1,37.99335,-0.6857,198
085-1,37.9932,-0.6861,199
085-1,37.99257,-0.68792,200
085-1,37.99242,-0.68835,201
085-1,37.99239,-0.68857,202
085-1,37.99245,-0.68865,203
085-1,37.99248,-0.68873,204
085-1,37.99249,-0.68891,205
085-1,37.99246,-0.68901,206
085-1,37.99242,-0.6891,207
085-1,37.99232,-0.68918,208
085-1,37.99221,-0.68921,209
085-1,37.99216,-0.68921,210
085-1,37.99212,-0.68919,211
085-1,37.99203,-0.68914,212
085-1,37.99198,-0.68907,213
085-1,37.99195,-0.689,214
085-1,37.9915,-0.68884,215
085-1,37.9915,-0.68884,216
085-1,37.99023,-0.68839,217
085-1,37.98954,-0.68817,218
085-1,37.98944,-0.68816,219
085-1,37.98938,-0.68818,220
085-1,37.98932,-0.68816,221
085-1,37.9893,-0.68812,222
085-1,37.98928,-0.68813,223
085-1,37.98924,-0.68814,224
085-1,37.9892,-0.68814,225
085-1,37.98915,-0.68811,226
085-1,37.98911,-0.68808,227
085-1,37.98907,-0.68799,228
085-1,37.98898,-0.68792,229
085-1,37.98883,-0.68784,230
085-1,37.98826,-0.68765,231
085-1,37.98814,-0.68762,232
085-1,37.98802,-0.68763,233
085-1,37.98796,-0.68771,234
085-1,37.98785,-0.68777,235
085-1,37.98776,-0.68777,236
085-1,37.9877,-0.68775,237
085-1,37.98762,-0.68767,238
085-1,37.98757,-0.68758,239
085-1,37.98756,-0.68751,240
085-1,37.98755,-0.68746,241
085-1,37.98751,-0.68743,242
085-1,37.98745,-0.68737,243
085-1,37.98738,-0.68732,244
085-1,37.98725,-0.68727,245
085-1,37.98699,-0.68716,246
085-1,37.98631,-0.68693,247
085-1,37.98563,-0.6867,248
085-1,37.98513,-0.68654,249
085-1,37.98502,-0.68653,250
085-1,37.98483,-0.68652,251
085-1,37.98476,-0.68653,252
085-1,37.98469,-0.68656,253
085-1,37.98464,-0.68661,254
085-1,37.98458,-0.68668,255
085-1,37.98449,-0.68669,256
085-1,37.98442,-0.68665,257
085-1,37.98439,-0.68661,258
085-1,37.98437,-0.68651,259
085-1,37.98433,-0.68647,260
085-1,37.984,-0.68637,261
085-1,37.98383,-0.68635,262
085-1,37.98381,-0.68637,263
085-1,37.98379,-0.68639,264
085-1,37.98375,-0.68642,265
085-1,37.9837,-0.68643,266
085-1,37.98361,-0.68641,267
085-1,37.98355,-0.68632,268
085-1,37.98354,-0.68626,269
085-1,37.98353,-0.68624,270
085-1,37.98287,-0.68636,271
085-1,37.98267,-0.68639,272
085-1,37.98255,-0.68641,273
085-1,37.98255,-0.68641,274
085-1,37.98096,-0.68671,275
085-1,37.98073,-0.68677,276
085-1,37.98065,-0.68686,277
085-1,37.98058,-0.68719,278
085-1,37.98039,-0.68713,279
085-1,37.98005,-0.68703,280
085-1,37.97995,-0.68754,281
085-1,37.97995,-0.68754,282
085-1,37.97954,-0.68957,283
085-1,37.9786,-0.68936,284
085-1,37.97846,-0.68932,285
085-1,37.97846,-0.68932,286
085-1,37.97823,-0.68925,287
085-1,37.9775,-0.6891,288
085-1,37.97739,-0.68909,289
085-1,37.97716,-0.68804,290
085-1,37.97701,-0.68732,291
085-1,37.97689,-0.68669,292
086-0,37.97689,-0.68669,1
086-0,37.97682,-0.68636,2
086-0,37.97679,-0.68609,3
086-0,37.9768,-0.68587,4
086-0,37.977,-0.68521,5
086-0,37.97704,-0.68505,6
086-0,37.97708,-0.68445,7
086-0,37.97719,-0.68282,8
086-0,37.97731,-0.68046,9
086-0,37.97735,-0.67976,10
086-0,37.97735,-0.67976,11
086-0,37.97738,-0.67907,12
086-0,37.97741,-0.67829,13
086-0,37.97773,-0.67836,14
086-0,37.97821,-0.67846,15
086-0,37.9789,-0.67862,16
086-0,37.97976,-0.67879,17
086-0,37.98032,-0.6789,18
086-0,37.98107,-0.67907,19
086-0,37.98111,-0.67908,20
086-0,37.98111,-0.67908,21
086-0,37.98267,-0.67943,22
086-0,37.98293,-0.67947,23
086-0,37.98319,-0.67947,24
086-0,37.98363,-0.67945,25
086-0,37.98385,-0.67942,26
086-0,37.98412,-0.67935,27
086-0,37.98434,-0.67927,28
086-0,37.98455,-0.67918,29
086-0,37.98472,-0.67909,30
086-0,37.98513,-0.67884,31
086-0,37.98523,-0.67881,32
086-0,37.98539,-0.67877,33
086-0,37.98617,-0.6783,34
086-0,37.98617,-0.6783,35
086-0,37.98673,-0.67798,36
086-0,37.98679,-0.67786,37
086-0,37.98696,-0.67772,38
086-0,37.9872,-0.67755,39
086-0,37.988,-0.6771,40
086-0,37.98952,-0.67622,41
086-0,37.98964,-0.67615,42
086-0,37.98964,-0.67615,43
086-0,37.99036,-0.67576,44
086-0,37.99072,-0.67554,45
086-0,37.99085,-0.67549,46
086-0,37.99093,-0.67548,47
086-0,37.99099,-0.6755,48
086-0,37.9911,-0.67544,49
086-0,37.99119,-0.67534,50
086-0,37.9912,-0.6753,51
086-0,37.99122,-0.67526,52
086-0,37.99126,-0.67521,53
086-0,37.99134,-0.67519,54
086-0,37.9914,-0.6752,55
086-0,37.99143,-0.67523,56
086-0,37.99144,-0.67524,57
086-0,37.99222,-0.67479,58
086-0,37.99335,-0.67415,59
086-0,37.99363,-0.67397,60
086-0,37.99372,-0.6739,61
086-0,37.99371,-0.67387,62
086-0,37.99371,-0.67382,63
086-0,37.99373,-0.67376,64
086-0,37.99377,-0.6737,65
086-0,37.99384,-0.67366,66
086-0,37.99388,-0.67367,67
086-0,37.99397,-0.6736,68
086-0,37.99457,-0.67329,69
086-0,37.99488,-0.67311,70
086-0,37.99488,-0.67311,71
086-0,37.99544,-0.67279,72
086-0,37.99553,-0.67283,73
086-0,37.9956,-0.67285,74
086-0,37.9957,-0.67278,75
086-0,37.99634,-0.67241,76
086-0,37.99635,-0.67229,77
086-0,37.9964,-0.67219,78
086-0,37.99646,-0.67214,79
086-0,37.99656,-0.67214,80
086-0,37.99663,-0.67219,81
086-0,37.99667,-0.67226,82
086-0,37.99668,-0.67235,83
086-0,37.99666,-0.67247,84
086-0,37.99663,-0.67252,85
086-0,37.99659,-0.67579,86
086-0,37.99659,-0.67579,87
086-0,37.9966,-0.67608,88
086-0,37.99661,-0.67609,89
086-0,37.99663,-0.67612,90
086-0,37.99666,-0.67619,91
086-0,37.99666,-0.67626,92
086-0,37.99662,-0.67634,93
086-0,37.9966,-0.67636,94
086-0,37.99658,-0.67637,95
086-0,37.99658,-0.67705,96
086-0,37.99659,-0.67735,97
086-0,37.99656,-0.6788,98
086-0,37.99658,-0.67926,99
086-0,37.99662,-0.67931,100
086-0,37.99665,-0.67937,101
086-0,37.99665,-0.67944,102
086-0,37.99663,-0.6795,103
086-0,37.99659,-0.67955,104
086-0,37.99653,-0.67957,105
086-0,37.99651,-0.67957,106
086-0,37.99644,-0.67974,107
086-0,37.99641,-0.68019,108
086-0,37.99644,-0.6805,109
086-0,37.99651,-0.6809,110
086-0,37.99653,-0.68114,111
086-0,37.99652,-0.68149,112
086-0,37.9965,-0.68193,113
086-0,37.99651,-0.68194,114
086-0,37.99654,-0.68196,115
086-0,37.99656,-0.68199,116
086-0,37.99658,-0.68206,117
086-0,37.99657,-0.68214,118
086-0,37.99654,-0.68221,119
086-0,37.99648,-0.68225,120
086-0,37.99643,-0.68225,121
086-0,37.99637,-0.68222,122
086-0,37.99633,-0.68215,123
086-0,37.99632,-0.68208,124
086-0,37.99633,-0.682,125
086-0,37.99638,-0.68194,126
086-0,37.99641,-0.68192,127
086-0,37.99642,-0.68192,128
086-0,37.99645,-0.68183,129
086-0,37.99647,-0.68154,130
086-0,37.99646,-0.68105,131
086-0,37.99637,-0.68043,132
086-0,37.99636,-0.6801,133
086-0,37.99636,-0.6801,134
086-0,37.99639,-0.67975,135
086-0,37.99643,-0.67951,136
086-0,37.9964,-0.67945,137
086-0,37.9964,-0.67938,138
086-0,37.99642,-0.67932,139
086-0,37.99646,-0.67927,140
086-0,37.99648,-0.67926,141
086-0,37.99647,-0.6788,142
086-0,37.99647,-0.67788,143
086-0,37.99649,-0.67704,144
086-0,37.99649,-0.67656,145
086-0,37.99648,-0.67637,146
086-0,37.99646,-0.67635,147
086-0,37.99644,-0.67632,148
086-0,37.99642,-0.67626,149
086-0,37.99641,-0.67619,150
086-0,37.99644,-0.67612,151
086-0,37.99648,-0.67608,152
086-0,37.99656,-0.67607,153
086-0,37.99662,-0.6761,154
086-0,37.99665,-0.67616,155
086-0,37.99785,-0.67617,156
086-0,37.99803,-0.67615,157
086-0,37.99807,-0.67611,158
086-0,37.99808,-0.67608,159
086-0,37.99811,-0.67603,160
086-0,37.99816,-0.676,161
086-0,37.99821,-0.676,162
086-0,37.99826,-0.67603,163
086-0,37.99829,-0.67608,164
086-0,37.9983,-0.67614,165
086-0,37.9983,-0.67617,166
086-0,37.99859,-0.67659,167
086-0,37.99889,-0.67704,168
086-0,37.99906,-0.67733,169
086-0,37.99928,-0.67776,170
086-0,37.99929,-0.67776,171
086-0,37.9994,-0.67761,172
086-0,37.99944,-0.67759,173
086-0,37.99965,-0.67735,174
086-0,37.99967,-0.67732,175
086-0,38.0016,-0.67495,176
086-0,38.00232,-0.67406,177
086-0,38.00242,-0.67393,178
086-0,38.00242,-0.67393,179
086-0,38.00318,-0.67301,180
086-0,38.00536,-0.67031,181
086-0,38.00548,-0.67015,182
086-0,38.00548,-0.67013,183
086-0,38.00547,-0.6701,184
086-0,38.00546,-0.67004,185
086-0,38.00548,-0.66998,186
086-0,38.00551,-0.66994,187
086-0,38.00557,-0.66991,188
086-0,38.00562,-0.66992,189
086-0,38.00566,-0.66995,190
086-0,38.0057,-0.67006,191
086-0,38.00569,-0.67012,192
086-0,38.00567,-0.67015,193
086-0,38.00566,-0.67017,194
086-0,38.00578,-0.6703,195
086-0,38.00636,-0.67098,196
086-0,38.00677,-0.67149,197
086-0,38.00695,-0.67169,198
086-0,38.00695,-0.67168,199
086-0,38.00698,-0.67166,200
086-0,38.00703,-0.67165,201
086-0,38.00708,-0.67166,202
086-0,38.00712,-0.67169,203
086-0,38.00715,-0.67175,204
086-0,38.00714,-0.67187,205
086-0,38.0071,-0.67192,206
086-0,38.00706,-0.67195,207
086-0,38.00701,-0.67195,208
086-0,38.00696,-0.67192,209
086-0,38.00676,-0.67212,210
086-0,38.00626,-0.67278,211
086-0,38.00626,-0.67278,212
086-0,38.00599,-0.67312,213
086-0,38.006,-0.67314,214
086-0,38.00603,-0.67319,215
086-0,38.00603,-0.67328,216
086-0,38.00598,-0.67335,217
086-0,38.00594,-0.67337,218
086-0,38.00586,-0.67335,219
086-0,38.00581,-0.67326,220
086-0,38.00583,-0.67316,221
086-0,38.00586,-0.67312,222
086-0,38.00591,-0.6731,223
086-0,38.00595,-0.6731,224
086-0,38.00597,-0.67311,225
086-0,38.00598,-0.67312,226
086-0,38.00618,-0.67288,227
086-0,38.00678,-0.67209,228
086-0,38.00695,-0.67191,229
086-0,38.00694,-0.6719,230
086-0,38.00693,-0.67187,231
086-0,38.00692,-0.67184,232
086-0,38.00691,-0.67178,233
086-0,38.00693,-0.67172,234
086-0,38.00695,-0.67169,235
086-0,38.00674,-0.67145,236
086-0,38.00578,-0.67029,237
086-0,38.00566,-0.67017,238
086-0,38.00565,-0.67018,239
086-0,38.00563,-0.6702,240
086-0,38.00558,-0.67021,241
086-0,38.00553,-0.6702,242
086-0,38.00549,-0.67015,243
086-0,38.00546,-0.67003,244
086-0,38.00552,-0.66993,245
086-0,38.00557,-0.66991,246
086-0,38.00562,-0.66992,247
086-0,38.00566,-0.66995,248
086-0,38.00633,-0.66918,249
086-0,38.00633,-0.66917,250
086-0,38.00632,-0.66912,251
086-0,38.00632,-0.66908,252
086-0,38.00635,-0.66901,253
086-0,38.00637,-0.669,254
086-0,38.00615,-0.66837,255
086-0,38.0059,-0.6677,256
086-0,38.0059,-0.66758,257
086-0,38.00588,-0.66738,258
086-0,38.00587,-0.66737,259
086-0,38.00585,-0.66733,260
086-0,38.00583,-0.66724,261
086-0,38.00585,-0.66715,262
086-0,38.00589,-0.66709,263
086-0,38.00594,-0.66695,264
086-0,38.00597,-0.66687,265
086-0,38.00596,-0.6666,266
086-0,38.00596,-0.6666,267
086-0,38.00592,-0.66541,268
086-0,38.00588,-0.66451,269
086-0,38.00589,-0.66442,270
086-0,38.00595,-0.6642,271
086-0,38.006,-0.66408,272
086-0,38.00609,-0.66395,273
086-0,38.00631,-0.66378,274
086-0,38.00715,-0.6633,275
086-0,38.00779,-0.66291,276
086-0,38.00793,-0.66278,277
086-0,38.00819,-0.6624,278
086-0,38.00819,-0.6624,279
086-0,38.00855,-0.66192,280
086-0,38.00884,-0.66152,281
086-0,38.00903,-0.66126,282
086-0,38.0091,-0.66113,283
086-0,38.00916,-0.66097,284
086-0,38.00926,-0.66064,285
086-0,38.00934,-0.66033,286
086-0,38.0094,-0.65987,287
086-0,38.0095,-0.65895,288
086-0,38.0095,-0.65895,289
086-0,38.00972,-0.65727,290
086-0,38.00989,-0.65735,291
086-0,38.00998,-0.65743,292
086-0,38.01017,-0.65762,293
086-0,38.01179,-0.65938,294
086-0,38.01242,-0.66007,295
086-0,38.01242,-0.66007,296
086-0,38.01256,-0.66022,297
086-0,38.01273,-0.66041,298
086-0,38.01281,-0.66031,299
086-0,38.0136,-0.66117,300
086-0,38.01363,-0.66119,301
086-0,38.0137,-0.66121,302
086-0,38.01519,-0.66055,303
086-0,38.01696,-0.65979,304
086-0,38.01741,-0.65958,305
086-0,38.01829,-0.6592,306
086-0,38.01837,-0.65914,307
086-0,38.01838,-0.65897,308
086-0,38.01836,-0.65867,309
086-1,38.01836,-0.65867,1
086-1,38.01836,-0.65825,2
086-1,38.01836,-0.65752,3
086-1,38.01835,-0.65728,4
086-1,38.01812,-0.65728,5
086-1,38.01812,-0.65728,6
086-1,38.017319,-0.657263,7
086-1,38.017307,-0.655811,8
086-1,38.01642,-0.65581,9
086-1,38.01624,-0.65582,10
086-1,38.01612,-0.65586,11
086-1,38.0154,-0.65677,12
086-1,38.01407,-0.65858,13
086-1,38.01354,-0.65929,14
086-1,38.01281,-0.66031,15
086-1,38.01273,-0.66041,16
086-1,38.01256,-0.66022,17
086-1,38.01244,-0.66008,18
086-1,38.01244,-0.66008,19
086-1,38.01032,-0.65778,20
086-1,38.01003,-0.65748,21
086-1,38.00992,-0.65737,22
086-1,38.00964,-0.65723,23
086-1,38.00937,-0.65713,24
086-1,38.00912,-0.65713,25
086-1,38.00908,-0.65714,26
086-1,38.00882,-0.6572,27
086-1,38.00806,-0.65746,28
086-1,38.00792,-0.6575,29
086-1,38.00789,-0.65753,30
086-1,38.00772,-0.65759,31
086-1,38.00737,-0.65771,32
086-1,38.00725,-0.65776,33
086-1,38.00718,-0.6578,34
086-1,38.00661,-0.658,35
086-1,38.00616,-0.65811,36
086-1,38.00527,-0.65839,37
086-1,38.00511,-0.65845,38
086-1,38.00368,-0.65907,39
086-1,38.00368,-0.65907,40
086-1,38.0021,-0.65978,41
086-1,38.00171,-0.65995,42
086-1,38.00159,-0.66,43
086-1,38.00158,-0.6602,44
086-1,38.00156,-0.66183,45
086-1,38.00157,-0.66191,46
086-1,38.00179,-0.66248,47
086-1,38.00189,-0.66277,48
086-1,38.00189,-0.66277,49
086-1,38.00235,-0.66401,50
086-1,38.00264,-0.66479,51
086-1,38.00328,-0.66435,52
086-1,38.00328,-0.66435,53
086-1,38.00349,-0.66422,54
086-1,38.00371,-0.66411,55
086-1,38.00389,-0.66405,56
086-1,38.00405,-0.66405,57
086-1,38.00415,-0.66406,58
086-1,38.0045,-0.66414,59
086-1,38.00515,-0.66438,60
086-1,38.00554,-0.66453,61
086-1,38.00588,-0.66465,62
086-1,38.00592,-0.66541,63
086-1,38.00594,-0.66591,64
086-1,38.00594,-0.66591,65
086-1,38.00597,-0.66687,66
086-1,38.00605,-0.66709,67
086-1,38.00609,-0.66713,68
086-1,38.00612,-0.66722,69
086-1,38.00611,-0.66731,70
086-1,38.00607,-0.66739,71
086-1,38.00599,-0.66743,72
086-1,38.0059,-0.66758,73
086-1,38.0059,-0.6677,74
086-1,38.00637,-0.669,75
086-1,38.00638,-0.66899,76
086-1,38.00642,-0.66898,77
086-1,38.00648,-0.66902,78
086-1,38.00651,-0.6691,79
086-1,38.00649,-0.66918,80
086-1,38.00644,-0.66923,81
086-1,38.00637,-0.66922,82
086-1,38.00634,-0.6692,83
086-1,38.006,-0.66958,84
086-1,38.00567,-0.66997,85
086-1,38.00568,-0.66998,86
086-1,38.00569,-0.67001,87
086-1,38.0057,-0.67004,88
086-1,38.00569,-0.6701,89
086-1,38.00567,-0.67016,90
086-1,38.00648,-0.67113,91
086-1,38.00681,-0.67154,92
086-1,38.00695,-0.67169,93
086-1,38.00696,-0.67168,94
086-1,38.00698,-0.67166,95
086-1,38.00701,-0.67165,96
086-1,38.00706,-0.67165,97
086-1,38.0071,-0.67168,98
086-1,38.00715,-0.67179,99
086-1,38.00712,-0.67191,100
086-1,38.00708,-0.67194,101
086-1,38.00703,-0.67195,102
086-1,38.00698,-0.67193,103
086-1,38.00696,-0.67192,104
086-1,38.00678,-0.67209,105
086-1,38.0065,-0.67247,106
086-1,38.00626,-0.67278,107
086-1,38.00626,-0.67278,108
086-1,38.00678,-0.67209,109
086-1,38.00695,-0.67191,110
086-1,38.00694,-0.6719,111
086-1,38.00693,-0.67187,112
086-1,38.00692,-0.67184,113
086-1,38.00691,-0.67178,114
086-1,38.00693,-0.67172,115
086-1,38.00695,-0.67169,116
086-1,38.00674,-0.67145,117
086-1,38.00578,-0.67029,118
086-1,38.00566,-0.67017,119
086-1,38.00565,-0.67018,120
086-1,38.00563,-0.6702,121
086-1,38.00558,-0.67021,122
086-1,38.00553,-0.6702,123
086-1,38.00549,-0.67015,124
086-1,38.00356,-0.67255,125
086-1,38.00254,-0.67379,126
086-1,38.00243,-0.67392,127
086-1,38.00243,-0.67392,128
086-1,38.00066,-0.67609,129
086-1,37.99962,-0.67738,130
086-1,37.99962,-0.67738,131
086-1,37.99944,-0.67759,132
086-1,37.99943,-0.67764,133
086-1,37.99937,-0.6778,134
086-1,37.99939,-0.67783,135
086-1,37.99939,-0.67792,136
086-1,37.99935,-0.67799,137
086-1,37.99927,-0.67801,138
086-1,37.9992,-0.67795,139
086-1,37.99919,-0.6779,140
086-1,37.99918,-0.67787,141
086-1,37.99906,-0.67749,142
086-1,37.99898,-0.67721,143
086-1,37.99872,-0.67677,144
086-1,37.99844,-0.67639,145
086-1,37.99834,-0.67631,146
086-1,37.99826,-0.67626,147
086-1,37.99824,-0.67628,148
086-1,37.99822,-0.67629,149
086-1,37.99819,-0.67629,150
086-1,37.99815,-0.67628,151
086-1,37.99813,-0.67627,152
086-1,37.99768,-0.67628,153
086-1,37.99666,-0.67627,154
086-1,37.99663,-0.67632,155
086-1,37.99659,-0.67636,156
086-1,37.99658,-0.6772,157
086-1,37.99656,-0.67846,158
086-1,37.99657,-0.67923,159
086-1,37.99659,-0.67927,160
086-1,37.99661,-0.67929,161
086-1,37.99664,-0.67934,162
086-1,37.99665,-0.67941,163
086-1,37.99664,-0.67948,164
086-1,37.99661,-0.67953,165
086-1,37.99656,-0.67956,166
086-1,37.9965,-0.67957,167
086-1,37.99646,-0.67968,168
086-1,37.99642,-0.6799,169
086-1,37.99642,-0.68034,170
086-1,37.99645,-0.68057,171
086-1,37.99652,-0.68103,172
086-1,37.99653,-0.68132,173
086-1,37.9965,-0.68182,174
086-1,37.99651,-0.68193,175
086-1,37.99652,-0.68194,176
086-1,37.99655,-0.68197,177
086-1,37.99658,-0.68203,178
086-1,37.99658,-0.68211,179
086-1,37.99656,-0.68218,180
086-1,37.99651,-0.68224,181
086-1,37.99645,-0.68225,182
086-1,37.99639,-0.68224,183
086-1,37.99634,-0.68219,184
086-1,37.99632,-0.6821,185
086-1,37.99632,-0.68203,186
086-1,37.99636,-0.68196,187
086-1,37.99641,-0.68192,188
086-1,37.99643,-0.68192,189
086-1,37.99645,-0.68175,190
086-1,37.99648,-0.68127,191
086-1,37.99644,-0.68084,192
086-1,37.99639,-0.68063,193
086-1,37.99636,-0.68023,194
086-1,37.99636,-0.6801,195
086-1,37.99636,-0.6801,196
086-1,37.99639,-0.67975,197
086-1,37.99643,-0.67951,198
086-1,37.9964,-0.67945,199
086-1,37.9964,-0.67938,200
086-1,37.99642,-0.67932,201
086-1,37.99646,-0.67927,202
086-1,37.99648,-0.67926,203
086-1,37.99647,-0.6788,204
086-1,37.99647,-0.67788,205
086-1,37.99649,-0.67704,206
086-1,37.99649,-0.67656,207
086-1,37.99648,-0.67637,208
086-1,37.99646,-0.67635,209
086-1,37.99644,-0.67632,210
086-1,37.99642,-0.67626,211
086-1,37.99641,-0.67619,212
086-1,37.99644,-0.67612,213
086-1,37.99648,-0.67608,214
086-1,37.9965,-0.67607,215
086-1,37.99651,-0.67531,216
086-1,37.99651,-0.67531,217
086-1,37.99652,-0.6736,218
086-1,37.99654,-0.67257,219
086-1,37.99651,-0.67257,220
086-1,37.99646,-0.67256,221
086-1,37.99644,-0.67255,222
086-1,37.99636,-0.67262,223
086-1,37.99622,-0.67269,224
086-1,37.99606,-0.67278,225
086-1,37.99592,-0.67286,226
086-1,37.99592,-0.67286,227
086-1,37.99504,-0.67337,228
086-1,37.99443,-0.67376,229
086-1,37.99405,-0.674,230
086-1,37.9939,-0.6741,231
086-1,37.99364,-0.67423,232
086-1,37.99285,-0.67466,233
086-1,37.99218,-0.67506,234
086-1,37.99172,-0.67534,235
086-1,37.99169,-0.67532,236
086-1,37.99166,-0.67521,237
086-1,37.99159,-0.67525,238
086-1,37.99148,-0.67536,239
086-1,37.99147,-0.67539,240
086-1,37.99145,-0.67547,241
086-1,37.99141,-0.67551,242
086-1,37.99135,-0.67554,243
086-1,37.99129,-0.67553,244
086-1,37.99125,-0.67551,245
086-1,37.99108,-0.67554,246
086-1,37.99101,-0.67567,247
086-1,37.99089,-0.67579,248
086-1,37.99071,-0.67589,249
086-1,37.99071,-0.67589,250
086-1,37.98797,-0.67745,251
086-1,37.98618,-0.67849,252
086-1,37.98618,-0.67849,253
086-1,37.98537,-0.67894,254
086-1,37.98516,-0.67908,255
086-1,37.98512,-0.67929,256
086-1,37.98497,-0.68004,257
086-1,37.98483,-0.68071,258
086-1,37.98434,-0.68318,259
086-1,37.98434,-0.68318,260
086-1,37.98379,-0.68605,261
086-1,37.98385,-0.68614,262
086-1,37.98386,-0.68627,263
086-1,37.98381,-0.68637,264
086-1,37.98373,-0.68643,265
086-1,37.98363,-0.68642,266
086-1,37.98356,-0.68634,267
086-1,37.98354,-0.68629,268
086-1,37.98354,-0.68626,269
086-1,37.98353,-0.68624,270
086-1,37.98287,-0.68636,271
086-1,37.98267,-0.68639,272
086-1,37.98255,-0.68641,273
086-1,37.98255,-0.68641,274
086-1,37.98096,-0.68671,275
086-1,37.98073,-0.68677,276
086-1,37.98065,-0.68686,277
086-1,37.98058,-0.68719,278
086-1,37.98039,-0.68713,279
086-1,37.98005,-0.68703,280
086-1,37.97995,-0.68754,281
086-1,37.97995,-0.68754,282
086-1,37.97954,-0.68957,283
086-1,37.9786,-0.68936,284
086-1,37.97846,-0.68932,285
086-1,37.97846,-0.68932,286
086-1,37.97823,-0.68925,287
086-1,37.9775,-0.6891,288
086-1,37.97739,-0.68909,289
086-1,37.97716,-0.68804,290
086-1,37.97701,-0.68732,291
086-1,37.97689,-0.68669,292
087-0,37.97689,-0.68669,1
087-0,37.97682,-0.68636,2
087-0,37.97679,-0.68609,3
087-0,37.9768,-0.68587,4
087-0,37.977,-0.68521,5
087-0,37.97704,-0.68505,6
087-0,37.97708,-0.68445,7
087-0,37.97719,-0.68282,8
087-0,37.97731,-0.68046,9
087-0,37.97735,-0.67976,10
087-0,37.97735,-0.67976,11
087-0,37.97738,-0.67907,12
087-0,37.97741,-0.67829,13
087-0,37.97773,-0.67836,14
087-0,37.97821,-0.67846,15
087-0,37.9789,-0.67862,16
087-0,37.97976,-0.67879,17
087-0,37.98032,-0.6789,18
087-0,37.98107,-0.67907,19
087-0,37.98111,-0.67908,20
087-0,37.98111,-0.67908,21
087-0,37.98224,-0.67933,22
087-0,37.98267,-0.67943,23
087-0,37.98293,-0.67947,24
087-0,37.98319,-0.67947,25
087-0,37.98363,-0.67945,26
087-0,37.98385,-0.67942,27
087-0,37.98412,-0.67935,28
087-0,37.98423,-0.67931,29
087-0,37.98419,-0.67913,30
087-0,37.98401,-0.67824,31
087-0,37.98399,-0.67814,32
087-0,37.98399,-0.67814,33
087-0,37.98368,-0.67674,34
087-0,37.98367,-0.6767,35
087-0,37.98349,-0.67674,36
087-0,37.98355,-0.67618,37
087-0,37.98372,-0.67449,38
087-0,37.98378,-0.67355,39
087-0,37.98383,-0.67286,40
087-0,37.98383,-0.67286,41
087-0,37.9839,-0.67211,42
087-0,37.98393,-0.67162,43
087-0,37.98394,-0.67061,44
087-0,37.98392,-0.66957,45
087-0,37.98391,-0.66937,46
087-0,37.98394,-0.66892,47
087-0,37.98394,-0.66891,48
087-0,37.98393,-0.6689,49
087-0,37.98393,-0.66888,50
087-0,37.98394,-0.66887,51
087-0,37.9841,-0.66722,52
087-0,37.9841,-0.66722,53
087-0,37.98413,-0.6669,54
087-0,37.98458,-0.66602,55
087-0,37.98519,-0.66534,56
087-0,37.98542,-0.66512,57
087-0,37.98591,-0.66459,58
087-0,37.98604,-0.6645,59
087-0,37.98629,-0.66436,60
087-0,37.98679,-0.66415,61
087-0,37.98713,-0.66402,62
087-0,37.98753,-0.66387,63
087-0,37.98765,-0.66389,64
087-0,37.98778,-0.66385,65
087-0,37.98883,-0.66371,66
087-0,37.98883,-0.66371,67
087-0,37.98919,-0.66368,68
087-0,37.98933,-0.6637,69
087-0,37.98999,-0.66365,70
087-0,37.99059,-0.66359,71
087-0,37.9911,-0.66348,72
087-0,37.99252,-0.66312,73
087-0,37.99419,-0.66263,74
087-0,37.99419,-0.66263,75
087-0,37.99657,-0.6619,76
087-0,37.99657,-0.6619,77
087-0,37.99709,-0.66173,78
087-0,37.99834,-0.66125,79
087-0,37.99888,-0.66105,80
087-0,37.99888,-0.66105,81
087-0,38.00038,-0.66047,82
087-0,38.00164,-0.65998,83
087-0,38.00378,-0.65902,84
087-0,38.00378,-0.65902,85
087-0,38.00527,-0.65839,86
087-0,38.00639,-0.65804,87
087-0,38.0065,-0.65802,88
087-0,38.00656,-0.65788,89
087-0,38.00663,-0.65769,90
087-0,38.00675,-0.65766,91
087-0,38.00679,-0.65768,92
087-0,38.00692,-0.65771,93
087-0,38.00705,-0.65772,94
087-0,38.00726,-0.65768,95
087-0,38.00785,-0.65749,96
087-0,38.00792,-0.6575,97
087-0,38.00842,-0.65734,98
087-0,38.00899,-0.65716,99
087-0,38.00919,-0.65712,100
087-0,38.00925,-0.65712,101
087-0,38.00942,-0.65714,102
087-0,38.00957,-0.6572,103
087-0,38.00977,-0.65729,104
087-0,38.00989,-0.65735,105
087-0,38.01001,-0.65745,106
087-0,38.01108,-0.6586,107
087-0,38.01242,-0.66007,108
087-0,38.01242,-0.66007,109
087-0,38.01256,-0.66022,110
087-0,38.01273,-0.66041,111
087-0,38.01281,-0.66031,112
087-0,38.0136,-0.66117,113
087-0,38.01363,-0.66119,114
087-0,38.0137,-0.66121,115
087-0,38.01519,-0.66055,116
087-0,38.01696,-0.65979,117
087-0,38.01741,-0.65958,118
087-0,38.01829,-0.6592,119
087-0,38.01837,-0.65914,120
087-0,38.01838,-0.65897,121
087-0,38.01836,-0.65867,122
087-0,38.01836,-0.65867,123
087-0,38.01836,-0.65825,124
087-0,38.01836,-0.65585,125
087-0,38.01838,-0.65419,126
087-0,38.02042,-0.65421,127
087-0,38.0207,-0.65422,128
087-0,38.0207,-0.65422,129
087-0,38.02255,-0.65424,130
087-0,38.02383,-0.65426,131
087-0,38.024,-0.65426,132
087-0,38.02487,-0.65423,133
087-0,38.02488,-0.65496,134
087-0,38.02488,-0.65496,135
087-0,38.02491,-0.65597,136
087-0,38.02494,-0.6561,137
087-0,38.02498,-0.65622,138
087-0,38.02503,-0.65631,139
087-0,38.0251,-0.65634,140
087-0,38.02513,-0.65636,141
087-0,38.02514,-0.65638,142
087-0,38.02542,-0.65632,143
087-0,38.02584,-0.65617,144
087-0,38.02608,-0.65609,145
087-0,38.02645,-0.65601,146
087-0,38.02676,-0.65599,147
087-0,38.02694,-0.65601,148
087-0,38.02735,-0.65609,149
087-0,38.02765,-0.65618,150
087-0,38.02775,-0.65615,151
087-0,38.02788,-0.65616,152
087-0,38.02792,-0.65614,153
087-0,38.02795,-0.65605,154
087-0,38.02795,-0.65587,155
087-0,38.02789,-0.65525,156
087-0,38.02789,-0.65525,157
087-0,38.02777,-0.65403,158
087-0,38.02725,-0.6541,159
087-0,38.02701,-0.65411,160
087-1,38.02701,-0.65411,1
087-1,38.02649,-0.6541,2
087-1,38.02487,-0.65423,3
087-1,38.024,-0.65426,4
087-1,38.02383,-0.65426,5
087-1,38.02358,-0.65427,6
087-1,38.02358,-0.65474,7
087-1,38.02358,-0.65474,8
087-1,38.02357,-0.65507,9
087-1,38.02255,-0.65506,10
087-1,38.02051,-0.65502,11
087-1,38.02051,-0.65523,12
087-1,38.02051,-0.65523,13
087-1,38.02047,-0.65724,14
087-1,38.02047,-0.65731,15
087-1,38.02041,-0.6573,16
087-1,38.01835,-0.65728,17
087-1,38.01812,-0.65728,18
087-1,38.01812,-0.65728,19
087-1,38.01733,-0.65726,20
087-1,38.01733,-0.65605,21
087-1,38.01733,-0.65581,22
087-1,38.01721,-0.65582,23
087-1,38.01675,-0.65581,24
087-1,38.01675,-0.65581,25
087-1,38.01628,-0.65581,26
087-1,38.01615,-0.65584,27
087-1,38.0161,-0.65588,28
087-1,38.01579,-0.65627,29
087-1,38.01481,-0.65756,30
087-1,38.01366,-0.65912,31
087-1,38.01311,-0.65986,32
087-1,38.01273,-0.66041,33
087-1,38.01244,-0.66008,34
087-1,38.01244,-0.66008,35
087-1,38.01032,-0.65778,36
087-1,38.01003,-0.65748,37
087-1,38.00992,-0.65737,38
087-1,38.00964,-0.65723,39
087-1,38.00937,-0.65713,40
087-1,38.00912,-0.65713,41
087-1,38.00908,-0.65714,42
087-1,38.00882,-0.6572,43
087-1,38.00806,-0.65746,44
087-1,38.00792,-0.6575,45
087-1,38.00789,-0.65753,46
087-1,38.00772,-0.65759,47
087-1,38.00737,-0.65771,48
087-1,38.00725,-0.65776,49
087-1,38.00718,-0.6578,50
087-1,38.00661,-0.658,51
087-1,38.00616,-0.65811,52
087-1,38.00527,-0.65839,53
087-1,38.00511,-0.65845,54
087-1,38.00368,-0.65907,55
087-1,38.00368,-0.65907,56
087-1,38.0021,-0.65978,57
087-1,38.00133,-0.66011,58
087-1,37.99885,-0.66105,59
087-1,37.99885,-0.66105,60
087-1,37.99687,-0.66181,61
087-1,37.99645,-0.66194,62
087-1,37.99642,-0.66195,63
087-1,37.99419,-0.66263,64
087-1,37.99419,-0.66263,65
087-1,37.993,-0.66298,66
087-1,37.99214,-0.66321,67
087-1,37.99072,-0.66357,68
087-1,37.9897,-0.66367,69
087-1,37.98933,-0.6637,70
087-1,37.98919,-0.66368,71
087-1,37.98893,-0.6637,72
087-1,37.98893,-0.6637,73
087-1,37.98837,-0.66376,74
087-1,37.98771,-0.66387,75
087-1,37.98765,-0.66389,76
087-1,37.98756,-0.66396,77
087-1,37.98689,-0.66422,78
087-1,37.98672,-0.66429,79
087-1,37.98631,-0.66446,80
087-1,37.98613,-0.66456,81
087-1,37.98596,-0.66468,82
087-1,37.98547,-0.66522,83
087-1,37.98465,-0.66609,84
087-1,37.98421,-0.66694,85
087-1,37.98417,-0.66733,86
087-1,37.98417,-0.66733,87
087-1,37.98402,-0.6689,88
087-1,37.98402,-0.66892,89
087-1,37.98401,-0.66892,90
087-1,37.984,-0.66957,91
087-1,37.98401,-0.67004,92
087-1,37.98403,-0.67053,93
087-1,37.98401,-0.6714,94
087-1,37.98399,-0.67223,95
087-1,37.98407,-0.67327,96
087-1,37.98413,-0.67377,97
087-1,37.98413,-0.67377,98
087-1,37.98435,-0.6749,99
087-1,37.98462,-0.67622,100
087-1,37.98486,-0.67742,101
087-1,37.98516,-0.67897,102
087-1,37.98512,-0.67929,103
087-1,37.98497,-0.68004,104
087-1,37.98455,-0.68211,105
087-1,37.98434,-0.68318,106
087-1,37.98434,-0.68318,107
087-1,37.98379,-0.68605,108
087-1,37.98385,-0.68614,109
087-1,37.98386,-0.68627,110
087-1,37.98381,-0.68637,111
087-1,37.98373,-0.68643,112
087-1,37.98363,-0.68642,113
087-1,37.98356,-0.68634,114
087-1,37.98354,-0.68629,115
087-1,37.98354,-0.68626,116
087-1,37.98353,-0.68624,117
087-1,37.98287,-0.68636,118
087-1,37.98267,-0.68639,119
087-1,37.98255,-0.68641,120
087-1,37.98255,-0.68641,121
087-1,37.98096,-0.68671,122
087-1,37.98073,-0.68677,123
087-1,37.98065,-0.68686,124
087-1,37.98058,-0.68719,125
087-1,37.98039,-0.68713,126
087-1,37.98005,-0.68703,127
087-1,37.97995,-0.68754,128
087-1,37.97995,-0.68754,129
087-1,37.97954,-0.68957,130
087-1,37.9786,-0.68936,131
087-1,37.97846,-0.68932,132
087-1,37.97846,-0.68932,133
087-1,37.97823,-0.68925,134
087-1,37.9775,-0.6891,135
087-1,37.97739,-0.68909,136
087-1,37.97716,-0.68804,137
087-1,37.97701,-0.68732,138
087-1,37.97689,-0.68669,139
088-0,37.97689,-0.68669,1
088-0,37.97682,-0.68636,2
088-0,37.97679,-0.68609,3
088-0,37.9768,-0.68587,4
088-0,37.977,-0.68521,5
088-0,37.97704,-0.68505,6
088-0,37.97708,-0.68445,7
088-0,37.97719,-0.68282,8
088-0,37.97731,-0.68046,9
088-0,37.97735,-0.67976,10
088-0,37.97736,-0.67955,11
088-0,37.97748,-0.67677,12
088-0,37.97748,-0.67677,13
088-0,37.97759,-0.67475,14
088-0,37.97769,-0.67299,15
088-0,37.97792,-0.67184,16
088-0,37.9775,-0.6716,17
088-0,37.97705,-0.67136,18
088-0,37.977,-0.67132,19
088-0,37.977,-0.67132,20
088-0,37.97697,-0.67127,21
088-0,37.97695,-0.6712,22
088-0,37.97704,-0.67116,23
088-0,37.97713,-0.67111,24
088-0,37.97716,-0.67109,25
088-0,37.9772,-0.67101,26
088-0,37.97741,-0.67038,27
088-0,37.97776,-0.66937,28
088-0,37.97776,-0.66937,29
088-0,37.97783,-0.66915,30
088-0,37.97787,-0.66884,31
088-0,37.97793,-0.6675,32
088-0,37.97804,-0.66579,33
088-0,37.97804,-0.66579,34
088-0,37.97808,-0.66504,35
088-0,37.97811,-0.66491,36
088-0,37.97816,-0.66484,37
088-0,37.97825,-0.66475,38
088-0,37.97864,-0.66447,39
088-0,37.97931,-0.66406,40
088-0,37.97958,-0.66396,41
088-0,37.97986,-0.66394,42
088-0,37.98002,-0.664,43
088-0,37.98024,-0.66432,44
088-0,37.98031,-0.66439,45
088-0,37.98041,-0.66442,46
088-0,37.98049,-0.6644,47
088-0,37.98062,-0.66435,48
088-0,37.98065,-0.66416,49
088-0,37.98068,-0.66408,50
088-0,37.98072,-0.66402,51
088-0,37.98073,-0.66396,52
088-0,37.98076,-0.66378,53
088-0,37.98079,-0.66366,54
088-0,37.98089,-0.66341,55
088-0,37.98104,-0.66319,56
088-0,37.98154,-0.66258,57
088-0,37.9818,-0.66232,58
088-0,37.98215,-0.66199,59
088-0,37.98239,-0.66178,60
088-0,37.98239,-0.66178,61
088-0,37.98302,-0.66122,62
088-0,37.98331,-0.66095,63
088-0,37.98341,-0.66083,64
088-0,37.98382,-0.6599,65
088-0,37.98406,-0.65935,66
088-0,37.98454,-0.65866,67
088-0,37.98454,-0.65866,68
088-0,37.98512,-0.65787,69
088-0,37.98522,-0.65775,70
088-0,37.98545,-0.65756,71
088-0,37.98557,-0.65749,72
088-0,37.98641,-0.65716,73
088-0,37.98682,-0.65699,74
088-0,37.98682,-0.65699,75
088-0,37.98761,-0.65668,76
088-0,37.98833,-0.65642,77
088-0,37.98908,-0.65612,78
088-0,37.98948,-0.65598,79
088-0,37.98966,-0.65597,80
088-0,37.98986,-0.656,81
088-0,37.99049,-0.65616,82
088-0,37.99049,-0.65616,83
088-0,37.99106,-0.65631,84
088-0,37.99116,-0.65632,85
088-0,37.99128,-0.65632,86
088-0,37.99144,-0.65628,87
088-0,37.99205,-0.65609,88
088-0,37.99237,-0.65598,89
088-0,37.99262,-0.65592,90
088-0,37.99276,-0.65592,91
088-0,37.99311,-0.65595,92
088-0,37.99341,-0.656,93
088-0,37.99341,-0.656,94
088-0,37.99469,-0.65618,95
088-0,37.99534,-0.65625,96
088-0,37.99552,-0.65623,97
088-0,37.99562,-0.65619,98
088-0,37.99582,-0.65606,99
088-0,37.99599,-0.65584,100
088-0,37.99617,-0.65549,101
088-0,37.99617,-0.65549,102
088-0,37.99657,-0.65463,103
088-0,37.99669,-0.65445,104
088-0,37.99682,-0.65428,105
088-0,37.99702,-0.65409,106
088-0,37.9982,-0.6531,107
088-0,37.99844,-0.6529,108
088-0,37.99857,-0.65279,109
088-0,37.99899,-0.65261,110
088-0,37.99899,-0.65261,111
088-0,37.99953,-0.65234,112
088-0,37.99954,-0.65207,113
088-0,37.99963,-0.65157,114
088-0,37.99968,-0.65143,115
088-0,37.99973,-0.65131,116
088-0,37.99976,-0.65126,117
088-0,37.99996,-0.65107,118
088-0,38.00034,-0.65081,119
088-0,38.00058,-0.65069,120
088-0,38.00103,-0.65046,121
088-0,38.00117,-0.65041,122
088-0,38.00142,-0.6504,123
088-0,38.00209,-0.65043,124
088-0,38.00209,-0.65043,125
088-0,38.00226,-0.65044,126
088-0,38.00228,-0.65029,127
088-0,38.0023,-0.65009,128
088-0,38.002348,-0.649471,129
088-0,38.0024,-0.649433,130
088-0,38.002912,-0.649443,131
088-0,38.003606,-0.649473,132
088-0,38.00418,-0.649473,133
088-0,38.004677,-0.649498,134
088-0,38.004847,-0.649498,135
088-0,38.00495,-0.649497,136
088-0,38.00504,-0.649501,137
088-0,38.005034,-0.649507,138
088-0,38.005,-0.65055,139
088-0,38.00423,-0.65052,140
088-0,38.00254,-0.65046,141
088-0,38.0016,-0.65041,142
088-0,38.00125,-0.65041,143
088-0,38.0011,-0.65043,144
088-0,38.00091,-0.65051,145
088-0,38.00024,-0.65087,146
088-0,37.99996,-0.65107,147
088-0,37.99976,-0.65126,148
088-0,37.9997,-0.65137,149
088-0,37.99964,-0.65152,150
088-0,37.99956,-0.65195,151
088-0,37.99953,-0.65223,152
088-0,37.99953,-0.65234,153
088-0,37.99974,-0.65226,154
088-0,38.00036,-0.65197,155
088-0,38.0007,-0.6518,156
088-0,38.00084,-0.65176,157
088-0,38.00107,-0.65175,158
088-0,38.00121,-0.65184,159
088-0,38.00126,-0.65192,160
088-0,38.00149,-0.65215,161
088-0,38.00194,-0.65267,162
088-0,38.00225,-0.65305,163
088-0,38.00225,-0.65305,164
088-0,38.00323,-0.65437,165
088-0,38.00424,-0.65573,166
088-0,38.00424,-0.65573,167
088-0,38.00446,-0.65602,168
088-0,38.00483,-0.65652,169
088-0,38.005,-0.65673,170
088-0,38.00512,-0.65684,171
088-0,38.00525,-0.65694,172
088-0,38.00534,-0.65699,173
088-0,38.00565,-0.65716,174
088-0,38.00571,-0.65715,175
088-0,38.00577,-0.65718,176
088-0,38.00621,-0.6574,177
088-0,38.00678,-0.65767,178
088-0,38.00698,-0.65772,179
088-0,38.0072,-0.6577,180
088-0,38.00772,-0.65753,181
088-0,38.00788,-0.65749,182
088-0,38.00792,-0.6575,183
088-0,38.00806,-0.65746,184
088-0,38.00882,-0.6572,185
088-0,38.00896,-0.65716,186
088-0,38.00919,-0.65712,187
088-0,38.00925,-0.65712,188
088-0,38.00942,-0.65714,189
088-0,38.00957,-0.6572,190
088-0,38.00977,-0.65729,191
088-0,38.00989,-0.65735,192
088-0,38.01001,-0.65745,193
088-0,38.01108,-0.6586,194
088-0,38.01242,-0.66007,195
088-0,38.01242,-0.66007,196
088-0,38.01256,-0.66022,197
088-0,38.01273,-0.66041,198
088-0,38.01281,-0.66031,199
088-0,38.0136,-0.66117,200
088-0,38.01363,-0.66119,201
088-0,38.0137,-0.66121,202
088-0,38.01519,-0.66055,203
088-0,38.01696,-0.65979,204
088-0,38.01741,-0.65958,205
088-0,38.01829,-0.6592,206
088-0,38.01837,-0.65914,207
088-0,38.01838,-0.65897,208
088-0,38.01836,-0.65867,209
088-0,38.01836,-0.65867,210
088-0,38.01836,-0.65825,211
088-0,38.01836,-0.65585,212
088-0,38.01838,-0.65419,213
088-0,38.02042,-0.65421,214
088-0,38.0207,-0.65422,215
088-0,38.0207,-0.65422,216
088-0,38.02255,-0.65424,217
088-0,38.02383,-0.65426,218
088-0,38.024,-0.65426,219
088-0,38.02487,-0.65423,220
088-0,38.02488,-0.65496,221
088-0,38.02488,-0.65496,222
088-0,38.02491,-0.65597,223
088-0,38.02494,-0.6561,224
088-0,38.02498,-0.65622,225
088-0,38.02503,-0.65631,226
088-0,38.0251,-0.65634,227
088-0,38.02513,-0.65636,228
088-0,38.02514,-0.65638,229
088-0,38.02542,-0.65632,230
088-0,38.02584,-0.65617,231
088-0,38.02608,-0.65609,232
088-0,38.02645,-0.65601,233
088-0,38.02676,-0.65599,234
088-0,38.02694,-0.65601,235
088-0,38.02735,-0.65609,236
088-0,38.02765,-0.65618,237
088-0,38.02775,-0.65615,238
088-0,38.02788,-0.65616,239
088-0,38.02792,-0.65614,240
088-0,38.02795,-0.65605,241
088-0,38.02795,-0.65587,242
088-0,38.02789,-0.65525,243
088-0,38.02789,-0.65525,244
088-0,38.02777,-0.65403,245
088-0,38.02725,-0.6541,246
088-0,38.02701,-0.65411,247
088-1,38.02701,-0.65411,1
088-1,38.02649,-0.6541,2
088-1,38.02487,-0.65423,3
088-1,38.024,-0.65426,4
088-1,38.02383,-0.65426,5
088-1,38.02358,-0.65427,6
088-1,38.02358,-0.65474,7
088-1,38.02358,-0.65474,8
088-1,38.02357,-0.65507,9
088-1,38.02255,-0.65506,10
088-1,38.02051,-0.65502,11
088-1,38.02051,-0.65523,12
088-1,38.02051,-0.65523,13
088-1,38.02047,-0.65724,14
088-1,38.02047,-0.65731,15
088-1,38.02041,-0.6573,16
088-1,38.01835,-0.65728,17
088-1,38.01812,-0.65728,18
088-1,38.01812,-0.65728,19
088-1,38.01733,-0.65726,20
088-1,38.01733,-0.65605,21
088-1,38.01733,-0.65581,22
088-1,38.01721,-0.65582,23
088-1,38.01675,-0.65581,24
088-1,38.01675,-0.65581,25
088-1,38.01628,-0.65581,26
088-1,38.01615,-0.65584,27
088-1,38.0161,-0.65588,28
088-1,38.01579,-0.65627,29
088-1,38.01481,-0.65756,30
088-1,38.01366,-0.65912,31
088-1,38.01311,-0.65986,32
088-1,38.01273,-0.66041,33
088-1,38.01244,-0.66008,34
088-1,38.01244,-0.66008,35
088-1,38.01032,-0.65778,36
088-1,38.01003,-0.65748,37
088-1,38.00992,-0.65737,38
088-1,38.00964,-0.65723,39
088-1,38.00937,-0.65713,40
088-1,38.00912,-0.65713,41
088-1,38.00908,-0.65714,42
088-1,38.00882,-0.6572,43
088-1,38.00806,-0.65746,44
088-1,38.00792,-0.6575,45
088-1,38.00789,-0.65753,46
088-1,38.00772,-0.65759,47
088-1,38.00737,-0.65771,48
088-1,38.00725,-0.65776,49
088-1,38.00717,-0.65776,50
088-1,38.00707,-0.65778,51
088-1,38.00695,-0.65778,52
088-1,38.00682,-0.65777,53
088-1,38.0067,-0.65773,54
088-1,38.00576,-0.65724,55
088-1,38.00565,-0.65716,56
088-1,38.00522,-0.65692,57
088-1,38.00503,-0.65675,58
088-1,38.00491,-0.65662,59
088-1,38.00442,-0.65598,60
088-1,38.0044,-0.65595,61
088-1,38.0044,-0.65595,62
088-1,38.00323,-0.65437,63
088-1,38.00225,-0.65304,64
088-1,38.00225,-0.65304,65
088-1,38.00194,-0.65267,66
088-1,38.00149,-0.65215,67
088-1,38.00126,-0.65192,68
088-1,38.00118,-0.65189,69
088-1,38.00106,-0.65183,70
088-1,38.00085,-0.65183,71
088-1,38.00071,-0.65187,72
088-1,38.00005,-0.65218,73
088-1,37.99956,-0.65242,74
088-1,37.99953,-0.65223,75
088-1,37.99956,-0.65195,76
088-1,37.99964,-0.65152,77
088-1,37.9997,-0.65137,78
088-1,37.99976,-0.65126,79
088-1,37.99996,-0.65107,80
088-1,38.00024,-0.65087,81
088-1,38.00057,-0.65069,82
088-1,38.00091,-0.65051,83
088-1,38.0011,-0.65043,84
088-1,38.00125,-0.65041,85
088-1,38.0016,-0.65041,86
088-1,38.00209,-0.65043,87
088-1,38.00209,-0.65043,88
088-1,38.00226,-0.65044,89
088-1,38.00228,-0.65029,90
088-1,38.0023,-0.65009,91
088-1,38.002347,-0.649425,92
088-1,38.002466,-0.649432,93
088-1,38.002616,-0.649441,94
088-1,38.003344,-0.64946,95
088-1,38.003795,-0.649485,96
088-1,38.00418,-0.649511,97
088-1,38.004635,-0.649528,98
088-1,38.005037,-0.649555,99
088-1,38.005029,-0.649555,100
088-1,38.005,-0.65055,101
088-1,38.00423,-0.65052,102
088-1,38.00254,-0.65046,103
088-1,38.0016,-0.65041,104
088-1,38.00125,-0.65041,105
088-1,38.0011,-0.65043,106
088-1,38.00091,-0.65051,107
088-1,38.00024,-0.65087,108
088-1,37.99996,-0.65107,109
088-1,37.99976,-0.65126,110
088-1,37.9997,-0.65137,111
088-1,37.99964,-0.65152,112
088-1,37.99956,-0.65195,113
088-1,37.99953,-0.65223,114
088-1,37.99956,-0.65242,115
088-1,37.9992,-0.65259,116
088-1,37.9989,-0.65271,117
088-1,37.9989,-0.65271,118
088-1,37.99856,-0.65286,119
088-1,37.99845,-0.6529,120
088-1,37.99833,-0.65298,121
088-1,37.99769,-0.65353,122
088-1,37.99713,-0.654,123
088-1,37.99687,-0.65423,124
088-1,37.99675,-0.65436,125
088-1,37.99662,-0.65456,126
088-1,37.99652,-0.65474,127
088-1,37.99632,-0.65518,128
088-1,37.99617,-0.65551,129
088-1,37.99617,-0.65551,130
088-1,37.99599,-0.65584,131
088-1,37.99582,-0.65606,132
088-1,37.99562,-0.65619,133
088-1,37.99552,-0.65623,134
088-1,37.99534,-0.65625,135
088-1,37.99469,-0.65618,136
088-1,37.99438,-0.65614,137
088-1,37.9933,-0.65598,138
088-1,37.9933,-0.65598,139
088-1,37.99294,-0.65593,140
088-1,37.99262,-0.65592,141
088-1,37.99237,-0.65598,142
088-1,37.99214,-0.65605,143
088-1,37.99166,-0.65621,144
088-1,37.99128,-0.65632,145
088-1,37.99106,-0.65631,146
088-1,37.99072,-0.65623,147
088-1,37.99072,-0.65623,148
088-1,37.98986,-0.656,149
088-1,37.98966,-0.65597,150
088-1,37.98948,-0.65598,151
088-1,37.98908,-0.65612,152
088-1,37.98833,-0.65642,153
088-1,37.98761,-0.65668,154
088-1,37.98713,-0.65687,155
088-1,37.98713,-0.65687,156
088-1,37.98557,-0.65749,157
088-1,37.98545,-0.65756,158
088-1,37.98522,-0.65775,159
088-1,37.98466,-0.6585,160
088-1,37.98458,-0.65861,161
088-1,37.98458,-0.65861,162
088-1,37.98406,-0.65935,163
088-1,37.98382,-0.6599,164
088-1,37.98341,-0.66083,165
088-1,37.98331,-0.66095,166
088-1,37.98302,-0.66122,167
088-1,37.98291,-0.66133,168
088-1,37.98291,-0.66133,169
088-1,37.98244,-0.66173,170
088-1,37.98194,-0.66218,171
088-1,37.98173,-0.66238,172
088-1,37.98132,-0.66284,173
088-1,37.98097,-0.66327,174
088-1,37.98083,-0.66353,175
088-1,37.98081,-0.66357,176
088-1,37.98081,-0.66357,177
088-1,37.98077,-0.66372,178
088-1,37.98072,-0.66402,179
088-1,37.98071,-0.66418,180
088-1,37.9807,-0.66436,181
088-1,37.98056,-0.66649,182
088-1,37.98054,-0.66674,183
088-1,37.98054,-0.66674,184
088-1,37.98041,-0.66923,185
088-1,37.98026,-0.67171,186
088-1,37.98022,-0.6724,187
088-1,37.98022,-0.6724,188
088-1,37.98019,-0.67269,189
088-1,37.98016,-0.67276,190
088-1,37.97986,-0.67474,191
088-1,37.9797,-0.67578,192
088-1,37.9797,-0.67578,193
088-1,37.97938,-0.67871,194
088-1,37.98032,-0.6789,195
088-1,37.9814,-0.67914,196
088-1,37.98098,-0.68205,197
088-1,37.9807,-0.68373,198
088-1,37.9807,-0.68373,199
088-1,37.98021,-0.6863,200
088-1,37.98005,-0.68703,201
088-1,37.97995,-0.68754,202
088-1,37.97995,-0.68754,203
088-1,37.97954,-0.68957,204
088-1,37.9786,-0.68936,205
088-1,37.97846,-0.68932,206
088-1,37.97846,-0.68932,207
088-1,37.97823,-0.68925,208
088-1,37.9775,-0.6891,209
088-1,37.97739,-0.68909,210
088-1,37.97716,-0.68804,211
088-1,37.97701,-0.68732,212
088-1,37.97689,-0.68669,213
091-0,37.97689,-0.68669,1
091-0,37.97682,-0.68636,2
091-0,37.97679,-0.68609,3
091-0,37.9768,-0.68587,4
091-0,37.977,-0.68521,5
091-0,37.97704,-0.68505,6
091-0,37.97708,-0.68445,7
091-0,37.97719,-0.68282,8
091-0,37.97731,-0.68046,9
091-0,37.97735,-0.67976,10
091-0,37.97736,-0.67955,11
091-0,37.97748,-0.67677,12
091-0,37.97748,-0.67677,13
091-0,37.97759,-0.67475,14
091-0,37.97769,-0.67299,15
091-0,37.97792,-0.67184,16
091-0,37.9775,-0.6716,17
091-0,37.97705,-0.67136,18
091-0,37.977,-0.67132,19
091-0,37.977,-0.67132,20
091-0,37.97697,-0.67127,21
091-0,37.97695,-0.6712,22
091-0,37.97704,-0.67116,23
091-0,37.97713,-0.67111,24
091-0,37.97716,-0.67109,25
091-0,37.9772,-0.67101,26
091-0,37.97741,-0.67038,27
091-0,37.97776,-0.66937,28
091-0,37.97776,-0.66937,29
091-0,37.97783,-0.66915,30
091-0,37.97787,-0.66884,31
091-0,37.97793,-0.6675,32
091-0,37.97804,-0.66579,33
091-0,37.97804,-0.66579,34
091-0,37.97808,-0.66504,35
091-0,37.97811,-0.66491,36
091-0,37.97816,-0.66484,37
091-0,37.97825,-0.66475,38
091-0,37.97864,-0.66447,39
091-0,37.97931,-0.66406,40
091-0,37.97958,-0.66396,41
091-0,37.97986,-0.66394,42
091-0,37.98002,-0.664,43
091-0,37.98024,-0.66432,44
091-0,37.98031,-0.66439,45
091-0,37.98041,-0.66442,46
091-0,37.98049,-0.6644,47
091-0,37.98062,-0.66435,48
091-0,37.98065,-0.66416,49
091-0,37.98068,-0.66408,50
091-0,37.98072,-0.66402,51
091-0,37.98073,-0.66396,52
091-0,37.98076,-0.66378,53
091-0,37.98079,-0.66366,54
091-0,37.98089,-0.66341,55
091-0,37.98104,-0.66319,56
091-0,37.98154,-0.66258,57
091-0,37.9818,-0.66232,58
091-0,37.98215,-0.66199,59
091-0,37.98239,-0.66178,60
091-0,37.98239,-0.66178,61
091-0,37.98302,-0.66122,62
091-0,37.98331,-0.66095,63
091-0,37.98341,-0.66083,64
091-0,37.98382,-0.6599,65
091-0,37.98406,-0.65935,66
091-0,37.98454,-0.65866,67
091-0,37.98454,-0.65866,68
091-0,37.98512,-0.65787,69
091-0,37.98522,-0.65775,70
091-0,37.98545,-0.65756,71
091-0,37.98557,-0.65749,72
091-0,37.98641,-0.65716,73
091-0,37.98682,-0.65699,74
091-0,37.98682,-0.65699,75
091-0,37.98761,-0.65668,76
091-0,37.98833,-0.65642,77
091-0,37.98908,-0.65612,78
091-0,37.98948,-0.65598,79
091-0,37.98966,-0.65597,80
091-0,37.98986,-0.656,81
091-0,37.99049,-0.65616,82
091-0,37.99049,-0.65616,83
091-0,37.99106,-0.65631,84
091-0,37.99116,-0.65632,85
091-0,37.99128,-0.65632,86
091-0,37.99144,-0.65628,87
091-0,37.99205,-0.65609,88
091-0,37.99237,-0.65598,89
091-0,37.99262,-0.65592,90
091-0,37.99276,-0.65592,91
091-0,37.99311,-0.65595,92
091-0,37.99341,-0.656,93
091-0,37.99341,-0.656,94
091-0,37.99469,-0.65618,95
091-0,37.99534,-0.65625,96
091-0,37.99552,-0.65623,97
091-0,37.99562,-0.65619,98
091-0,37.99582,-0.65606,99
091-0,37.99599,-0.65584,100
091-0,37.99617,-0.65549,101
091-0,37.99617,-0.65549,102
091-0,37.99657,-0.65463,103
091-0,37.99669,-0.65445,104
091-0,37.99682,-0.65428,105
091-0,37.99702,-0.65409,106
091-0,37.9982,-0.6531,107
091-0,37.99844,-0.6529,108
091-0,37.99857,-0.65279,109
091-0,37.99899,-0.65261,110
091-0,37.99899,-0.65261,111
091-0,37.99953,-0.65234,112
091-0,38.00051,-0.6519,113
091-0,38.00077,-0.65178,114
091-0,38.00092,-0.65175,115
091-0,38.00103,-0.65174,116
091-0,38.00111,-0.65176,117
091-0,38.00122,-0.65186,118
091-0,38.00131,-0.65197,119
091-0,38.00162,-0.65229,120
091-0,38.00205,-0.6528,121
091-0,38.00225,-0.65305,122
091-0,38.00225,-0.65305,123
091-0,38.00323,-0.65437,124
091-0,38.00424,-0.65573,125
091-0,38.00424,-0.65573,126
091-0,38.00446,-0.65602,127
091-0,38.00483,-0.65652,128
091-0,38.005,-0.65673,129
091-0,38.00512,-0.65684,130
091-0,38.00525,-0.65694,131
091-0,38.00534,-0.65699,132
091-0,38.00565,-0.65716,133
091-0,38.00571,-0.65715,134
091-0,38.00577,-0.65718,135
091-0,38.00621,-0.6574,136
091-0,38.00678,-0.65767,137
091-0,38.00698,-0.65772,138
091-0,38.0072,-0.6577,139
091-0,38.00772,-0.65753,140
091-0,38.00788,-0.65749,141
091-0,38.00792,-0.6575,142
091-0,38.00806,-0.65746,143
091-0,38.00882,-0.6572,144
091-0,38.00896,-0.65716,145
091-0,38.00919,-0.65712,146
091-0,38.00925,-0.65712,147
091-0,38.00942,-0.65714,148
091-0,38.00957,-0.6572,149
091-0,38.00977,-0.65729,150
091-0,38.00989,-0.65735,151
091-0,38.01001,-0.65745,152
091-0,38.01108,-0.6586,153
091-0,38.01242,-0.66007,154
091-0,38.01242,-0.66007,155
091-0,38.01343,-0.66116,156
091-0,38.01356,-0.6613,157
091-0,38.01366,-0.66136,158
091-0,38.01372,-0.66138,159
091-0,38.01376,-0.66137,160
091-0,38.01384,-0.66137,161
091-0,38.01403,-0.66139,162
091-0,38.01415,-0.66134,163
091-0,38.01454,-0.66111,164
091-0,38.01545,-0.66068,165
091-0,38.01745,-0.65978,166
091-0,38.0202,-0.65854,167
091-0,38.02163,-0.65791,168
091-0,38.0222,-0.65765,169
091-0,38.02348,-0.65709,170
091-0,38.02401,-0.65692,171
091-0,38.02438,-0.65677,172
091-0,38.02464,-0.65662,173
091-0,38.02469,-0.65658,174
091-0,38.02474,-0.65649,175
091-0,38.02478,-0.65643,176
091-0,38.02483,-0.65637,177
091-0,38.02493,-0.65631,178
091-0,38.02502,-0.6563,179
091-0,38.02509,-0.65633,180
091-0,38.02512,-0.65635,181
091-0,38.02514,-0.65637,182
091-0,38.02533,-0.65634,183
091-0,38.02569,-0.65624,184
091-0,38.02602,-0.65611,185
091-0,38.02643,-0.65601,186
091-0,38.02659,-0.656,187
091-0,38.02687,-0.656,188
091-0,38.02724,-0.65606,189
091-0,38.02748,-0.65612,190
091-0,38.02765,-0.65618,191
091-0,38.02772,-0.65615,192
091-0,38.02782,-0.65616,193
091-0,38.02786,-0.65617,194
091-0,38.02791,-0.65615,195
091-0,38.02795,-0.65608,196
091-0,38.02795,-0.65604,197
091-0,38.02795,-0.65587,198
091-0,38.02792,-0.6555,199
091-0,38.02789,-0.65525,200
091-0,38.02789,-0.65525,201
091-0,38.02777,-0.65403,202
091-0,38.02725,-0.6541,203
091-0,38.02701,-0.65411,204
091-1,38.02701,-0.65411,1
091-1,38.02649,-0.6541,2
091-1,38.02487,-0.65423,3
091-1,38.024,-0.65426,4
091-1,38.02383,-0.65426,5
091-1,38.02358,-0.65427,6
091-1,38.02358,-0.65474,7
091-1,38.02358,-0.65474,8
091-1,38.02357,-0.65507,9
091-1,38.02255,-0.65506,10
091-1,38.02051,-0.65502,11
091-1,38.02051,-0.65523,12
091-1,38.02051,-0.65523,13
091-1,38.02047,-0.65724,14
091-1,38.02047,-0.65731,15
091-1,38.02041,-0.6573,16
091-1,38.01835,-0.65728,17
091-1,38.01812,-0.65728,18
091-1,38.01812,-0.65728,19
091-1,38.01733,-0.65726,20
091-1,38.01733,-0.65605,21
091-1,38.01733,-0.65581,22
091-1,38.01721,-0.65582,23
091-1,38.01675,-0.65581,24
091-1,38.01675,-0.65581,25
091-1,38.01628,-0.65581,26
091-1,38.01615,-0.65584,27
091-1,38.0161,-0.65588,28
091-1,38.01579,-0.65627,29
091-1,38.01481,-0.65756,30
091-1,38.01366,-0.65912,31
091-1,38.01311,-0.65986,32
091-1,38.01273,-0.66041,33
091-1,38.01244,-0.66008,34
091-1,38.01244,-0.66008,35
091-1,38.01032,-0.65778,36
091-1,38.01003,-0.65748,37
091-1,38.00992,-0.65737,38
091-1,38.00981,-0.65731,39
091-1,38.00972,-0.65727,40
091-1,38.00964,-0.65789,41
091-1,38.00944,-0.65947,42
091-1,38.00939,-0.65994,43
091-1,38.00933,-0.66038,44
091-1,38.0092,-0.66085,45
091-1,38.00906,-0.6612,46
091-1,38.00853,-0.66194,47
091-1,38.00813,-0.66249,48
091-1,38.00813,-0.66249,49
091-1,38.00787,-0.66284,50
091-1,38.00764,-0.66301,51
091-1,38.00664,-0.66359,52
091-1,38.00617,-0.66389,53
091-1,38.00604,-0.66402,54
091-1,38.00599,-0.66411,55
091-1,38.00591,-0.66433,56
091-1,38.00589,-0.66445,57
091-1,38.00588,-0.66465,58
091-1,38.00592,-0.66555,59
091-1,38.00597,-0.66687,60
091-1,38.00605,-0.66709,61
091-1,38.00609,-0.66713,62
091-1,38.00612,-0.66722,63
091-1,38.00611,-0.66731,64
091-1,38.00607,-0.66739,65
091-1,38.00599,-0.66743,66
091-1,38.00592,-0.66741,67
091-1,38.00586,-0.66735,68
091-1,38.00584,-0.66731,69
091-1,38.00567,-0.66724,70
091-1,38.00555,-0.66723,71
091-1,38.00541,-0.66727,72
091-1,38.00538,-0.66728,73
091-1,38.00497,-0.66747,74
091-1,38.00474,-0.66759,75
091-1,38.00352,-0.6683,76
091-1,38.00251,-0.66889,77
091-1,38.00214,-0.66911,78
091-1,38.00202,-0.66924,79
091-1,38.00178,-0.66939,80
091-1,38.00137,-0.66972,81
091-1,38.00136,-0.66975,82
091-1,38.00135,-0.66977,83
091-1,38.00132,-0.66982,84
091-1,38.001313,-0.66987,85
091-1,38.001319,-0.669931,86
091-1,38.001367,-0.670081,87
091-1,38.002629,-0.673624,88
091-1,38.002632,-0.673631,89
091-1,38.000909,-0.675837,90
091-1,37.999523,-0.677546,91
091-1,37.999371,-0.677794,92
091-1,37.999393,-0.677864,93
091-1,37.999374,-0.677958,94
091-1,37.999319,-0.678001,95
091-1,37.999243,-0.677991,96
091-1,37.999176,-0.677904,97
091-1,37.999145,-0.677799,98
091-1,37.999016,-0.677327,99
091-1,37.998953,-0.677152,100
091-1,37.998705,-0.676774,101
091-1,37.998338,-0.676307,102
091-1,37.998251,-0.676304,103
091-1,37.998162,-0.676327,104
091-1,37.998093,-0.676307,105
091-1,37.99746,-0.676304,106
091-1,37.996887,-0.676294,107
091-1,37.996724,-0.67629,108
091-1,37.996695,-0.676296,109
091-1,37.996666,-0.676308,110
091-1,37.996643,-0.676334,111
091-1,37.99659,-0.67636,112
091-1,37.99658,-0.6772,113
091-1,37.99656,-0.67846,114
091-1,37.99657,-0.67923,115
091-1,37.99659,-0.67927,116
091-1,37.99661,-0.67929,117
091-1,37.99664,-0.67934,118
091-1,37.99665,-0.67941,119
091-1,37.99664,-0.67948,120
091-1,37.99661,-0.67953,121
091-1,37.99656,-0.67956,122
091-1,37.9965,-0.67957,123
091-1,37.99645,-0.67954,124
091-1,37.99642,-0.6795,125
091-1,37.99621,-0.67943,126
091-1,37.99617,-0.6794,127
091-1,37.99606,-0.6794,128
091-1,37.99572,-0.67937,129
091-1,37.99501,-0.67933,130
091-1,37.99441,-0.67933,131
091-1,37.99435,-0.67934,132
091-1,37.99435,-0.67934,133
091-1,37.99395,-0.67947,134
091-1,37.99382,-0.6795,135
091-1,37.9934,-0.67968,136
091-1,37.99268,-0.68,137
091-1,37.99213,-0.68024,138
091-1,37.99182,-0.68039,139
091-1,37.99155,-0.68057,140
091-1,37.99117,-0.68081,141
091-1,37.99098,-0.68095,142
091-1,37.99098,-0.68102,143
091-1,37.99096,-0.68108,144
091-1,37.99093,-0.68113,145
091-1,37.99088,-0.68115,146
091-1,37.99083,-0.68115,147
091-1,37.99078,-0.68111,148
091-1,37.99077,-0.68109,149
091-1,37.99062,-0.68117,150
091-1,37.98992,-0.6816,151
091-1,37.98896,-0.68222,152
091-1,37.98815,-0.68272,153
091-1,37.98785,-0.68286,154
091-1,37.98746,-0.68297,155
091-1,37.98728,-0.68298,156
091-1,37.98698,-0.68298,157
091-1,37.98623,-0.68292,158
091-1,37.98551,-0.68286,159
091-1,37.98484,-0.6828,160
091-1,37.98441,-0.68277,161
091-1,37.98434,-0.68318,162
091-1,37.98434,-0.68318,163
091-1,37.98379,-0.68605,164
091-1,37.98385,-0.68614,165
091-1,37.98386,-0.68627,166
091-1,37.98381,-0.68637,167
091-1,37.98373,-0.68643,168
091-1,37.98363,-0.68642,169
091-1,37.98356,-0.68634,170
091-1,37.98354,-0.68629,171
091-1,37.98354,-0.68626,172
091-1,37.98353,-0.68624,173
091-1,37.98287,-0.68636,174
091-1,37.98267,-0.68639,175
091-1,37.98255,-0.68641,176
091-1,37.98255,-0.68641,177
091-1,37.98096,-0.68671,178
091-1,37.98073,-0.68677,179
091-1,37.98065,-0.68686,180
091-1,37.98058,-0.68719,181
091-1,37.98039,-0.68713,182
091-1,37.98005,-0.68703,183
091-1,37.97995,-0.68754,184
091-1,37.97995,-0.68754,185
091-1,37.97954,-0.68957,186
091-1,37.9786,-0.68936,187
091-1,37.97846,-0.68932,188
091-1,37.97846,-0.68932,189
091-1,37.97823,-0.68925,190
091-1,37.9775,-0.6891,191
091-1,37.97739,-0.68909,192
091-1,37.97716,-0.68804,193
091-1,37.97701,-0.68732,194
091-1,37.97689,-0.68669,195
092-0,37.97689,-0.68669,1
092-0,37.97682,-0.68636,2
092-0,37.97679,-0.68609,3
092-0,37.9768,-0.68587,4
092-0,37.977,-0.68521,5
092-0,37.97704,-0.68505,6
092-0,37.97708,-0.68445,7
092-0,37.97719,-0.68282,8
092-0,37.97731,-0.68046,9
092-0,37.97735,-0.67976,10
092-0,37.97735,-0.67976,11
092-0,37.97738,-0.67907,12
092-0,37.97741,-0.67829,13
092-0,37.97773,-0.67836,14
092-0,37.97821,-0.67846,15
092-0,37.9789,-0.67862,16
092-0,37.97976,-0.67879,17
092-0,37.98032,-0.6789,18
092-0,37.98107,-0.67907,19
092-0,37.98111,-0.67908,20
092-0,37.98111,-0.67908,21
092-0,37.98267,-0.67943,22
092-0,37.98293,-0.67947,23
092-0,37.98319,-0.67947,24
092-0,37.98363,-0.67945,25
092-0,37.98385,-0.67942,26
092-0,37.98412,-0.67935,27
092-0,37.98434,-0.67927,28
092-0,37.98455,-0.67918,29
092-0,37.98472,-0.67909,30
092-0,37.98513,-0.67884,31
092-0,37.98523,-0.67881,32
092-0,37.98539,-0.67877,33
092-0,37.98645,-0.67814,34
092-0,37.98673,-0.67798,35
092-0,37.98679,-0.67786,36
092-0,37.9871,-0.67762,37
092-0,37.98736,-0.67745,38
092-0,37.989284,-0.676358,39
092-0,37.989643,-0.676137,40
092-0,37.989692,-0.676146,41
092-0,37.989739,-0.676173,42
092-0,37.989802,-0.676166,43
092-0,37.990231,-0.675928,44
092-0,37.990403,-0.67582,45
092-0,37.990678,-0.675664,46
092-0,37.990773,-0.675611,47
092-0,37.990768,-0.675612,48
092-0,37.990864,-0.675561,49
092-0,37.990917,-0.675532,50
092-0,37.99099,-0.6755,51
092-0,37.9911,-0.67544,52
092-0,37.99119,-0.67535,53
092-0,37.99119,-0.67533,54
092-0,37.9912,-0.67531,55
092-0,37.99121,-0.67527,56
092-0,37.99126,-0.67521,57
092-0,37.99133,-0.67519,58
092-0,37.99139,-0.6752,59
092-0,37.99144,-0.67524,60
092-0,37.99147,-0.67531,61
092-0,37.99148,-0.67538,62
092-0,37.99145,-0.67546,63
092-0,37.99143,-0.67549,64
092-0,37.99143,-0.67564,65
092-0,37.99143,-0.67585,66
092-0,37.99149,-0.67613,67
092-0,37.99163,-0.67702,68
092-0,37.99168,-0.67775,69
092-0,37.99164,-0.67833,70
092-0,37.99161,-0.67867,71
092-0,37.99153,-0.67909,72
092-0,37.99131,-0.6797,73
092-0,37.99092,-0.68087,74
092-0,37.99096,-0.6809,75
092-0,37.99098,-0.68094,76
092-0,37.99097,-0.68107,77
092-0,37.99094,-0.68112,78
092-0,37.99089,-0.68115,79
092-0,37.99084,-0.68115,80
092-0,37.99082,-0.68119,81
092-0,37.99076,-0.68144,82
092-0,37.99038,-0.68297,83
092-0,37.99023,-0.68351,84
092-0,37.9901,-0.68407,85
092-0,37.99006,-0.68418,86
092-0,37.98995,-0.68455,87
092-0,37.98994,-0.68472,88
092-0,37.98995,-0.68472,89
092-0,37.98996,-0.68473,90
092-0,37.98998,-0.68474,91
092-0,37.98999,-0.68476,92
092-0,37.99001,-0.68482,93
092-0,37.99,-0.68488,94
092-0,37.98995,-0.68495,95
092-0,37.98993,-0.68496,96
092-0,37.98992,-0.68496,97
092-0,37.98975,-0.68566,98
092-0,37.98975,-0.68566,99
092-0,37.98935,-0.68746,100
092-0,37.9893,-0.68777,101
092-0,37.98932,-0.68778,102
092-0,37.98935,-0.68782,103
092-0,37.98937,-0.68786,104
092-0,37.98942,-0.6879,105
092-0,37.98952,-0.68797,106
092-0,37.98976,-0.68807,107
092-0,37.99113,-0.68851,108
092-0,37.99168,-0.6887,109
092-0,37.99183,-0.68875,110
092-0,37.99193,-0.68874,111
092-0,37.99197,-0.68865,112
092-0,37.99207,-0.68853,113
092-0,37.99221,-0.68848,114
092-0,37.99233,-0.68852,115
092-0,37.99243,-0.68861,116
092-0,37.99249,-0.68878,117
092-0,37.99249,-0.68887,118
092-0,37.99249,-0.68891,119
092-0,37.99261,-0.68901,120
092-0,37.99278,-0.6891,121
092-0,37.99461,-0.68969,122
092-0,37.99559,-0.69,123
092-0,37.99636,-0.69019,124
092-0,37.99778,-0.69067,125
092-0,37.99849,-0.69082,126
092-0,37.99858,-0.69073,127
092-0,37.9987,-0.6907,128
092-0,37.998792,-0.690718,129
092-0,37.998898,-0.690797,130
092-0,37.998944,-0.690884,131
092-0,37.999032,-0.690969,132
092-0,37.999304,-0.691126,133
092-0,38.000066,-0.691424,134
092-0,38.005024,-0.693103,135
092-0,38.005092,-0.693129,136
092-0,38.005221,-0.693181,137
092-0,38.005367,-0.693222,138
092-0,38.005407,-0.693243,139
092-0,38.005455,-0.693262,140
092-0,38.00567,-0.693318,141
092-0,38.005842,-0.693399,142
092-0,38.00832,-0.6942,143
092-0,38.00909,-0.69448,144
092-0,38.00942,-0.69463,145
092-0,38.0097,-0.69477,146
092-0,38.00998,-0.69496,147
092-0,38.01027,-0.69508,148
092-0,38.01029,-0.69507,149
092-0,38.01035,-0.69505,150
092-0,38.01041,-0.69505,151
092-0,38.01051,-0.69496,152
092-0,38.01061,-0.69477,153
092-0,38.01064,-0.6947,154
092-0,38.01064,-0.6947,155
092-0,38.01075,-0.69439,156
092-0,38.01138,-0.69486,157
092-0,38.01273,-0.69278,158
092-0,38.01552,-0.68856,159
092-0,38.01587,-0.68806,160
092-0,38.0162,-0.68766,161
092-0,38.01642,-0.68744,162
092-0,38.01653,-0.68735,163
092-0,38.01653,-0.68735,164
092-0,38.01676,-0.68716,165
092-0,38.01737,-0.68683,166
092-0,38.01765,-0.68736,167
092-0,38.01834,-0.68866,168
092-0,38.01903,-0.68997,169
092-0,38.01933,-0.69053,170
092-0,38.01981,-0.69122,171
092-0,38.02023,-0.6918,172
092-0,38.02023,-0.6918,173
092-0,38.02077,-0.69255,174
092-0,38.02104,-0.69291,175
092-0,38.02079,-0.69331,176
092-0,38.02097,-0.69368,177
092-0,38.0214,-0.69459,178
092-0,38.02172,-0.69525,179
092-0,38.02175,-0.69532,180
092-0,38.02191,-0.69545,181
092-0,38.02215,-0.69562,182
092-0,38.02234,-0.69572,183
092-0,38.02234,-0.69572,184
092-0,38.02325,-0.6962,185
092-0,38.02375,-0.69647,186
092-0,38.02386,-0.69655,187
092-0,38.02385,-0.69663,188
092-0,38.02374,-0.697,189
092-0,38.02316,-0.69867,190
092-0,38.02274,-0.69987,191
092-0,38.02245,-0.70071,192
092-0,38.02211,-0.70166,193
092-0,38.02193,-0.70226,194
092-0,38.02192,-0.70234,195
092-0,38.02191,-0.70243,196
092-0,38.02193,-0.70244,197
092-0,38.02196,-0.70246,198
092-0,38.02198,-0.70249,199
092-0,38.02199,-0.70257,200
092-0,38.02196,-0.70265,201
092-0,38.0219,-0.70268,202
092-0,38.02184,-0.70265,203
092-0,38.0218,-0.70258,204
092-0,38.02151,-0.70276,205
092-1,38.02151,-0.70276,1
092-1,38.02123,-0.70299,2
092-1,38.02084,-0.70339,3
092-1,38.0206,-0.70373,4
092-1,38.02052,-0.70392,5
092-1,38.02054,-0.704,6
092-1,38.02052,-0.70416,7
092-1,38.02047,-0.70428,8
092-1,38.02041,-0.70433,9
092-1,38.02038,-0.70435,10
092-1,38.02032,-0.70437,11
092-1,38.02023,-0.70437,12
092-1,38.02012,-0.70433,13
092-1,38.02006,-0.70426,14
092-1,38.02001,-0.70412,15
092-1,38.02004,-0.70386,16
092-1,38.01918,-0.70254,17
092-1,38.01838,-0.70135,18
092-1,38.01778,-0.70053,19
092-1,38.01742,-0.70018,20
092-1,38.01703,-0.69988,21
092-1,38.01662,-0.69959,22
092-1,38.01338,-0.6974,23
092-1,38.01306,-0.69719,24
092-1,38.01202,-0.69646,25
092-1,38.01106,-0.69582,26
092-1,38.01084,-0.6957,27
092-1,38.01066,-0.69564,28
092-1,38.01059,-0.69563,29
092-1,38.01055,-0.69567,30
092-1,38.01049,-0.6957,31
092-1,38.01037,-0.69572,32
092-1,38.01032,-0.69571,33
092-1,38.01019,-0.69579,34
092-1,38.01013,-0.69589,35
092-1,38.01007,-0.69605,36
092-1,38.01008,-0.69608,37
092-1,38.01008,-0.69614,38
092-1,38.01003,-0.69624,39
092-1,38.00998,-0.69626,40
092-1,38.00994,-0.69626,41
092-1,38.00987,-0.69618,42
092-1,38.00986,-0.69607,43
092-1,38.00988,-0.69602,44
092-1,38.00986,-0.69588,45
092-1,38.00982,-0.69567,46
092-1,38.00976,-0.69543,47
092-1,38.00964,-0.69523,48
092-1,38.00947,-0.69506,49
092-1,38.00871,-0.69477,50
092-1,38.00862,-0.69475,51
092-1,38.00862,-0.69475,52
092-1,38.00677,-0.69412,53
092-1,38.00621,-0.69542,54
092-1,38.0057,-0.69661,55
092-1,38.00567,-0.69672,56
092-1,38.00528,-0.69658,57
092-1,38.00528,-0.69658,58
092-1,38.00475,-0.69641,59
092-1,38.0043093,-0.6963779,60
092-1,38.0037875,-0.6962265,61
092-1,38.0030798,-0.6961609,62
092-1,38.0010924,-0.6962736,63
092-1,38.001337,-0.6984785,64
092-1,38.00151,-0.70001,65
092-1,38.0016,-0.70079,66
092-1,38.0017,-0.7013,67
092-1,38.00172,-0.70161,68
092-1,38.0017,-0.70172,69
092-1,38.00123,-0.70235,70
092-1,38.00088,-0.7028,71
092-1,38.00087,-0.70282,72
092-1,38.00013,-0.70379,73
092-1,37.99971,-0.70346,74
092-1,37.99946,-0.70319,75
092-1,37.99909,-0.70269,76
092-1,37.99897,-0.70246,77
092-1,37.99885,-0.7021,78
092-1,37.99882,-0.702,79
092-1,37.99866,-0.70095,80
092-1,37.99866,-0.70095,81
092-1,37.99856,-0.70026,82
092-1,37.99849,-0.69985,83
092-1,37.99841,-0.69969,84
092-1,37.9977,-0.69897,85
092-1,37.99767,-0.69899,86
092-1,37.99762,-0.69903,87
092-1,37.99755,-0.69904,88
092-1,37.99748,-0.69903,89
092-1,37.99743,-0.69898,90
092-1,37.99739,-0.69892,91
092-1,37.99736,-0.69875,92
092-1,37.99739,-0.69867,93
092-1,37.9974,-0.69864,94
092-1,37.99668,-0.69787,95
092-1,37.99668,-0.69787,96
092-1,37.99647,-0.69764,97
092-1,37.99645,-0.69766,98
092-1,37.9964,-0.69771,99
092-1,37.99633,-0.69773,100
092-1,37.99627,-0.69772,101
092-1,37.99621,-0.69769,102
092-1,37.99616,-0.69763,103
092-1,37.99613,-0.69747,104
092-1,37.99617,-0.69733,105
092-1,37.99622,-0.69728,106
092-1,37.99628,-0.69725,107
092-1,37.99634,-0.69725,108
092-1,37.9964,-0.69727,109
092-1,37.99645,-0.69732,110
092-1,37.99744,-0.69608,111
092-1,37.99747,-0.69603,112
092-1,37.99758,-0.69549,113
092-1,37.99817,-0.69219,114
092-1,37.99822,-0.69191,115
092-1,37.99828,-0.69182,116
092-1,37.99835,-0.69168,117
092-1,37.99843,-0.69138,118
092-1,37.99848,-0.69124,119
092-1,37.99845,-0.69118,120
092-1,37.99843,-0.69111,121
092-1,37.99843,-0.69108,122
092-1,37.99838,-0.69107,123
092-1,37.99807,-0.69091,124
092-1,37.99776,-0.6908,125
092-1,37.99697,-0.69052,126
092-1,37.99633,-0.69031,127
092-1,37.99556,-0.69011,128
092-1,37.99459,-0.68981,129
092-1,37.99305,-0.6893,130
092-1,37.99258,-0.68914,131
092-1,37.99242,-0.6891,132
092-1,37.99239,-0.68912,133
092-1,37.99235,-0.68917,134
092-1,37.99224,-0.68921,135
092-1,37.99218,-0.68921,136
092-1,37.99213,-0.6892,137
092-1,37.99201,-0.68911,138
092-1,37.99196,-0.68903,139
092-1,37.99195,-0.689,140
092-1,37.99185,-0.68896,141
092-1,37.9915,-0.68884,142
092-1,37.9915,-0.68884,143
092-1,37.99023,-0.68839,144
092-1,37.98954,-0.68817,145
092-1,37.98944,-0.68816,146
092-1,37.98938,-0.68818,147
092-1,37.98932,-0.68816,148
092-1,37.9893,-0.68812,149
092-1,37.98928,-0.68813,150
092-1,37.98924,-0.68814,151
092-1,37.9892,-0.68814,152
092-1,37.98915,-0.68811,153
092-1,37.98911,-0.68808,154
092-1,37.98907,-0.68799,155
092-1,37.98898,-0.68792,156
092-1,37.98883,-0.68784,157
092-1,37.98826,-0.68765,158
092-1,37.98814,-0.68762,159
092-1,37.98802,-0.68763,160
092-1,37.98796,-0.68771,161
092-1,37.98785,-0.68777,162
092-1,37.98776,-0.68777,163
092-1,37.9877,-0.68775,164
092-1,37.98762,-0.68767,165
092-1,37.98757,-0.68758,166
092-1,37.98756,-0.68751,167
092-1,37.98755,-0.68746,168
092-1,37.98751,-0.68743,169
092-1,37.98745,-0.68737,170
092-1,37.98738,-0.68732,171
092-1,37.98725,-0.68727,172
092-1,37.98699,-0.68716,173
092-1,37.98631,-0.68693,174
092-1,37.98563,-0.6867,175
092-1,37.98513,-0.68654,176
092-1,37.98502,-0.68653,177
092-1,37.98483,-0.68652,178
092-1,37.98476,-0.68653,179
092-1,37.98469,-0.68656,180
092-1,37.98464,-0.68661,181
092-1,37.98458,-0.68668,182
092-1,37.98449,-0.68669,183
092-1,37.98442,-0.68665,184
092-1,37.98439,-0.68661,185
092-1,37.98437,-0.68651,186
092-1,37.98433,-0.68647,187
092-1,37.984,-0.68637,188
092-1,37.98383,-0.68635,189
092-1,37.98381,-0.68637,190
092-1,37.98379,-0.68639,191
092-1,37.98375,-0.68642,192
092-1,37.9837,-0.68643,193
092-1,37.98361,-0.68641,194
092-1,37.98355,-0.68632,195
092-1,37.98354,-0.68626,196
092-1,37.98353,-0.68624,197
092-1,37.98287,-0.68636,198
092-1,37.98267,-0.68639,199
092-1,37.98255,-0.68641,200
092-1,37.98255,-0.68641,201
092-1,37.98096,-0.68671,202
092-1,37.98073,-0.68677,203
092-1,37.98065,-0.68686,204
092-1,37.98058,-0.68719,205
092-1,37.98039,-0.68713,206
092-1,37.98005,-0.68703,207
092-1,37.97995,-0.68754,208
092-1,37.97995,-0.68754,209
092-1,37.97954,-0.68957,210
092-1,37.9786,-0.68936,211
092-1,37.97846,-0.68932,212
092-1,37.97846,-0.68932,213
092-1,37.97823,-0.68925,214
092-1,37.9775,-0.6891,215
092-1,37.97739,-0.68909,216
092-1,37.97716,-0.68804,217
092-1,37.97701,-0.68732,218
092-1,37.97689,-0.68669,219
093-0,37.97689,-0.68669,1
093-0,37.97682,-0.68636,2
093-0,37.97679,-0.68609,3
093-0,37.9768,-0.68587,4
093-0,37.977,-0.68521,5
093-0,37.97704,-0.68505,6
093-0,37.97708,-0.68445,7
093-0,37.97719,-0.68282,8
093-0,37.97731,-0.68046,9
093-0,37.97735,-0.67976,10
093-0,37.97735,-0.67976,11
093-0,37.97738,-0.67907,12
093-0,37.97741,-0.67829,13
093-0,37.97773,-0.67836,14
093-0,37.97821,-0.67846,15
093-0,37.9789,-0.67862,16
093-0,37.97976,-0.67879,17
093-0,37.98032,-0.6789,18
093-0,37.98107,-0.67907,19
093-0,37.98111,-0.67908,20
093-0,37.98111,-0.67908,21
093-0,37.98267,-0.67943,22
093-0,37.98293,-0.67947,23
093-0,37.98319,-0.67947,24
093-0,37.98363,-0.67945,25
093-0,37.98385,-0.67942,26
093-0,37.98412,-0.67935,27
093-0,37.98434,-0.67927,28
093-0,37.98455,-0.67918,29
093-0,37.98472,-0.67909,30
093-0,37.98513,-0.67884,31
093-0,37.98523,-0.67881,32
093-0,37.98539,-0.67877,33
093-0,37.98645,-0.67814,34
093-0,37.98673,-0.67798,35
093-0,37.98679,-0.67786,36
093-0,37.9871,-0.67762,37
093-0,37.98736,-0.67745,38
093-0,37.989344,-0.676307,39
093-0,37.989633,-0.676139,40
093-0,37.989678,-0.676103,41
093-0,37.989706,-0.676099,42
093-0,37.989744,-0.676135,43
093-0,37.989795,-0.676156,44
093-0,37.990214,-0.675919,45
093-0,37.990389,-0.675825,46
093-0,37.990721,-0.675642,47
093-0,37.990704,-0.675651,48
093-0,37.990824,-0.675582,49
093-0,37.990907,-0.675544,50
093-0,37.99099,-0.6755,51
093-0,37.9911,-0.67544,52
093-0,37.99119,-0.67535,53
093-0,37.99119,-0.67533,54
093-0,37.9912,-0.67531,55
093-0,37.99121,-0.67527,56
093-0,37.99126,-0.67521,57
093-0,37.99133,-0.67519,58
093-0,37.99139,-0.6752,59
093-0,37.99144,-0.67524,60
093-0,37.99147,-0.67531,61
093-0,37.99148,-0.67538,62
093-0,37.99145,-0.67546,63
093-0,37.99143,-0.67549,64
093-0,37.99143,-0.67564,65
093-0,37.99143,-0.67585,66
093-0,37.99149,-0.67613,67
093-0,37.99163,-0.67702,68
093-0,37.99168,-0.67775,69
093-0,37.99164,-0.67833,70
093-0,37.99161,-0.67867,71
093-0,37.99153,-0.67909,72
093-0,37.99131,-0.6797,73
093-0,37.99092,-0.68087,74
093-0,37.99096,-0.6809,75
093-0,37.99098,-0.68094,76
093-0,37.99097,-0.68107,77
093-0,37.99094,-0.68112,78
093-0,37.99089,-0.68115,79
093-0,37.99084,-0.68115,80
093-0,37.99082,-0.68119,81
093-0,37.99076,-0.68144,82
093-0,37.99038,-0.68297,83
093-0,37.99023,-0.68351,84
093-0,37.9901,-0.68407,85
093-0,37.99006,-0.68418,86
093-0,37.98995,-0.68455,87
093-0,37.98994,-0.68472,88
093-0,37.98995,-0.68472,89
093-0,37.98996,-0.68473,90
093-0,37.98998,-0.68474,91
093-0,37.98999,-0.68476,92
093-0,37.99001,-0.68482,93
093-0,37.99,-0.68488,94
093-0,37.98995,-0.68495,95
093-0,37.98993,-0.68496,96
093-0,37.98992,-0.68496,97
093-0,37.98975,-0.68566,98
093-0,37.98975,-0.68566,99
093-0,37.98935,-0.68746,100
093-0,37.9893,-0.68777,101
093-0,37.98932,-0.68778,102
093-0,37.98935,-0.68782,103
093-0,37.98937,-0.68786,104
093-0,37.98938,-0.68796,105
093-0,37.98934,-0.68808,106
093-0,37.98931,-0.68811,107
093-0,37.98924,-0.68814,108
093-0,37.98916,-0.68813,109
093-0,37.98913,-0.6881,110
093-0,37.98908,-0.68801,111
093-0,37.98907,-0.68799,112
093-0,37.98898,-0.68792,113
093-0,37.98879,-0.68782,114
093-0,37.98814,-0.68762,115
093-0,37.98802,-0.68763,116
093-0,37.988,-0.68767,117
093-0,37.98792,-0.68774,118
093-0,37.98787,-0.68777,119
093-0,37.98779,-0.68778,120
093-0,37.98766,-0.68772,121
093-0,37.98759,-0.68761,122
093-0,37.98756,-0.68751,123
093-0,37.98755,-0.68746,124
093-0,37.98751,-0.68743,125
093-0,37.98745,-0.68737,126
093-0,37.98725,-0.68727,127
093-0,37.98699,-0.68716,128
093-0,37.98661,-0.68703,129
093-0,37.98582,-0.68676,130
093-0,37.98513,-0.68654,131
093-0,37.98496,-0.68652,132
093-0,37.98476,-0.68653,133
093-0,37.98465,-0.68659,134
093-0,37.9846,-0.68667,135
093-0,37.98451,-0.68669,136
093-0,37.98444,-0.68666,137
093-0,37.9844,-0.68662,138
093-0,37.98437,-0.68654,139
093-0,37.98437,-0.68651,140
093-0,37.98433,-0.68647,141
093-0,37.984,-0.68637,142
093-0,37.98383,-0.68635,143
093-0,37.98381,-0.68637,144
093-0,37.98377,-0.68641,145
093-0,37.98367,-0.686415,146
093-0,37.983582,-0.686355,147
093-0,37.983506,-0.686256,148
093-0,37.98337,-0.686264,149
093-0,37.981521,-0.6866,150
093-0,37.981083,-0.686675,151
093-0,37.980688,-0.68678,152
093-0,37.980646,-0.68693,153
093-0,37.980585,-0.687173,154
093-0,37.980136,-0.687037,155
093-0,37.980042,-0.687121,156
093-0,37.979932,-0.687625,157
093-0,37.979754,-0.688568,158
093-0,37.979541,-0.689551,159
093-0,37.979406,-0.690205,160
093-0,37.97926,-0.69092,161
093-0,37.97926,-0.69092,162
093-0,37.97918,-0.69126,163
093-0,37.97913,-0.69135,164
093-0,37.97885,-0.69172,165
093-0,37.97862,-0.692,166
093-0,37.97843,-0.69222,167
093-0,37.97828,-0.69231,168
093-0,37.97794,-0.69249,169
093-0,37.97746,-0.69296,170
093-0,37.97746,-0.69296,171
093-0,37.97665,-0.69379,172
093-0,37.97623,-0.69419,173
093-0,37.97478,-0.69556,174
093-0,37.9745,-0.69585,175
093-0,37.97407,-0.69624,176
093-0,37.97344,-0.69684,177
093-0,37.97263,-0.69589,178
093-0,37.97218,-0.69536,179
093-0,37.97218,-0.69536,180
093-0,37.97201,-0.69514,181
093-0,37.97185,-0.69506,182
093-0,37.97177,-0.69499,183
093-0,37.96985,-0.6968,184
093-0,37.96797,-0.698612,185
093-0,37.967756,-0.698814,186
093-0,37.967711,-0.69886,187
093-0,37.967516,-0.699047,188
093-0,37.967264,-0.699302,189
093-0,37.967104,-0.699446,190
093-0,37.9671,-0.699451,191
093-0,37.967102,-0.699448,192
093-0,37.96653,-0.69996,193
093-0,37.96647,-0.70001,194
093-0,37.96612,-0.70034,195
093-0,37.96574,-0.7007,196
093-0,37.96444,-0.70192,197
093-0,37.9639,-0.70243,198
093-0,37.96386,-0.70251,199
093-0,37.96286,-0.70346,200
093-0,37.96253,-0.70378,201
093-0,37.96253,-0.70378,202
093-0,37.96166,-0.70458,203
093-0,37.9615,-0.70475,204
093-0,37.96142,-0.70492,205
093-0,37.96139,-0.70503,206
093-0,37.96139,-0.70508,207
093-0,37.96142,-0.70515,208
093-0,37.96141,-0.70529,209
093-0,37.96136,-0.70539,210
093-0,37.96134,-0.7054,211
093-0,37.96135,-0.70549,212
093-0,37.96147,-0.70686,213
093-0,37.96158,-0.70834,214
093-0,37.96163,-0.70852,215
093-0,37.96169,-0.70863,216
093-0,37.96172,-0.70864,217
093-0,37.96178,-0.70866,218
093-0,37.96187,-0.70876,219
093-0,37.96192,-0.70891,220
093-0,37.96192,-0.709,221
093-0,37.96186,-0.70916,222
093-0,37.96173,-0.70929,223
093-0,37.96165,-0.70955,224
093-0,37.96168,-0.70982,225
093-0,37.96176,-0.71087,226
093-0,37.962,-0.71386,227
093-0,37.96216,-0.71584,228
093-0,37.96223,-0.7168,229
093-0,37.96227,-0.7169,230
093-0,37.96232,-0.71729,231
093-0,37.96234,-0.71739,232
093-0,37.96244,-0.71774,233
093-0,37.96247,-0.71775,234
093-0,37.96254,-0.7178,235
093-0,37.96258,-0.71788,236
093-0,37.962598,-0.717953,237
093-0,37.962601,-0.717953,238
093-0,37.9626,-0.71798,239
093-0,37.9626,-0.71807,240
093-0,37.96256,-0.71816,241
093-0,37.96251,-0.71822,242
093-0,37.96252,-0.71859,243
093-0,37.96258,-0.71893,244
093-0,37.96288,-0.7205,245
093-0,37.96332,-0.72276,246
093-0,37.96336,-0.72285,247
093-0,37.96338,-0.72286,248
093-0,37.96341,-0.7229,249
093-0,37.96342,-0.72294,250
093-0,37.96341,-0.72305,251
093-0,37.96338,-0.72308,252
093-0,37.96377,-0.72516,253
093-0,37.9644,-0.72852,254
093-0,37.96466,-0.72988,255
093-0,37.96485,-0.73076,256
093-0,37.96495,-0.73113,257
093-0,37.96502,-0.73128,258
093-0,37.96506,-0.73128,259
093-0,37.96512,-0.73131,260
093-0,37.96516,-0.73139,261
093-0,37.96517,-0.73147,262
093-0,37.96515,-0.73155,263
093-0,37.96513,-0.73158,264
093-0,37.96511,-0.73159,265
093-0,37.96522,-0.73193,266
093-0,37.96535,-0.73231,267
093-0,37.96555,-0.73287,268
093-0,37.96605,-0.73428,269
093-0,37.96617,-0.73457,270
093-0,37.96627,-0.73466,271
093-0,37.96634,-0.7347,272
093-0,37.96638,-0.73479,273
093-0,37.96638,-0.73489,274
093-0,37.96634,-0.73498,275
093-0,37.96627,-0.73503,276
093-0,37.9662,-0.73502,277
093-0,37.96613,-0.73497,278
093-0,37.96609,-0.73488,279
093-0,37.9661,-0.73478,280
093-0,37.96612,-0.73473,281
093-0,37.96608,-0.73451,282
093-0,37.96577,-0.73363,283
093-0,37.96563,-0.73324,284
093-0,37.96563,-0.73324,285
093-1,37.96562,-0.733252,1
093-1,37.965453,-0.732733,2
093-1,37.965306,-0.732312,3
093-1,37.965203,-0.731992,4
093-1,37.96511,-0.731732,5
093-1,37.965051,-0.731607,6
093-1,37.964984,-0.731588,7
093-1,37.964934,-0.731521,8
093-1,37.964918,-0.731418,9
093-1,37.96493,-0.731322,10
093-1,37.964953,-0.731253,11
093-1,37.964716,-0.730343,12
093-1,37.964409,-0.728826,13
093-1,37.964159,-0.727438,14
093-1,37.963782,-0.725577,15
093-1,37.963586,-0.724423,16
093-1,37.963441,-0.723749,17
093-1,37.963311,-0.723161,18
093-1,37.963259,-0.723107,19
093-1,37.963213,-0.723035,20
093-1,37.963207,-0.722924,21
093-1,37.96324,-0.722816,22
093-1,37.963254,-0.722717,23
093-1,37.963235,-0.722557,24
093-1,37.963221,-0.722474,25
093-1,37.962783,-0.720143,26
093-1,37.96247,-0.71854,27
093-1,37.96238,-0.71826,28
093-1,37.96236,-0.71825,29
093-1,37.96232,-0.71824,30
093-1,37.96224,-0.71817,31
093-1,37.96222,-0.71814,32
093-1,37.96197,-0.71813,33
093-1,37.96185,-0.71817,34
093-1,37.96082,-0.7185,35
093-1,37.96036,-0.71862,36
093-1,37.96014,-0.71868,37
093-1,37.95988,-0.71869,38
093-1,37.95972,-0.71866,39
093-1,37.95961,-0.7186,40
093-1,37.95949,-0.7185,41
093-1,37.95941,-0.71841,42
093-1,37.95894,-0.71784,43
093-1,37.95873,-0.71759,44
093-1,37.95873,-0.71759,45
093-1,37.95714,-0.71561,46
093-1,37.95702,-0.71554,47
093-1,37.95686,-0.71549,48
093-1,37.95663,-0.71554,49
093-1,37.95496,-0.71674,50
093-1,37.95463,-0.71695,51
093-1,37.95463,-0.71695,52
093-1,37.95337,-0.71778,53
093-1,37.9522,-0.71842,54
093-1,37.9517,-0.71871,55
093-1,37.9517,-0.71871,56
093-1,37.95154,-0.7188,57
093-1,37.95154,-0.71881,58
093-1,37.95154,-0.71884,59
093-1,37.95153,-0.71889,60
093-1,37.95149,-0.71896,61
093-1,37.95142,-0.71901,62
093-1,37.95134,-0.719,63
093-1,37.95128,-0.71894,64
093-1,37.95125,-0.71885,65
093-1,37.95125,-0.71883,66
093-1,37.95094,-0.71896,67
093-1,37.95062,-0.71915,68
093-1,37.95033,-0.71938,69
093-1,37.95019,-0.71953,70
093-1,37.95012,-0.71965,71
093-1,37.95013,-0.71967,72
093-1,37.95014,-0.7197,73
093-1,37.95015,-0.71974,74
093-1,37.95014,-0.7198,75
093-1,37.95013,-0.71986,76
093-1,37.95005,-0.71994,77
093-1,37.94995,-0.71997,78
093-1,37.94986,-0.71991,79
093-1,37.94982,-0.71985,80
093-1,37.9498,-0.71973,81
093-1,37.94981,-0.71967,82
093-1,37.94982,-0.71964,83
093-1,37.94975,-0.7195,84
093-1,37.94928,-0.71869,85
093-1,37.94904,-0.71767,86
093-1,37.94866,-0.71594,87
093-1,37.94866,-0.71594,88
093-1,37.94841,-0.71491,89
093-1,37.94834,-0.71475,90
093-1,37.94828,-0.71474,91
093-1,37.94817,-0.71467,92
093-1,37.94812,-0.7146,93
093-1,37.94809,-0.7145,94
093-1,37.94809,-0.71437,95
093-1,37.94811,-0.7143,96
093-1,37.94816,-0.71422,97
093-1,37.94827,-0.71415,98
093-1,37.94838,-0.71416,99
093-1,37.94841,-0.71418,100
093-1,37.94858,-0.7141,101
093-1,37.94899,-0.71376,102
093-1,37.94916,-0.71363,103
093-1,37.94916,-0.71363,104
093-1,37.94946,-0.71344,105
093-1,37.95062,-0.71276,106
093-1,37.95519,-0.71001,107
093-1,37.95571,-0.7097,108
093-1,37.95613,-0.7095,109
093-1,37.95628,-0.70938,110
093-1,37.9565,-0.70924,111
093-1,37.95668,-0.70913,112
093-1,37.95679,-0.70906,113
093-1,37.95697,-0.70892,114
093-1,37.9585,-0.7075,115
093-1,37.95946,-0.7066,116
093-1,37.96004,-0.70606,117
093-1,37.96011,-0.70595,118
093-1,37.9606,-0.70546,119
093-1,37.96082,-0.70528,120
093-1,37.96106,-0.70516,121
093-1,37.96108,-0.70511,122
093-1,37.96114,-0.70502,123
093-1,37.96123,-0.70498,124
093-1,37.96129,-0.70499,125
093-1,37.96141,-0.70477,126
093-1,37.96158,-0.70455,127
093-1,37.9626,-0.7036,128
093-1,37.96298,-0.70324,129
093-1,37.96298,-0.70324,130
093-1,37.96377,-0.7025,131
093-1,37.96383,-0.70245,132
093-1,37.9639,-0.70243,133
093-1,37.9648,-0.70158,134
093-1,37.96542,-0.701,135
093-1,37.96637,-0.70011,136
093-1,37.96701,-0.6995,137
093-1,37.96709,-0.69942,138
093-1,37.96709,-0.69942,139
093-1,37.97177,-0.69499,140
093-1,37.97175,-0.69491,141
093-1,37.97176,-0.6948,142
093-1,37.97181,-0.69473,143
093-1,37.97189,-0.6947,144
093-1,37.97193,-0.6947,145
093-1,37.97193,-0.6947,146
093-1,37.97199,-0.69475,147
093-1,37.97201,-0.69477,148
093-1,37.97209,-0.69469,149
093-1,37.97274,-0.69408,150
093-1,37.97349,-0.69337,151
093-1,37.97431,-0.69259,152
093-1,37.97652,-0.69051,153
093-1,37.97652,-0.69051,154
093-1,37.97675,-0.6903,155
093-1,37.9771,-0.68993,156
093-1,37.97723,-0.68979,157
093-1,37.97736,-0.68955,158
093-1,37.97739,-0.68937,159
093-1,37.97739,-0.68909,160
093-1,37.97706,-0.68757,161
093-1,37.97695,-0.68698,162
093-1,37.97689,-0.68669,163
