{
  "type": "FeatureCollection",
  "features": [
    {
      "type": "Feature",
      "properties": {
        "route_id": "071",
        "linweb": "C",
        "route_name": "Gregorio Maranon - Estacion de Autobuses - Polideportivo - C. Salud Acequion",
        "direction_id": 0,
        "geometry_source": "official_api"
      },
      "geometry": {
        "type": "LineString",
        "coordinates": [
          [
            -0.68669,
            37.97689
          ],
          [
            -0.68636,
            37.97682
          ],
          [
            -0.68609,
            37.97679
          ],
          [
            -0.68587,
            37.9768
          ],
          [
            -0.68521,
            37.977
          ],
          [
            -0.68505,
            37.97704
          ],
          [
            -0.68445,
            37.97708
          ],
          [
            -0.68282,
            37.97719
          ],
          [
            -0.68046,
            37.97731
          ],
          [
            -0.67976,
            37.97735
          ],
          [
            -0.67955,
            37.97736
          ],
          [
            -0.67677,
            37.97748
          ],
          [
            -0.67677,
            37.97748
          ],
          [
            -0.67475,
            37.97759
          ],
          [
            -0.67299,
            37.97769
          ],
          [
            -0.67184,
            37.97792
          ],
          [
            -0.67154,
            37.97802
          ],
          [
            -0.67017,
            37.97854
          ],
          [
            -0.66982,
            37.97868
          ],
          [
            -0.66982,
            37.97868
          ],
          [
            -0.66924,
            37.97889
          ],
          [
            -0.66934,
            37.97901
          ],
          [
            -0.66956,
            37.97929
          ],
          [
            -0.66984,
            37.97975
          ],
          [
            -0.6701,
            37.98027
          ],
          [
            -0.67011,
            37.98035
          ],
          [
            -0.67018,
            37.98035
          ],
          [
            -0.67106,
            37.9803
          ],
          [
            -0.67171,
            37.98026
          ],
          [
            -0.6724,
            37.98022
          ],
          [
            -0.6724,
            37.98022
          ],
          [
            -0.67269,
            37.98019
          ],
          [
            -0.67276,
            37.98016
          ],
          [
            -0.67474,
            37.97986
          ],
          [
            -0.67578,
            37.9797
          ],
          [
            -0.67578,
            37.9797
          ],
          [
            -0.67871,
            37.97938
          ],
          [
            -0.6789,
            37.98032
          ],
          [
            -0.67908,
            37.98111
          ],
          [
            -0.67908,
            37.98111
          ],
          [
            -0.67933,
            37.98224
          ],
          [
            -0.67943,
            37.98267
          ],
          [
            -0.67947,
            37.98293
          ],
          [
            -0.67947,
            37.98319
          ],
          [
            -0.67945,
            37.98363
          ],
          [
            -0.67942,
            37.98385
          ],
          [
            -0.67935,
            37.98412
          ],
          [
            -0.67931,
            37.98423
          ],
          [
            -0.67913,
            37.98419
          ],
          [
            -0.67824,
            37.98401
          ],
          [
            -0.67814,
            37.98399
          ],
          [
            -0.67814,
            37.98399
          ],
          [
            -0.67674,
            37.98368
          ],
          [
            -0.6767,
            37.98367
          ],
          [
            -0.67674,
            37.98349
          ],
          [
            -0.67618,
            37.98355
          ],
          [
            -0.67449,
            37.98372
          ],
          [
            -0.67355,
            37.98378
          ],
          [
            -0.67286,
            37.98383
          ],
          [
            -0.67286,
            37.98383
          ],
          [
            -0.67211,
            37.9839
          ],
          [
            -0.67162,
            37.98393
          ],
          [
            -0.67061,
            37.98394
          ],
          [
            -0.66957,
            37.98392
          ],
          [
            -0.66937,
            37.98391
          ],
          [
            -0.66892,
            37.98394
          ],
          [
            -0.66891,
            37.98394
          ],
          [
            -0.6689,
            37.98393
          ],
          [
            -0.66888,
            37.98393
          ],
          [
            -0.66887,
            37.98394
          ],
          [
            -0.66722,
            37.9841
          ],
          [
            -0.66722,
            37.9841
          ],
          [
            -0.6669,
            37.98413
          ],
          [
            -0.66602,
            37.98458
          ],
          [
            -0.66534,
            37.98519
          ],
          [
            -0.66512,
            37.98542
          ],
          [
            -0.66459,
            37.98591
          ],
          [
            -0.6645,
            37.98604
          ],
          [
            -0.66436,
            37.98629
          ],
          [
            -0.66415,
            37.98679
          ],
          [
            -0.66402,
            37.98713
          ],
          [
            -0.66387,
            37.98753
          ],
          [
            -0.66389,
            37.98765
          ],
          [
            -0.66385,
            37.98778
          ],
          [
            -0.66371,
            37.98877
          ],
          [
            -0.6637,
            37.98901
          ],
          [
            -0.66368,
            37.98919
          ],
          [
            -0.66395,
            37.98923
          ],
          [
            -0.66414,
            37.98926
          ],
          [
            -0.66414,
            37.98926
          ],
          [
            -0.66641,
            37.98955
          ],
          [
            -0.66859,
            37.9898
          ],
          [
            -0.66786,
            37.99145
          ],
          [
            -0.66786,
            37.99145
          ],
          [
            -0.66704,
            37.99329
          ],
          [
            -0.66584,
            37.9957
          ],
          [
            -0.6655,
            37.99659
          ],
          [
            -0.66565,
            37.99658
          ],
          [
            -0.66594,
            37.99658
          ],
          [
            -0.66594,
            37.99658
          ],
          [
            -0.66704,
            37.99655
          ],
          [
            -0.66908,
            37.99645
          ],
          [
            -0.66973,
            37.99643
          ],
          [
            -0.66973,
            37.99644
          ],
          [
            -0.66974,
            37.99646
          ],
          [
            -0.66976,
            37.99649
          ],
          [
            -0.66982,
            37.99653
          ],
          [
            -0.6699,
            37.99655
          ],
          [
            -0.66999,
            37.99653
          ],
          [
            -0.66999,
            37.99653
          ],
          [
            -0.67005,
            37.99649
          ],
          [
            -0.67008,
            37.99643
          ],
          [
            -0.67152,
            37.99647
          ],
          [
            -0.67198,
            37.9965
          ],
          [
            -0.67214,
            37.99656
          ],
          [
            -0.67219,
            37.99663
          ],
          [
            -0.67226,
            37.99667
          ],
          [
            -0.67235,
            37.99668
          ],
          [
            -0.67247,
            37.99666
          ],
          [
            -0.67252,
            37.99663
          ],
          [
            -0.67579,
            37.99659
          ],
          [
            -0.67579,
            37.99659
          ],
          [
            -0.67608,
            37.9966
          ],
          [
            -0.67609,
            37.99661
          ],
          [
            -0.67612,
            37.99663
          ],
          [
            -0.67619,
            37.99666
          ],
          [
            -0.67626,
            37.99666
          ],
          [
            -0.67634,
            37.99662
          ],
          [
            -0.67636,
            37.9966
          ],
          [
            -0.67637,
            37.99658
          ],
          [
            -0.67705,
            37.99658
          ],
          [
            -0.67735,
            37.99659
          ],
          [
            -0.6788,
            37.99656
          ],
          [
            -0.67926,
            37.99658
          ],
          [
            -0.67931,
            37.99662
          ],
          [
            -0.67937,
            37.99665
          ],
          [
            -0.67944,
            37.99665
          ],
          [
            -0.6795,
            37.99663
          ],
          [
            -0.67955,
            37.99659
          ],
          [
            -0.67957,
            37.99653
          ],
          [
            -0.67957,
            37.99651
          ],
          [
            -0.67974,
            37.99644
          ],
          [
            -0.68019,
            37.99641
          ],
          [
            -0.6805,
            37.99644
          ],
          [
            -0.6809,
            37.99651
          ],
          [
            -0.68114,
            37.99653
          ],
          [
            -0.68149,
            37.99652
          ],
          [
            -0.68193,
            37.9965
          ],
          [
            -0.68194,
            37.99651
          ],
          [
            -0.68196,
            37.99654
          ],
          [
            -0.68199,
            37.99656
          ],
          [
            -0.68206,
            37.99658
          ],
          [
            -0.68214,
            37.99657
          ],
          [
            -0.68221,
            37.99654
          ],
          [
            -0.68225,
            37.99648
          ],
          [
            -0.68225,
            37.99643
          ],
          [
            -0.68222,
            37.99637
          ],
          [
            -0.68215,
            37.99633
          ],
          [
            -0.68208,
            37.99632
          ],
          [
            -0.682,
            37.99633
          ],
          [
            -0.68194,
            37.99638
          ],
          [
            -0.68192,
            37.99641
          ],
          [
            -0.68192,
            37.99642
          ],
          [
            -0.68183,
            37.99645
          ],
          [
            -0.68154,
            37.99647
          ],
          [
            -0.68105,
            37.99646
          ],
          [
            -0.68043,
            37.99637
          ],
          [
            -0.6801,
            37.99636
          ],
          [
            -0.6801,
            37.99636
          ],
          [
            -0.67975,
            37.99639
          ],
          [
            -0.67951,
            37.99643
          ],
          [
            -0.67943,
            37.99621
          ],
          [
            -0.6794,
            37.99617
          ],
          [
            -0.6794,
            37.99606
          ],
          [
            -0.67937,
            37.99572
          ],
          [
            -0.67932,
            37.99486
          ],
          [
            -0.67933,
            37.99441
          ],
          [
            -0.67947,
            37.99395
          ],
          [
            -0.6795,
            37.99382
          ],
          [
            -0.67968,
            37.9934
          ],
          [
            -0.67977,
            37.9932
          ],
          [
            -0.67977,
            37.9932
          ],
          [
            -0.68032,
            37.99196
          ],
          [
            -0.68062,
            37.99147
          ],
          [
            -0.68088,
            37.99106
          ],
          [
            -0.68097,
            37.99099
          ],
          [
            -0.68109,
            37.99096
          ],
          [
            -0.68114,
            37.99091
          ],
          [
            -0.68115,
            37.99086
          ],
          [
            -0.68115,
            37.99084
          ],
          [
            -0.68119,
            37.99082
          ],
          [
            -0.68256,
            37.99048
          ],
          [
            -0.68367,
            37.9902
          ],
          [
            -0.68418,
            37.99006
          ],
          [
            -0.68455,
            37.98995
          ],
          [
            -0.68472,
            37.98994
          ],
          [
            -0.68472,
            37.98995
          ],
          [
            -0.68473,
            37.98997
          ],
          [
            -0.68478,
            37.99
          ],
          [
            -0.68483,
            37.99001
          ],
          [
            -0.68494,
            37.98997
          ],
          [
            -0.68496,
            37.98992
          ],
          [
            -0.68566,
            37.98975
          ],
          [
            -0.685725,
            37.989755
          ],
          [
            -0.687055,
            37.989461
          ],
          [
            -0.687443,
            37.989376
          ],
          [
            -0.687622,
            37.98935
          ],
          [
            -0.687787,
            37.98935
          ],
          [
            -0.687909,
            37.989382
          ],
          [
            -0.688029,
            37.989382
          ],
          [
            -0.688108,
            37.989337
          ],
          [
            -0.68814,
            37.98924
          ],
          [
            -0.68814,
            37.9892
          ],
          [
            -0.68811,
            37.98915
          ],
          [
            -0.68808,
            37.98911
          ],
          [
            -0.68799,
            37.98907
          ],
          [
            -0.68792,
            37.98898
          ],
          [
            -0.68784,
            37.98883
          ],
          [
            -0.68765,
            37.98826
          ],
          [
            -0.68762,
            37.98814
          ],
          [
            -0.68763,
            37.98802
          ],
          [
            -0.68771,
            37.98796
          ],
          [
            -0.68777,
            37.98785
          ],
          [
            -0.68777,
            37.98776
          ],
          [
            -0.68775,
            37.9877
          ],
          [
            -0.68767,
            37.98762
          ],
          [
            -0.68758,
            37.98757
          ],
          [
            -0.68751,
            37.98756
          ],
          [
            -0.68746,
            37.98755
          ],
          [
            -0.68743,
            37.98751
          ],
          [
            -0.68737,
            37.98745
          ],
          [
            -0.68732,
            37.98738
          ],
          [
            -0.68727,
            37.98725
          ],
          [
            -0.68716,
            37.98699
          ],
          [
            -0.68693,
            37.98631
          ],
          [
            -0.6867,
            37.98563
          ],
          [
            -0.68654,
            37.98513
          ],
          [
            -0.68653,
            37.98502
          ],
          [
            -0.68652,
            37.98483
          ],
          [
            -0.68653,
            37.98476
          ],
          [
            -0.68656,
            37.98469
          ],
          [
            -0.68661,
            37.98464
          ],
          [
            -0.68668,
            37.98458
          ],
          [
            -0.68669,
            37.98449
          ],
          [
            -0.68665,
            37.98442
          ],
          [
            -0.68661,
            37.98439
          ],
          [
            -0.68651,
            37.98437
          ],
          [
            -0.68647,
            37.98433
          ],
          [
            -0.68637,
            37.984
          ],
          [
            -0.68635,
            37.98383
          ],
          [
            -0.68637,
            37.98381
          ],
          [
            -0.68639,
            37.98379
          ],
          [
            -0.68642,
            37.98375
          ],
          [
            -0.68643,
            37.9837
          ],
          [
            -0.68641,
            37.98361
          ],
          [
            -0.68632,
            37.98355
          ],
          [
            -0.68626,
            37.98354
          ],
          [
            -0.68624,
            37.98353
          ],
          [
            -0.68636,
            37.98287
          ],
          [
            -0.68639,
            37.98267
          ],
          [
            -0.68641,
            37.98255
          ],
          [
            -0.68641,
            37.98255
          ],
          [
            -0.68671,
            37.98096
          ],
          [
            -0.68677,
            37.98073
          ],
          [
            -0.68686,
            37.98065
          ],
          [
            -0.68719,
            37.98058
          ],
          [
            -0.68713,
            37.98039
          ],
          [
            -0.68703,
            37.98005
          ],
          [
            -0.68754,
            37.97995
          ],
          [
            -0.68754,
            37.97995
          ],
          [
            -0.69092,
            37.97926
          ],
          [
            -0.69092,
            37.97926
          ],
          [
            -0.69126,
            37.97918
          ],
          [
            -0.69135,
            37.97913
          ],
          [
            -0.69172,
            37.97885
          ],
          [
            -0.692,
            37.97862
          ],
          [
            -0.69222,
            37.97843
          ],
          [
            -0.69231,
            37.97828
          ],
          [
            -0.69249,
            37.97794
          ],
          [
            -0.69296,
            37.97746
          ],
          [
            -0.69296,
            37.97746
          ],
          [
            -0.69311,
            37.97731
          ],
          [
            -0.69259,
            37.97701
          ],
          [
            -0.69209,
            37.97669
          ],
          [
            -0.69107,
            37.97608
          ],
          [
            -0.69097,
            37.97602
          ],
          [
            -0.69072,
            37.97629
          ],
          [
            -0.69051,
            37.97652
          ],
          [
            -0.69051,
            37.97652
          ],
          [
            -0.6903,
            37.97675
          ],
          [
            -0.68993,
            37.9771
          ],
          [
            -0.68979,
            37.97723
          ],
          [
            -0.68955,
            37.97736
          ],
          [
            -0.68937,
            37.97739
          ],
          [
            -0.68909,
            37.97739
          ],
          [
            -0.68757,
            37.97706
          ],
          [
            -0.68698,
            37.97695
          ],
          [
            -0.68669,
            37.97689
          ]
        ]
      }
    },
    {
      "type": "Feature",
      "properties": {
        "route_id": "081",
        "linweb": "01",
        "route_name": "Hospital - Los Altos - Punta Prima - Rocio del Mar",
        "direction_id": 0,
        "geometry_source": "official_api"
      },
      "geometry": {
        "type": "LineString",
        "coordinates": [
          [
            -0.71735,
            37.96435
          ],
          [
            -0.717234,
            37.964595
          ],
          [
            -0.717152,
            37.964739
          ],
          [
            -0.717157,
            37.964842
          ],
          [
            -0.717097,
            37.964953
          ],
          [
            -0.7171,
            37.965028
          ],
          [
            -0.717145,
            37.965087
          ],
          [
            -0.71723,
            37.965087
          ],
          [
            -0.717293,
            37.965045
          ],
          [
            -0.717333,
            37.964976
          ],
          [
            -0.717352,
            37.964896
          ],
          [
            -0.717333,
            37.964809
          ],
          [
            -0.71718,
            37.964707
          ],
          [
            -0.717302,
            37.964513
          ],
          [
            -0.71767,
            37.96338
          ],
          [
            -0.71792,
            37.9626
          ],
          [
            -0.71798,
            37.9626
          ],
          [
            -0.71807,
            37.9626
          ],
          [
            -0.71816,
            37.96256
          ],
          [
            -0.71822,
            37.96251
          ],
          [
            -0.71825,
            37.96245
          ],
          [
            -0.71826,
            37.96238
          ],
          [
            -0.71823,
            37.96231
          ],
          [
            -0.71814,
            37.96222
          ],
          [
            -0.71813,
            37.96197
          ],
          [
            -0.71817,
            37.96185
          ],
          [
            -0.7185,
            37.96082
          ],
          [
            -0.71863,
            37.96031
          ],
          [
            -0.71869,
            37.96006
          ],
          [
            -0.71869,
            37.95988
          ],
          [
            -0.71866,
            37.95972
          ],
          [
            -0.7186,
            37.95961
          ],
          [
            -0.7185,
            37.95949
          ],
          [
            -0.71841,
            37.95941
          ],
          [
            -0.71784,
            37.95894
          ],
          [
            -0.71759,
            37.95873
          ],
          [
            -0.71759,
            37.95873
          ],
          [
            -0.71561,
            37.95714
          ],
          [
            -0.71554,
            37.95702
          ],
          [
            -0.71549,
            37.95686
          ],
          [
            -0.71554,
            37.95663
          ],
          [
            -0.71674,
            37.95496
          ],
          [
            -0.71683,
            37.95511
          ],
          [
            -0.71688,
            37.95517
          ],
          [
            -0.71701,
            37.95527
          ],
          [
            -0.71768,
            37.9557
          ],
          [
            -0.71917,
            37.95662
          ],
          [
            -0.71919,
            37.95664
          ],
          [
            -0.72029,
            37.95732
          ],
          [
            -0.721,
            37.95779
          ],
          [
            -0.72109,
            37.95781
          ],
          [
            -0.72116,
            37.95779
          ],
          [
            -0.72205,
            37.95711
          ],
          [
            -0.72228,
            37.95694
          ],
          [
            -0.72248,
            37.95685
          ],
          [
            -0.72268,
            37.95678
          ],
          [
            -0.72315,
            37.95664
          ],
          [
            -0.72315,
            37.95664
          ],
          [
            -0.72356,
            37.95651
          ],
          [
            -0.72434,
            37.95614
          ],
          [
            -0.72476,
            37.95591
          ],
          [
            -0.7249,
            37.95576
          ],
          [
            -0.72496,
            37.95563
          ],
          [
            -0.72498,
            37.95549
          ],
          [
            -0.72483,
            37.95494
          ],
          [
            -0.72475,
            37.95467
          ],
          [
            -0.72475,
            37.95467
          ],
          [
            -0.72472,
            37.95456
          ],
          [
            -0.72478,
            37.95452
          ],
          [
            -0.7251,
            37.95424
          ],
          [
            -0.72514,
            37.95416
          ],
          [
            -0.72423,
            37.95413
          ],
          [
            -0.72312,
            37.95409
          ],
          [
            -0.72164,
            37.95436
          ],
          [
            -0.72135,
            37.95435
          ],
          [
            -0.72128,
            37.95434
          ],
          [
            -0.72128,
            37.95434
          ],
          [
            -0.71893,
            37.95399
          ],
          [
            -0.71819,
            37.95388
          ],
          [
            -0.71751,
            37.95378
          ],
          [
            -0.71778,
            37.95337
          ],
          [
            -0.718,
            37.95297
          ],
          [
            -0.71836,
            37.95231
          ],
          [
            -0.71852,
            37.95203
          ],
          [
            -0.71871,
            37.9517
          ],
          [
            -0.71871,
            37.9517
          ],
          [
            -0.7188,
            37.95154
          ],
          [
            -0.71881,
            37.95154
          ],
          [
            -0.71884,
            37.95154
          ],
          [
            -0.71889,
            37.95153
          ],
          [
            -0.71896,
            37.95149
          ],
          [
            -0.71901,
            37.95142
          ],
          [
            -0.719,
            37.95134
          ],
          [
            -0.71894,
            37.95128
          ],
          [
            -0.71885,
            37.95125
          ],
          [
            -0.71883,
            37.95125
          ],
          [
            -0.71896,
            37.95094
          ],
          [
            -0.71915,
            37.95062
          ],
          [
            -0.71938,
            37.95033
          ],
          [
            -0.71953,
            37.95019
          ],
          [
            -0.71965,
            37.95012
          ],
          [
            -0.71967,
            37.95013
          ],
          [
            -0.7197,
            37.95014
          ],
          [
            -0.71974,
            37.95015
          ],
          [
            -0.7198,
            37.95014
          ],
          [
            -0.71986,
            37.95013
          ],
          [
            -0.71994,
            37.95005
          ],
          [
            -0.71997,
            37.94995
          ],
          [
            -0.71991,
            37.94986
          ],
          [
            -0.71985,
            37.94982
          ],
          [
            -0.71973,
            37.9498
          ],
          [
            -0.71967,
            37.94981
          ],
          [
            -0.71964,
            37.94982
          ],
          [
            -0.7195,
            37.94975
          ],
          [
            -0.71869,
            37.94928
          ],
          [
            -0.71767,
            37.94904
          ],
          [
            -0.71594,
            37.94866
          ],
          [
            -0.71594,
            37.94866
          ],
          [
            -0.71491,
            37.94841
          ],
          [
            -0.71475,
            37.94834
          ],
          [
            -0.71474,
            37.94828
          ],
          [
            -0.71467,
            37.94817
          ],
          [
            -0.7146,
            37.94812
          ],
          [
            -0.7145,
            37.94809
          ],
          [
            -0.71437,
            37.94809
          ],
          [
            -0.7143,
            37.94811
          ],
          [
            -0.71422,
            37.94816
          ],
          [
            -0.7142,
            37.94818
          ],
          [
            -0.71402,
            37.94816
          ],
          [
            -0.71393,
            37.94816
          ],
          [
            -0.71345,
            37.94806
          ],
          [
            -0.71259,
            37.94788
          ],
          [
            -0.71259,
            37.94788
          ],
          [
            -0.71159,
            37.94767
          ],
          [
            -0.71139,
            37.94761
          ],
          [
            -0.71099,
            37.9475
          ],
          [
            -0.707365,
            37.946749
          ],
          [
            -0.706966,
            37.946662
          ],
          [
            -0.706843,
            37.946621
          ],
          [
            -0.706899,
            37.946463
          ],
          [
            -0.707021,
            37.946205
          ],
          [
            -0.70712,
            37.94593
          ],
          [
            -0.707151,
            37.945842
          ],
          [
            -0.707196,
            37.94581
          ],
          [
            -0.707269,
            37.945806
          ],
          [
            -0.707907,
            37.945941
          ],
          [
            -0.708804,
            37.946142
          ],
          [
            -0.709368,
            37.946275
          ],
          [
            -0.709411,
            37.946369
          ],
          [
            -0.709355,
            37.946474
          ],
          [
            -0.709297,
            37.946609
          ],
          [
            -0.709214,
            37.946901
          ]
        ]
      }
    },
    {
      "type": "Feature",
      "properties": {
        "route_id": "081",
        "linweb": "01",
        "route_name": "Hospital - Los Altos - Punta Prima - Rocio del Mar",
        "direction_id": 1,
        "geometry_source": "official_api"
      },
      "geometry": {
        "type": "LineString",
        "coordinates": [
          [
            -0.70923,
            37.94695
          ],
          [
            -0.70919,
            37.94711
          ],
          [
            -0.70918,
            37.9472
          ],
          [
            -0.70986,
            37.94734
          ],
          [
            -0.71128,
            37.94763
          ],
          [
            -0.71146,
            37.94764
          ],
          [
            -0.71231,
            37.94781
          ],
          [
            -0.71236,
            37.94782
          ],
          [
            -0.71393,
            37.94816
          ],
          [
            -0.71415,
            37.9483
          ],
          [
            -0.71415,
            37.94833
          ],
          [
            -0.71416,
            37.94838
          ],
          [
            -0.71419,
            37.94844
          ],
          [
            -0.7143,
            37.94853
          ],
          [
            -0.71447,
            37.94855
          ],
          [
            -0.71459,
            37.94853
          ],
          [
            -0.71464,
            37.9485
          ],
          [
            -0.71468,
            37.94847
          ],
          [
            -0.71512,
            37.94857
          ],
          [
            -0.71563,
            37.94869
          ],
          [
            -0.71577,
            37.94872
          ],
          [
            -0.71598,
            37.94877
          ],
          [
            -0.71598,
            37.94877
          ],
          [
            -0.71819,
            37.94928
          ],
          [
            -0.7187,
            37.94942
          ],
          [
            -0.71949,
            37.94989
          ],
          [
            -0.71955,
            37.94993
          ],
          [
            -0.71954,
            37.94995
          ],
          [
            -0.71954,
            37.95
          ],
          [
            -0.71956,
            37.95005
          ],
          [
            -0.71958,
            37.95007
          ],
          [
            -0.7195,
            37.9502
          ],
          [
            -0.7192,
            37.95053
          ],
          [
            -0.71903,
            37.9508
          ],
          [
            -0.71893,
            37.951
          ],
          [
            -0.71883,
            37.95125
          ],
          [
            -0.71881,
            37.95125
          ],
          [
            -0.71878,
            37.95125
          ],
          [
            -0.71876,
            37.95126
          ],
          [
            -0.71872,
            37.95128
          ],
          [
            -0.71868,
            37.9513
          ],
          [
            -0.71864,
            37.95137
          ],
          [
            -0.71865,
            37.95145
          ],
          [
            -0.71871,
            37.95151
          ],
          [
            -0.7188,
            37.95154
          ],
          [
            -0.71869,
            37.95172
          ],
          [
            -0.71869,
            37.95172
          ],
          [
            -0.71836,
            37.95231
          ],
          [
            -0.718,
            37.95297
          ],
          [
            -0.71778,
            37.95337
          ],
          [
            -0.71751,
            37.95378
          ],
          [
            -0.71819,
            37.95388
          ],
          [
            -0.71865,
            37.95394
          ],
          [
            -0.7194,
            37.95406
          ],
          [
            -0.72099,
            37.95429
          ],
          [
            -0.72099,
            37.95429
          ],
          [
            -0.72152,
            37.95437
          ],
          [
            -0.72164,
            37.95436
          ],
          [
            -0.72267,
            37.95417
          ],
          [
            -0.72312,
            37.95409
          ],
          [
            -0.72423,
            37.95413
          ],
          [
            -0.72514,
            37.95416
          ],
          [
            -0.7251,
            37.95424
          ],
          [
            -0.72478,
            37.95452
          ],
          [
            -0.72472,
            37.95456
          ],
          [
            -0.72477,
            37.95473
          ],
          [
            -0.72479,
            37.95478
          ],
          [
            -0.72479,
            37.95478
          ],
          [
            -0.72496,
            37.95539
          ],
          [
            -0.72498,
            37.95549
          ],
          [
            -0.72496,
            37.95563
          ],
          [
            -0.7249,
            37.95576
          ],
          [
            -0.72485,
            37.95583
          ],
          [
            -0.72476,
            37.95591
          ],
          [
            -0.72453,
            37.95605
          ],
          [
            -0.72434,
            37.95614
          ],
          [
            -0.72356,
            37.95651
          ],
          [
            -0.7231,
            37.95666
          ],
          [
            -0.7231,
            37.95666
          ],
          [
            -0.72263,
            37.9568
          ],
          [
            -0.72228,
            37.95694
          ],
          [
            -0.72124,
            37.95774
          ],
          [
            -0.72112,
            37.95781
          ],
          [
            -0.72104,
            37.95781
          ],
          [
            -0.72011,
            37.95721
          ],
          [
            -0.71904,
            37.95654
          ],
          [
            -0.71904,
            37.95654
          ],
          [
            -0.71734,
            37.95548
          ],
          [
            -0.71692,
            37.95521
          ],
          [
            -0.71684,
            37.95512
          ],
          [
            -0.71683,
            37.95511
          ],
          [
            -0.71674,
            37.95496
          ],
          [
            -0.71606,
            37.95589
          ],
          [
            -0.71554,
            37.95663
          ],
          [
            -0.7155,
            37.95674
          ],
          [
            -0.71549,
            37.95686
          ],
          [
            -0.71554,
            37.95702
          ],
          [
            -0.71561,
            37.95714
          ],
          [
            -0.71573,
            37.95725
          ],
          [
            -0.71654,
            37.95789
          ],
          [
            -0.71737,
            37.95855
          ],
          [
            -0.71768,
            37.95881
          ],
          [
            -0.71768,
            37.95881
          ],
          [
            -0.7185,
            37.95949
          ],
          [
            -0.71865,
            37.95971
          ],
          [
            -0.71869,
            37.95985
          ],
          [
            -0.71869,
            37.96007
          ],
          [
            -0.71863,
            37.96032
          ],
          [
            -0.71858,
            37.96047
          ],
          [
            -0.71827,
            37.96152
          ],
          [
            -0.71813,
            37.96197
          ],
          [
            -0.71793,
            37.9622
          ],
          [
            -0.71785,
            37.96223
          ],
          [
            -0.71776,
            37.96231
          ],
          [
            -0.71774,
            37.96238
          ],
          [
            -0.71775,
            37.96246
          ],
          [
            -0.71779,
            37.96252
          ],
          [
            -0.71786,
            37.96257
          ],
          [
            -0.7179,
            37.96259
          ],
          [
            -0.71792,
            37.9626
          ],
          [
            -0.71784,
            37.96285
          ],
          [
            -0.71756,
            37.96371
          ],
          [
            -0.71739,
            37.96425
          ],
          [
            -0.71735,
            37.96435
          ]
        ]
      }
    },
    {
      "type": "Feature",
      "properties": {
        "route_id": "082",
        "linweb": "02",
        "route_name": "Hospital - Los Balcones - Lago Jardin",
        "direction_id": 0,
        "geometry_source": "official_api"
      },
      "geometry": {
        "type": "LineString",
        "coordinates": [
          [
            -0.71735,
            37.96435
          ],
          [
            -0.717244,
            37.964601
          ],
          [
            -0.717142,
            37.964729
          ],
          [
            -0.717109,
            37.964832
          ],
          [
            -0.717105,
            37.964918
          ],
          [
            -0.717122,
            37.964993
          ],
          [
            -0.717202,
            37.965058
          ],
          [
            -0.71728,
            37.965048
          ],
          [
            -0.717336,
            37.96496
          ],
          [
            -0.717365,
            37.964902
          ],
          [
            -0.717358,
            37.964844
          ],
          [
            -0.717328,
            37.964795
          ],
          [
            -0.717176,
            37.964715
          ],
          [
            -0.717294,
            37.964517
          ],
          [
            -0.71767,
            37.96338
          ],
          [
            -0.71792,
            37.9626
          ],
          [
            -0.71798,
            37.9626
          ],
          [
            -0.71807,
            37.9626
          ],
          [
            -0.71816,
            37.96256
          ],
          [
            -0.71822,
            37.96251
          ],
          [
            -0.71859,
            37.96252
          ],
          [
            -0.71893,
            37.96258
          ],
          [
            -0.7205,
            37.96288
          ],
          [
            -0.72276,
            37.96332
          ],
          [
            -0.72285,
            37.96336
          ],
          [
            -0.72286,
            37.96338
          ],
          [
            -0.7229,
            37.96341
          ],
          [
            -0.72294,
            37.96342
          ],
          [
            -0.72305,
            37.96341
          ],
          [
            -0.7231,
            37.96334
          ],
          [
            -0.72308,
            37.96326
          ],
          [
            -0.72305,
            37.96323
          ],
          [
            -0.72315,
            37.96311
          ],
          [
            -0.72318,
            37.96305
          ],
          [
            -0.72353,
            37.96272
          ],
          [
            -0.72364,
            37.9626
          ],
          [
            -0.72365,
            37.96258
          ],
          [
            -0.72373,
            37.96241
          ],
          [
            -0.72373,
            37.96241
          ],
          [
            -0.72407,
            37.96164
          ],
          [
            -0.72428,
            37.96113
          ],
          [
            -0.72442,
            37.96115
          ],
          [
            -0.7246,
            37.96075
          ],
          [
            -0.7249,
            37.96004
          ],
          [
            -0.72535,
            37.95901
          ],
          [
            -0.72535,
            37.95901
          ],
          [
            -0.72544,
            37.9588
          ],
          [
            -0.72553,
            37.95881
          ],
          [
            -0.72647,
            37.95895
          ],
          [
            -0.72712,
            37.95906
          ],
          [
            -0.72727,
            37.9591
          ],
          [
            -0.72739,
            37.95914
          ],
          [
            -0.72787,
            37.95945
          ],
          [
            -0.72851,
            37.95986
          ],
          [
            -0.72851,
            37.95986
          ],
          [
            -0.72926,
            37.96027
          ],
          [
            -0.72972,
            37.96061
          ],
          [
            -0.73003,
            37.96094
          ],
          [
            -0.73007,
            37.961
          ],
          [
            -0.73041,
            37.96087
          ],
          [
            -0.73093,
            37.9607
          ],
          [
            -0.73143,
            37.96052
          ],
          [
            -0.73169,
            37.96039
          ],
          [
            -0.73185,
            37.96029
          ],
          [
            -0.73193,
            37.96019
          ],
          [
            -0.73206,
            37.9599
          ],
          [
            -0.73211,
            37.95978
          ],
          [
            -0.73254,
            37.95979
          ],
          [
            -0.73299,
            37.9598
          ],
          [
            -0.73294,
            37.96051
          ],
          [
            -0.73291,
            37.96074
          ],
          [
            -0.73291,
            37.96074
          ],
          [
            -0.73273,
            37.96097
          ],
          [
            -0.73258,
            37.96118
          ],
          [
            -0.73237,
            37.96158
          ],
          [
            -0.73232,
            37.96194
          ],
          [
            -0.73222,
            37.96261
          ],
          [
            -0.73211,
            37.96333
          ],
          [
            -0.73183,
            37.96405
          ],
          [
            -0.73163,
            37.9646
          ],
          [
            -0.73161,
            37.96466
          ],
          [
            -0.73161,
            37.96466
          ],
          [
            -0.73158,
            37.96474
          ],
          [
            -0.73154,
            37.96479
          ],
          [
            -0.73145,
            37.9649
          ],
          [
            -0.73141,
            37.96491
          ],
          [
            -0.73134,
            37.96494
          ],
          [
            -0.73129,
            37.96499
          ],
          [
            -0.73128,
            37.96506
          ],
          [
            -0.73132,
            37.96513
          ],
          [
            -0.7314,
            37.96517
          ],
          [
            -0.73148,
            37.96517
          ],
          [
            -0.73156,
            37.96514
          ],
          [
            -0.73159,
            37.96512
          ],
          [
            -0.73169,
            37.96514
          ],
          [
            -0.73194,
            37.96522
          ],
          [
            -0.73232,
            37.96536
          ],
          [
            -0.73239,
            37.96538
          ],
          [
            -0.73239,
            37.96538
          ],
          [
            -0.7337,
            37.96584
          ],
          [
            -0.73447,
            37.96612
          ],
          [
            -0.73459,
            37.96619
          ],
          [
            -0.73465,
            37.96626
          ],
          [
            -0.73466,
            37.96628
          ],
          [
            -0.73468,
            37.96631
          ],
          [
            -0.73476,
            37.96637
          ],
          [
            -0.73485,
            37.96639
          ],
          [
            -0.73495,
            37.96636
          ],
          [
            -0.73501,
            37.9663
          ],
          [
            -0.73503,
            37.96622
          ],
          [
            -0.735,
            37.96615
          ],
          [
            -0.73498,
            37.96614
          ],
          [
            -0.73497,
            37.96608
          ],
          [
            -0.73501,
            37.96592
          ],
          [
            -0.73553,
            37.96497
          ],
          [
            -0.73595,
            37.96429
          ],
          [
            -0.736,
            37.96425
          ],
          [
            -0.73614,
            37.96423
          ],
          [
            -0.73637,
            37.96419
          ],
          [
            -0.73668,
            37.96412
          ],
          [
            -0.7368,
            37.96405
          ],
          [
            -0.7369,
            37.96396
          ],
          [
            -0.73728,
            37.96351
          ],
          [
            -0.73782,
            37.96289
          ],
          [
            -0.73824,
            37.96242
          ],
          [
            -0.7384,
            37.96224
          ],
          [
            -0.7384,
            37.96224
          ],
          [
            -0.7385,
            37.96213
          ],
          [
            -0.73854,
            37.96209
          ],
          [
            -0.7384,
            37.96201
          ],
          [
            -0.73765,
            37.96161
          ],
          [
            -0.73691,
            37.96243
          ],
          [
            -0.73683,
            37.96254
          ],
          [
            -0.73733,
            37.96282
          ],
          [
            -0.7377,
            37.96303
          ],
          [
            -0.7369,
            37.96396
          ],
          [
            -0.73676,
            37.96408
          ],
          [
            -0.73664,
            37.96413
          ],
          [
            -0.73631,
            37.9642
          ],
          [
            -0.736,
            37.96425
          ],
          [
            -0.73598,
            37.96427
          ],
          [
            -0.73593,
            37.96431
          ],
          [
            -0.73581,
            37.9645
          ],
          [
            -0.73543,
            37.96517
          ],
          [
            -0.7357,
            37.96526
          ],
          [
            -0.73613,
            37.96541
          ],
          [
            -0.73613,
            37.96541
          ],
          [
            -0.73695,
            37.96569
          ],
          [
            -0.73716,
            37.96562
          ],
          [
            -0.73778,
            37.96543
          ],
          [
            -0.73857,
            37.96521
          ],
          [
            -0.7388,
            37.96514
          ],
          [
            -0.7388,
            37.96514
          ],
          [
            -0.74045,
            37.96465
          ],
          [
            -0.74095,
            37.96451
          ],
          [
            -0.74103,
            37.96486
          ],
          [
            -0.74112,
            37.96523
          ],
          [
            -0.74145,
            37.96609
          ],
          [
            -0.74182,
            37.96692
          ],
          [
            -0.7419,
            37.96711
          ],
          [
            -0.74198,
            37.96736
          ],
          [
            -0.742,
            37.96754
          ]
        ]
      }
    },
    {
      "type": "Feature",
      "properties": {
        "route_id": "082",
        "linweb": "02",
        "route_name": "Hospital - Los Balcones - Lago Jardin",
        "direction_id": 1,
        "geometry_source": "official_api"
      },
      "geometry": {
        "type": "LineString",
        "coordinates": [
          [
            -0.74183,
            37.96696
          ],
          [
            -0.7419,
            37.96711
          ],
          [
            -0.74198,
            37.96736
          ],
          [
            -0.74201,
            37.96761
          ],
          [
            -0.74199,
            37.96795
          ],
          [
            -0.74186,
            37.96823
          ],
          [
            -0.74181,
            37.96828
          ],
          [
            -0.74176,
            37.96829
          ],
          [
            -0.74168,
            37.96832
          ],
          [
            -0.7413,
            37.9683
          ],
          [
            -0.74092,
            37.96827
          ],
          [
            -0.74088,
            37.96827
          ],
          [
            -0.74081,
            37.96821
          ],
          [
            -0.74074,
            37.96813
          ],
          [
            -0.74067,
            37.96797
          ],
          [
            -0.74065,
            37.96788
          ],
          [
            -0.738062,
            37.96701
          ],
          [
            -0.73806,
            37.96701
          ],
          [
            -0.73603,
            37.96632
          ],
          [
            -0.73507,
            37.96598
          ],
          [
            -0.73501,
            37.96592
          ],
          [
            -0.73553,
            37.96497
          ],
          [
            -0.73595,
            37.96429
          ],
          [
            -0.736,
            37.96425
          ],
          [
            -0.73614,
            37.96423
          ],
          [
            -0.73637,
            37.96419
          ],
          [
            -0.73668,
            37.96412
          ],
          [
            -0.7368,
            37.96405
          ],
          [
            -0.7369,
            37.96396
          ],
          [
            -0.73728,
            37.96351
          ],
          [
            -0.73782,
            37.96289
          ],
          [
            -0.73824,
            37.96242
          ],
          [
            -0.7384,
            37.96224
          ],
          [
            -0.7384,
            37.96224
          ],
          [
            -0.7385,
            37.96213
          ],
          [
            -0.73854,
            37.96209
          ],
          [
            -0.7384,
            37.96201
          ],
          [
            -0.73765,
            37.96161
          ],
          [
            -0.73691,
            37.96243
          ],
          [
            -0.73683,
            37.96254
          ],
          [
            -0.73733,
            37.96282
          ],
          [
            -0.7377,
            37.96303
          ],
          [
            -0.7369,
            37.96396
          ],
          [
            -0.73676,
            37.96408
          ],
          [
            -0.73664,
            37.96413
          ],
          [
            -0.73631,
            37.9642
          ],
          [
            -0.736,
            37.96425
          ],
          [
            -0.73598,
            37.96427
          ],
          [
            -0.73593,
            37.96431
          ],
          [
            -0.73581,
            37.9645
          ],
          [
            -0.73518,
            37.96561
          ],
          [
            -0.735,
            37.96595
          ],
          [
            -0.73494,
            37.96603
          ],
          [
            -0.73489,
            37.96608
          ],
          [
            -0.73478,
            37.9661
          ],
          [
            -0.73473,
            37.96612
          ],
          [
            -0.73451,
            37.96608
          ],
          [
            -0.73363,
            37.96577
          ],
          [
            -0.73324,
            37.96563
          ],
          [
            -0.73324,
            37.96563
          ],
          [
            -0.73225,
            37.96528
          ],
          [
            -0.73177,
            37.96512
          ],
          [
            -0.73162,
            37.96504
          ],
          [
            -0.73162,
            37.96501
          ],
          [
            -0.7316,
            37.96498
          ],
          [
            -0.73155,
            37.96493
          ],
          [
            -0.73158,
            37.96474
          ],
          [
            -0.73159,
            37.96472
          ],
          [
            -0.73211,
            37.96333
          ],
          [
            -0.73233,
            37.96189
          ],
          [
            -0.73236,
            37.9616
          ],
          [
            -0.73248,
            37.96136
          ],
          [
            -0.73266,
            37.96107
          ],
          [
            -0.73279,
            37.96089
          ],
          [
            -0.73286,
            37.96081
          ],
          [
            -0.73286,
            37.96081
          ],
          [
            -0.73292,
            37.96069
          ],
          [
            -0.73294,
            37.96051
          ],
          [
            -0.73297,
            37.96015
          ],
          [
            -0.73299,
            37.9598
          ],
          [
            -0.73254,
            37.95979
          ],
          [
            -0.73211,
            37.95978
          ],
          [
            -0.73206,
            37.9599
          ],
          [
            -0.73193,
            37.96019
          ],
          [
            -0.73185,
            37.96029
          ],
          [
            -0.73169,
            37.96039
          ],
          [
            -0.73143,
            37.96052
          ],
          [
            -0.73093,
            37.9607
          ],
          [
            -0.73041,
            37.96087
          ],
          [
            -0.73007,
            37.961
          ],
          [
            -0.73003,
            37.96094
          ],
          [
            -0.72992,
            37.96082
          ],
          [
            -0.72949,
            37.96043
          ],
          [
            -0.72904,
            37.96015
          ],
          [
            -0.72883,
            37.96003
          ],
          [
            -0.72883,
            37.96003
          ],
          [
            -0.72817,
            37.95965
          ],
          [
            -0.72787,
            37.95945
          ],
          [
            -0.72739,
            37.95914
          ],
          [
            -0.72727,
            37.9591
          ],
          [
            -0.72712,
            37.95906
          ],
          [
            -0.72647,
            37.95895
          ],
          [
            -0.72522,
            37.95875
          ],
          [
            -0.72495,
            37.95869
          ],
          [
            -0.72489,
            37.95884
          ],
          [
            -0.72478,
            37.95915
          ],
          [
            -0.72478,
            37.95915
          ],
          [
            -0.72461,
            37.95961
          ],
          [
            -0.72419,
            37.96049
          ],
          [
            -0.72406,
            37.96076
          ],
          [
            -0.72393,
            37.96106
          ],
          [
            -0.72412,
            37.9611
          ],
          [
            -0.72428,
            37.96113
          ],
          [
            -0.7241,
            37.96157
          ],
          [
            -0.7241,
            37.96157
          ],
          [
            -0.72365,
            37.96258
          ],
          [
            -0.72353,
            37.96272
          ],
          [
            -0.72318,
            37.96305
          ],
          [
            -0.72312,
            37.96308
          ],
          [
            -0.72311,
            37.96308
          ],
          [
            -0.72294,
            37.96321
          ],
          [
            -0.7229,
            37.96323
          ],
          [
            -0.72286,
            37.96325
          ],
          [
            -0.72276,
            37.96326
          ],
          [
            -0.72152,
            37.96303
          ],
          [
            -0.7198,
            37.96271
          ],
          [
            -0.71874,
            37.96252
          ],
          [
            -0.71826,
            37.96238
          ],
          [
            -0.71823,
            37.96231
          ],
          [
            -0.71814,
            37.96222
          ],
          [
            -0.71805,
            37.9622
          ],
          [
            -0.71796,
            37.96219
          ],
          [
            -0.71787,
            37.96222
          ],
          [
            -0.71778,
            37.96229
          ],
          [
            -0.71774,
            37.96236
          ],
          [
            -0.71774,
            37.96244
          ],
          [
            -0.71778,
            37.96251
          ],
          [
            -0.71784,
            37.96256
          ],
          [
            -0.71792,
            37.9626
          ],
          [
            -0.71748,
            37.96395
          ],
          [
            -0.71735,
            37.96435
          ]
        ]
      }
    },
    {
      "type": "Feature",
      "properties": {
        "route_id": "083",
        "linweb": "03",
        "route_name": "Gregorio Maranon - Desiderio Rodriguez - Mar Azul - Hospital",
        "direction_id": 0,
        "geometry_source": "official_api"
      },
      "geometry": {
        "type": "LineString",
        "coordinates": [
          [
            -0.68669,
            37.97689
          ],
          [
            -0.68636,
            37.97682
          ],
          [
            -0.68609,
            37.97679
          ],
          [
            -0.68587,
            37.9768
          ],
          [
            -0.68521,
            37.977
          ],
          [
            -0.68505,
            37.97704
          ],
          [
            -0.68529,
            37.97762
          ],
          [
            -0.68562,
            37.97833
          ],
          [
            -0.68582,
            37.97872
          ],
          [
            -0.68608,
            37.9793
          ],
          [
            -0.68629,
            37.97974
          ],
          [
            -0.6865,
            37.98016
          ],
          [
            -0.68686,
            37.98009
          ],
          [
            -0.68703,
            37.98005
          ],
          [
            -0.68754,
            37.97995
          ],
          [
            -0.68754,
            37.97995
          ],
          [
            -0.68957,
            37.97954
          ],
          [
            -0.68936,
            37.9786
          ],
          [
            -0.68932,
            37.97846
          ],
          [
            -0.68932,
            37.97846
          ],
          [
            -0.68925,
            37.97823
          ],
          [
            -0.6891,
            37.9775
          ],
          [
            -0.68937,
            37.97739
          ],
          [
            -0.68955,
            37.97736
          ],
          [
            -0.68979,
            37.97723
          ],
          [
            -0.68993,
            37.9771
          ],
          [
            -0.69009,
            37.97695
          ],
          [
            -0.69009,
            37.97695
          ],
          [
            -0.69042,
            37.97662
          ],
          [
            -0.69097,
            37.97602
          ],
          [
            -0.69238,
            37.97454
          ],
          [
            -0.69405,
            37.97277
          ],
          [
            -0.69451,
            37.97228
          ],
          [
            -0.69451,
            37.97228
          ],
          [
            -0.69876,
            37.96779
          ],
          [
            -0.6988,
            37.96774
          ],
          [
            -0.698886,
            37.967644
          ],
          [
            -0.699212,
            37.967304
          ],
          [
            -0.69944,
            37.967099
          ],
          [
            -0.699448,
            37.967102
          ],
          [
            -0.69996,
            37.96653
          ],
          [
            -0.70001,
            37.96647
          ],
          [
            -0.70034,
            37.96612
          ],
          [
            -0.7007,
            37.96574
          ],
          [
            -0.70192,
            37.96444
          ],
          [
            -0.70243,
            37.9639
          ],
          [
            -0.70251,
            37.96386
          ],
          [
            -0.70346,
            37.96286
          ],
          [
            -0.70378,
            37.96253
          ],
          [
            -0.70378,
            37.96253
          ],
          [
            -0.70458,
            37.96166
          ],
          [
            -0.70475,
            37.9615
          ],
          [
            -0.70492,
            37.96142
          ],
          [
            -0.70503,
            37.96139
          ],
          [
            -0.70508,
            37.96139
          ],
          [
            -0.70515,
            37.96142
          ],
          [
            -0.70529,
            37.96141
          ],
          [
            -0.70539,
            37.96136
          ],
          [
            -0.70544,
            37.96128
          ],
          [
            -0.70543,
            37.96118
          ],
          [
            -0.70534,
            37.96109
          ],
          [
            -0.70526,
            37.96106
          ],
          [
            -0.70518,
            37.96106
          ],
          [
            -0.70508,
            37.96109
          ],
          [
            -0.70492,
            37.96107
          ],
          [
            -0.70487,
            37.96104
          ],
          [
            -0.70547,
            37.96039
          ],
          [
            -0.70469,
            37.96017
          ],
          [
            -0.70426,
            37.96005
          ],
          [
            -0.70297,
            37.95969
          ],
          [
            -0.70275,
            37.95964
          ],
          [
            -0.70294,
            37.95922
          ],
          [
            -0.70307,
            37.95907
          ],
          [
            -0.70317,
            37.95885
          ],
          [
            -0.70326,
            37.95864
          ],
          [
            -0.70364,
            37.95772
          ],
          [
            -0.7038,
            37.95732
          ],
          [
            -0.7038,
            37.95732
          ],
          [
            -0.70399,
            37.95688
          ],
          [
            -0.70445,
            37.95698
          ],
          [
            -0.70575,
            37.95726
          ],
          [
            -0.70588,
            37.95734
          ],
          [
            -0.70588,
            37.95734
          ],
          [
            -0.70658,
            37.95782
          ],
          [
            -0.70696,
            37.95808
          ],
          [
            -0.70655,
            37.95851
          ],
          [
            -0.70613,
            37.95897
          ],
          [
            -0.70606,
            37.95914
          ],
          [
            -0.70606,
            37.95914
          ],
          [
            -0.70573,
            37.95994
          ],
          [
            -0.70557,
            37.96024
          ],
          [
            -0.70552,
            37.96033
          ],
          [
            -0.70487,
            37.96104
          ],
          [
            -0.70492,
            37.96107
          ],
          [
            -0.70499,
            37.96119
          ],
          [
            -0.70499,
            37.96121
          ],
          [
            -0.70498,
            37.96125
          ],
          [
            -0.70499,
            37.96131
          ],
          [
            -0.70503,
            37.96136
          ],
          [
            -0.70517,
            37.96142
          ],
          [
            -0.70531,
            37.96141
          ],
          [
            -0.7054,
            37.96135
          ],
          [
            -0.70541,
            37.96133
          ],
          [
            -0.70574,
            37.96137
          ],
          [
            -0.70734,
            37.9615
          ],
          [
            -0.70792,
            37.96154
          ],
          [
            -0.7084,
            37.96159
          ],
          [
            -0.70863,
            37.96169
          ],
          [
            -0.70868,
            37.9618
          ],
          [
            -0.7088,
            37.96189
          ],
          [
            -0.70892,
            37.96192
          ],
          [
            -0.70903,
            37.96191
          ],
          [
            -0.70918,
            37.96185
          ],
          [
            -0.70925,
            37.96179
          ],
          [
            -0.70927,
            37.96175
          ],
          [
            -0.70955,
            37.96165
          ],
          [
            -0.71136,
            37.9618
          ],
          [
            -0.71454,
            37.96206
          ],
          [
            -0.7168,
            37.96223
          ],
          [
            -0.71714,
            37.96229
          ],
          [
            -0.7173,
            37.96232
          ],
          [
            -0.71758,
            37.96239
          ],
          [
            -0.71775,
            37.96246
          ],
          [
            -0.71776,
            37.96249
          ],
          [
            -0.71782,
            37.96255
          ],
          [
            -0.7179,
            37.96259
          ],
          [
            -0.71792,
            37.9626
          ],
          [
            -0.71784,
            37.96285
          ],
          [
            -0.71756,
            37.96371
          ],
          [
            -0.71735,
            37.96435
          ]
        ]
      }
    },
    {
      "type": "Feature",
      "properties": {
        "route_id": "083",
        "linweb": "03",
        "route_name": "Gregorio Maranon - Desiderio Rodriguez - Mar Azul - Hospital",
        "direction_id": 1,
        "geometry_source": "official_api"
      },
      "geometry": {
        "type": "LineString",
        "coordinates": [
          [
            -0.71735,
            37.96435
          ],
          [
            -0.717226,
            37.96461
          ],
          [
            -0.717139,
            37.964742
          ],
          [
            -0.717193,
            37.964822
          ],
          [
            -0.717123,
            37.9649
          ],
          [
            -0.717078,
            37.964981
          ],
          [
            -0.717079,
            37.965045
          ],
          [
            -0.717104,
            37.965098
          ],
          [
            -0.717161,
            37.965121
          ],
          [
            -0.717248,
            37.965103
          ],
          [
            -0.71731,
            37.965035
          ],
          [
            -0.71735,
            37.964965
          ],
          [
            -0.717344,
            37.964877
          ],
          [
            -0.717322,
            37.964826
          ],
          [
            -0.717172,
            37.964717
          ],
          [
            -0.717311,
            37.964486
          ],
          [
            -0.71767,
            37.96338
          ],
          [
            -0.71792,
            37.9626
          ],
          [
            -0.71798,
            37.9626
          ],
          [
            -0.71807,
            37.9626
          ],
          [
            -0.71816,
            37.96256
          ],
          [
            -0.71822,
            37.96251
          ],
          [
            -0.71825,
            37.96245
          ],
          [
            -0.71826,
            37.96238
          ],
          [
            -0.71823,
            37.96231
          ],
          [
            -0.71814,
            37.96222
          ],
          [
            -0.71805,
            37.9622
          ],
          [
            -0.71796,
            37.96219
          ],
          [
            -0.71787,
            37.96222
          ],
          [
            -0.71778,
            37.96229
          ],
          [
            -0.71749,
            37.96228
          ],
          [
            -0.71691,
            37.96223
          ],
          [
            -0.71584,
            37.96216
          ],
          [
            -0.71386,
            37.962
          ],
          [
            -0.71087,
            37.96176
          ],
          [
            -0.70982,
            37.96168
          ],
          [
            -0.70955,
            37.96165
          ],
          [
            -0.70926,
            37.96155
          ],
          [
            -0.70922,
            37.9615
          ],
          [
            -0.70917,
            37.96146
          ],
          [
            -0.70904,
            37.9614
          ],
          [
            -0.70886,
            37.9614
          ],
          [
            -0.70875,
            37.96144
          ],
          [
            -0.70867,
            37.96152
          ],
          [
            -0.70849,
            37.96154
          ],
          [
            -0.70668,
            37.96139
          ],
          [
            -0.70583,
            37.96134
          ],
          [
            -0.70562,
            37.96132
          ],
          [
            -0.70554,
            37.96129
          ],
          [
            -0.70544,
            37.96123
          ],
          [
            -0.70544,
            37.96121
          ],
          [
            -0.70541,
            37.96115
          ],
          [
            -0.70537,
            37.9611
          ],
          [
            -0.70529,
            37.96107
          ],
          [
            -0.70522,
            37.96106
          ],
          [
            -0.70514,
            37.96107
          ],
          [
            -0.7051,
            37.96108
          ],
          [
            -0.70508,
            37.96109
          ],
          [
            -0.70492,
            37.96107
          ],
          [
            -0.70487,
            37.96104
          ],
          [
            -0.70547,
            37.96039
          ],
          [
            -0.70469,
            37.96017
          ],
          [
            -0.70383,
            37.95992
          ],
          [
            -0.70297,
            37.95969
          ],
          [
            -0.70275,
            37.95964
          ],
          [
            -0.70294,
            37.95922
          ],
          [
            -0.70307,
            37.95907
          ],
          [
            -0.70317,
            37.95885
          ],
          [
            -0.70326,
            37.95864
          ],
          [
            -0.7038,
            37.95732
          ],
          [
            -0.7038,
            37.95732
          ],
          [
            -0.70399,
            37.95688
          ],
          [
            -0.70445,
            37.95698
          ],
          [
            -0.70575,
            37.95726
          ],
          [
            -0.70588,
            37.95734
          ],
          [
            -0.70588,
            37.95734
          ],
          [
            -0.70658,
            37.95782
          ],
          [
            -0.70696,
            37.95808
          ],
          [
            -0.70655,
            37.95851
          ],
          [
            -0.70613,
            37.95897
          ],
          [
            -0.70606,
            37.95914
          ],
          [
            -0.70606,
            37.95914
          ],
          [
            -0.70573,
            37.95994
          ],
          [
            -0.70557,
            37.96024
          ],
          [
            -0.70552,
            37.96033
          ],
          [
            -0.70487,
            37.96104
          ],
          [
            -0.70492,
            37.96107
          ],
          [
            -0.70499,
            37.96119
          ],
          [
            -0.70499,
            37.96121
          ],
          [
            -0.70498,
            37.96125
          ],
          [
            -0.70499,
            37.96129
          ],
          [
            -0.70477,
            37.96141
          ],
          [
            -0.70455,
            37.96158
          ],
          [
            -0.70443,
            37.9617
          ],
          [
            -0.7036,
            37.9626
          ],
          [
            -0.703219,
            37.962969
          ],
          [
            -0.70324,
            37.96298
          ],
          [
            -0.7025,
            37.96377
          ],
          [
            -0.70245,
            37.96383
          ],
          [
            -0.70243,
            37.9639
          ],
          [
            -0.70158,
            37.9648
          ],
          [
            -0.701,
            37.96542
          ],
          [
            -0.70011,
            37.96637
          ],
          [
            -0.6995,
            37.96701
          ],
          [
            -0.69942,
            37.96709
          ],
          [
            -0.69942,
            37.96709
          ],
          [
            -0.69499,
            37.97177
          ],
          [
            -0.69491,
            37.97175
          ],
          [
            -0.6948,
            37.97176
          ],
          [
            -0.69473,
            37.97181
          ],
          [
            -0.6947,
            37.97189
          ],
          [
            -0.6947,
            37.97193
          ],
          [
            -0.6947,
            37.97193
          ],
          [
            -0.69475,
            37.97199
          ],
          [
            -0.69477,
            37.97201
          ],
          [
            -0.69469,
            37.97209
          ],
          [
            -0.69408,
            37.97274
          ],
          [
            -0.69337,
            37.97349
          ],
          [
            -0.69259,
            37.97431
          ],
          [
            -0.69051,
            37.97652
          ],
          [
            -0.69051,
            37.97652
          ],
          [
            -0.6903,
            37.97675
          ],
          [
            -0.68993,
            37.9771
          ],
          [
            -0.68979,
            37.97723
          ],
          [
            -0.68955,
            37.97736
          ],
          [
            -0.68937,
            37.97739
          ],
          [
            -0.68909,
            37.97739
          ],
          [
            -0.68757,
            37.97706
          ],
          [
            -0.68698,
            37.97695
          ],
          [
            -0.68669,
            37.97689
          ]
        ]
      }
    },
    {
      "type": "Feature",
      "properties": {
        "route_id": "084",
        "linweb": "04",
        "route_name": "Gregorio Maranon - Centros Comerciales - La Torreta - C. Salud La Siesta",
        "direction_id": 0,
        "geometry_source": "official_api"
      },
      "geometry": {
        "type": "LineString",
        "coordinates": [
          [
            -0.68669,
            37.97689
          ],
          [
            -0.68636,
            37.97682
          ],
          [
            -0.68609,
            37.97679
          ],
          [
            -0.68587,
            37.9768
          ],
          [
            -0.68521,
            37.977
          ],
          [
            -0.68505,
            37.97704
          ],
          [
            -0.68529,
            37.97762
          ],
          [
            -0.68562,
            37.97833
          ],
          [
            -0.68582,
            37.97872
          ],
          [
            -0.68608,
            37.9793
          ],
          [
            -0.68669,
            37.98057
          ],
          [
            -0.68644,
            37.98193
          ],
          [
            -0.6863,
            37.98273
          ],
          [
            -0.6863,
            37.98273
          ],
          [
            -0.68618,
            37.98317
          ],
          [
            -0.68613,
            37.98333
          ],
          [
            -0.68612,
            37.98356
          ],
          [
            -0.68607,
            37.98359
          ],
          [
            -0.68604,
            37.98364
          ],
          [
            -0.68602,
            37.98369
          ],
          [
            -0.68602,
            37.98374
          ],
          [
            -0.68608,
            37.98381
          ],
          [
            -0.68619,
            37.98386
          ],
          [
            -0.68631,
            37.98385
          ],
          [
            -0.6864,
            37.98378
          ],
          [
            -0.68643,
            37.98374
          ],
          [
            -0.68643,
            37.98371
          ],
          [
            -0.68653,
            37.98368
          ],
          [
            -0.68691,
            37.98358
          ],
          [
            -0.68723,
            37.98349
          ],
          [
            -0.68744,
            37.98341
          ],
          [
            -0.68791,
            37.98312
          ],
          [
            -0.68887,
            37.98246
          ],
          [
            -0.68924,
            37.98221
          ],
          [
            -0.68939,
            37.98211
          ],
          [
            -0.68947,
            37.98209
          ],
          [
            -0.6896,
            37.98205
          ],
          [
            -0.68971,
            37.98205
          ],
          [
            -0.68985,
            37.98208
          ],
          [
            -0.68998,
            37.98216
          ],
          [
            -0.69014,
            37.98229
          ],
          [
            -0.69018,
            37.98248
          ],
          [
            -0.69018,
            37.98248
          ],
          [
            -0.69031,
            37.98317
          ],
          [
            -0.69042,
            37.98359
          ],
          [
            -0.69048,
            37.9837
          ],
          [
            -0.69063,
            37.98394
          ],
          [
            -0.69062,
            37.98402
          ],
          [
            -0.69076,
            37.98429
          ],
          [
            -0.69088,
            37.98446
          ],
          [
            -0.69138,
            37.98496
          ],
          [
            -0.69199,
            37.98557
          ],
          [
            -0.69201,
            37.98564
          ],
          [
            -0.69227,
            37.98683
          ],
          [
            -0.69235,
            37.98715
          ],
          [
            -0.69193,
            37.98745
          ],
          [
            -0.6919,
            37.98747
          ],
          [
            -0.69116,
            37.98797
          ],
          [
            -0.69044,
            37.98853
          ],
          [
            -0.69043,
            37.98859
          ],
          [
            -0.6904,
            37.98868
          ],
          [
            -0.69031,
            37.98872
          ],
          [
            -0.69023,
            37.98878
          ],
          [
            -0.6902,
            37.98878
          ],
          [
            -0.69014,
            37.98877
          ],
          [
            -0.69003,
            37.98881
          ],
          [
            -0.68995,
            37.98889
          ],
          [
            -0.68994,
            37.98896
          ],
          [
            -0.68819,
            37.98919
          ],
          [
            -0.68814,
            37.9892
          ],
          [
            -0.68813,
            37.98917
          ],
          [
            -0.68812,
            37.98916
          ],
          [
            -0.68809,
            37.98912
          ],
          [
            -0.688,
            37.98908
          ],
          [
            -0.6879,
            37.98907
          ],
          [
            -0.68779,
            37.98912
          ],
          [
            -0.68775,
            37.98921
          ],
          [
            -0.68776,
            37.98929
          ],
          [
            -0.68783,
            37.98935
          ],
          [
            -0.68788,
            37.98938
          ],
          [
            -0.688,
            37.9896
          ],
          [
            -0.68804,
            37.9897
          ],
          [
            -0.688,
            37.98987
          ],
          [
            -0.6883,
            37.99076
          ],
          [
            -0.68842,
            37.99112
          ],
          [
            -0.68842,
            37.99112
          ],
          [
            -0.68855,
            37.9915
          ],
          [
            -0.68863,
            37.99163
          ],
          [
            -0.6887,
            37.99168
          ],
          [
            -0.68874,
            37.99177
          ],
          [
            -0.68874,
            37.9919
          ],
          [
            -0.68874,
            37.99193
          ],
          [
            -0.68869,
            37.99195
          ],
          [
            -0.68862,
            37.99199
          ],
          [
            -0.68855,
            37.99204
          ],
          [
            -0.68849,
            37.99218
          ],
          [
            -0.68849,
            37.99227
          ],
          [
            -0.68857,
            37.99239
          ],
          [
            -0.68865,
            37.99245
          ],
          [
            -0.68873,
            37.99248
          ],
          [
            -0.68891,
            37.99249
          ],
          [
            -0.68901,
            37.99246
          ],
          [
            -0.6891,
            37.99242
          ],
          [
            -0.68918,
            37.99232
          ],
          [
            -0.68921,
            37.99221
          ],
          [
            -0.68944,
            37.99212
          ],
          [
            -0.69007,
            37.992
          ],
          [
            -0.69008,
            37.99202
          ],
          [
            -0.69012,
            37.99205
          ],
          [
            -0.69017,
            37.99208
          ],
          [
            -0.69028,
            37.99207
          ],
          [
            -0.6903,
            37.99206
          ],
          [
            -0.6904,
            37.9922
          ],
          [
            -0.69061,
            37.99284
          ],
          [
            -0.69103,
            37.99427
          ],
          [
            -0.6911,
            37.99483
          ],
          [
            -0.69121,
            37.99599
          ],
          [
            -0.69121,
            37.99599
          ],
          [
            -0.69128,
            37.99661
          ],
          [
            -0.69135,
            37.99704
          ],
          [
            -0.69138,
            37.99713
          ],
          [
            -0.69173,
            37.99783
          ],
          [
            -0.69191,
            37.99822
          ],
          [
            -0.69219,
            37.99817
          ],
          [
            -0.69316,
            37.99799
          ],
          [
            -0.69436,
            37.99777
          ],
          [
            -0.69518,
            37.99763
          ],
          [
            -0.69518,
            37.99763
          ],
          [
            -0.69601,
            37.99747
          ],
          [
            -0.69607,
            37.99745
          ],
          [
            -0.69681,
            37.99685
          ],
          [
            -0.69732,
            37.99646
          ],
          [
            -0.69735,
            37.99648
          ],
          [
            -0.69742,
            37.9965
          ],
          [
            -0.69752,
            37.99651
          ],
          [
            -0.6976,
            37.99649
          ],
          [
            -0.69763,
            37.99647
          ],
          [
            -0.69771,
            37.99652
          ],
          [
            -0.698,
            37.9968
          ],
          [
            -0.698,
            37.9968
          ],
          [
            -0.69864,
            37.99741
          ],
          [
            -0.69861,
            37.99743
          ],
          [
            -0.69857,
            37.99749
          ],
          [
            -0.69855,
            37.99755
          ],
          [
            -0.69857,
            37.99762
          ],
          [
            -0.69861,
            37.99768
          ],
          [
            -0.69867,
            37.99772
          ],
          [
            -0.69881,
            37.99775
          ],
          [
            -0.6989,
            37.99773
          ],
          [
            -0.69896,
            37.9977
          ],
          [
            -0.69969,
            37.99841
          ],
          [
            -0.69977,
            37.99845
          ],
          [
            -0.699827,
            37.998481
          ],
          [
            -0.6999,
            37.9985
          ],
          [
            -0.70009,
            37.99853
          ],
          [
            -0.70009,
            37.99853
          ],
          [
            -0.70077,
            37.99863
          ],
          [
            -0.70204,
            37.99883
          ],
          [
            -0.70251,
            37.99899
          ],
          [
            -0.70283,
            37.99919
          ],
          [
            -0.70305,
            37.99935
          ],
          [
            -0.70344,
            37.99969
          ],
          [
            -0.70365,
            37.99994
          ],
          [
            -0.70379,
            38.00013
          ],
          [
            -0.70346,
            38.00038
          ],
          [
            -0.70308,
            38.00067
          ],
          [
            -0.7028,
            38.00088
          ],
          [
            -0.7028,
            38.00088
          ],
          [
            -0.70172,
            38.0017
          ],
          [
            -0.70161,
            38.00172
          ],
          [
            -0.7013,
            38.0017
          ],
          [
            -0.70079,
            38.0016
          ],
          [
            -0.70047,
            38.00156
          ],
          [
            -0.69922,
            38.00141
          ],
          [
            -0.69907,
            38.0014
          ],
          [
            -0.69907,
            38.0014
          ],
          [
            -0.69632,
            38.00107
          ],
          [
            -0.6963,
            38.00107
          ],
          [
            -0.69623,
            38.00145
          ],
          [
            -0.69618,
            38.0018
          ],
          [
            -0.69613,
            38.00252
          ],
          [
            -0.69613,
            38.00312
          ],
          [
            -0.69616,
            38.00331
          ],
          [
            -0.69623,
            38.00368
          ],
          [
            -0.69638,
            38.00426
          ],
          [
            -0.69638,
            38.00455
          ],
          [
            -0.69638,
            38.00457
          ],
          [
            -0.69641,
            38.00475
          ],
          [
            -0.6965,
            38.00503
          ],
          [
            -0.6965,
            38.00503
          ],
          [
            -0.69672,
            38.00567
          ],
          [
            -0.69661,
            38.0057
          ],
          [
            -0.69542,
            38.00621
          ],
          [
            -0.69436,
            38.00666
          ],
          [
            -0.69436,
            38.00666
          ],
          [
            -0.69412,
            38.00677
          ],
          [
            -0.69415,
            38.00688
          ],
          [
            -0.69456,
            38.00807
          ],
          [
            -0.69484,
            38.0089
          ],
          [
            -0.69484,
            38.0089
          ],
          [
            -0.69506,
            38.00947
          ],
          [
            -0.69523,
            38.00964
          ],
          [
            -0.69543,
            38.00976
          ],
          [
            -0.69567,
            38.00982
          ],
          [
            -0.69582,
            38.00986
          ],
          [
            -0.69587,
            38.00991
          ],
          [
            -0.69598,
            38.00994
          ],
          [
            -0.69597,
            38.00996
          ],
          [
            -0.69597,
            38.00999
          ],
          [
            -0.69592,
            38.01005
          ],
          [
            -0.69579,
            38.01014
          ],
          [
            -0.69556,
            38.01017
          ],
          [
            -0.69551,
            38.01016
          ],
          [
            -0.69536,
            38.01014
          ],
          [
            -0.69525,
            38.01016
          ],
          [
            -0.69511,
            38.01024
          ],
          [
            -0.69508,
            38.01027
          ],
          [
            -0.69506,
            38.01032
          ],
          [
            -0.69505,
            38.01042
          ],
          [
            -0.69486,
            38.01058
          ],
          [
            -0.6947,
            38.01064
          ],
          [
            -0.6947,
            38.01064
          ],
          [
            -0.69439,
            38.01075
          ],
          [
            -0.69486,
            38.01138
          ],
          [
            -0.69278,
            38.01273
          ],
          [
            -0.6922,
            38.01312
          ],
          [
            -0.69202,
            38.01286
          ]
        ]
      }
    },
    {
      "type": "Feature",
      "properties": {
        "route_id": "084",
        "linweb": "04",
        "route_name": "Gregorio Maranon - Centros Comerciales - La Torreta - C. Salud La Siesta",
        "direction_id": 1,
        "geometry_source": "official_api"
      },
      "geometry": {
        "type": "LineString",
        "coordinates": [
          [
            -0.69202,
            38.01286
          ],
          [
            -0.69104,
            38.01146
          ],
          [
            -0.69061,
            38.01083
          ],
          [
            -0.69153,
            38.0106
          ],
          [
            -0.69277,
            38.01031
          ],
          [
            -0.69346,
            38.01024
          ],
          [
            -0.69406,
            38.01019
          ],
          [
            -0.6941,
            38.01026
          ],
          [
            -0.69414,
            38.01032
          ],
          [
            -0.69414,
            38.01032
          ],
          [
            -0.69442,
            38.0108
          ],
          [
            -0.69446,
            38.01084
          ],
          [
            -0.69469,
            38.01073
          ],
          [
            -0.69497,
            38.01062
          ],
          [
            -0.69515,
            38.01059
          ],
          [
            -0.69517,
            38.0106
          ],
          [
            -0.69524,
            38.01064
          ],
          [
            -0.69531,
            38.01066
          ],
          [
            -0.69545,
            38.01066
          ],
          [
            -0.69555,
            38.01063
          ],
          [
            -0.69567,
            38.01055
          ],
          [
            -0.69572,
            38.01043
          ],
          [
            -0.69571,
            38.01032
          ],
          [
            -0.69579,
            38.01019
          ],
          [
            -0.69589,
            38.01013
          ],
          [
            -0.69606,
            38.01008
          ],
          [
            -0.69613,
            38.01008
          ],
          [
            -0.69623,
            38.01004
          ],
          [
            -0.69626,
            38.01
          ],
          [
            -0.69626,
            38.00995
          ],
          [
            -0.6962,
            38.00987
          ],
          [
            -0.69608,
            38.00986
          ],
          [
            -0.69603,
            38.00988
          ],
          [
            -0.69588,
            38.00986
          ],
          [
            -0.69567,
            38.00982
          ],
          [
            -0.69543,
            38.00976
          ],
          [
            -0.6952,
            38.00961
          ],
          [
            -0.69506,
            38.00947
          ],
          [
            -0.69501,
            38.00936
          ],
          [
            -0.69475,
            38.00862
          ],
          [
            -0.69475,
            38.00862
          ],
          [
            -0.69412,
            38.00677
          ],
          [
            -0.6944,
            38.00664
          ],
          [
            -0.6944,
            38.00664
          ],
          [
            -0.69661,
            38.0057
          ],
          [
            -0.69672,
            38.00567
          ],
          [
            -0.69658,
            38.00528
          ],
          [
            -0.69658,
            38.00528
          ],
          [
            -0.69641,
            38.00475
          ],
          [
            -0.69638,
            38.00456
          ],
          [
            -0.69638,
            38.00426
          ],
          [
            -0.69618,
            38.00349
          ],
          [
            -0.69612,
            38.00286
          ],
          [
            -0.69617,
            38.00216
          ],
          [
            -0.6962,
            38.00157
          ],
          [
            -0.69629,
            38.00107
          ],
          [
            -0.69631,
            38.00107
          ],
          [
            -0.69844,
            38.00132
          ],
          [
            -0.69906,
            38.0014
          ],
          [
            -0.69906,
            38.0014
          ],
          [
            -0.70091,
            38.00161
          ],
          [
            -0.7013,
            38.0017
          ],
          [
            -0.70157,
            38.00172
          ],
          [
            -0.70163,
            38.00172
          ],
          [
            -0.70172,
            38.0017
          ],
          [
            -0.70198,
            38.0015
          ],
          [
            -0.70252,
            38.0011
          ],
          [
            -0.7028,
            38.00088
          ],
          [
            -0.70282,
            38.00087
          ],
          [
            -0.70379,
            38.00013
          ],
          [
            -0.70346,
            37.99971
          ],
          [
            -0.70319,
            37.99946
          ],
          [
            -0.70269,
            37.99909
          ],
          [
            -0.70246,
            37.99897
          ],
          [
            -0.7021,
            37.99885
          ],
          [
            -0.702,
            37.99882
          ],
          [
            -0.70095,
            37.99866
          ],
          [
            -0.70095,
            37.99866
          ],
          [
            -0.70026,
            37.99856
          ],
          [
            -0.69985,
            37.99849
          ],
          [
            -0.69969,
            37.99841
          ],
          [
            -0.69897,
            37.9977
          ],
          [
            -0.69899,
            37.99767
          ],
          [
            -0.69903,
            37.99762
          ],
          [
            -0.69904,
            37.99755
          ],
          [
            -0.69903,
            37.99748
          ],
          [
            -0.69898,
            37.99743
          ],
          [
            -0.69892,
            37.99739
          ],
          [
            -0.69875,
            37.99736
          ],
          [
            -0.69867,
            37.99739
          ],
          [
            -0.69864,
            37.9974
          ],
          [
            -0.69787,
            37.99668
          ],
          [
            -0.69787,
            37.99668
          ],
          [
            -0.69764,
            37.99647
          ],
          [
            -0.69766,
            37.99645
          ],
          [
            -0.69771,
            37.9964
          ],
          [
            -0.69773,
            37.99633
          ],
          [
            -0.69772,
            37.99627
          ],
          [
            -0.69769,
            37.99621
          ],
          [
            -0.69763,
            37.99616
          ],
          [
            -0.69747,
            37.99613
          ],
          [
            -0.69733,
            37.99617
          ],
          [
            -0.69728,
            37.99622
          ],
          [
            -0.69725,
            37.99628
          ],
          [
            -0.69725,
            37.99634
          ],
          [
            -0.69727,
            37.9964
          ],
          [
            -0.69732,
            37.99645
          ],
          [
            -0.69608,
            37.99744
          ],
          [
            -0.69603,
            37.99747
          ],
          [
            -0.69549,
            37.99758
          ],
          [
            -0.69519,
            37.99763
          ],
          [
            -0.69519,
            37.99763
          ],
          [
            -0.69219,
            37.99817
          ],
          [
            -0.69191,
            37.99822
          ],
          [
            -0.69173,
            37.99783
          ],
          [
            -0.69143,
            37.99721
          ],
          [
            -0.69137,
            37.99711
          ],
          [
            -0.69132,
            37.99689
          ],
          [
            -0.69129,
            37.99663
          ],
          [
            -0.69127,
            37.99651
          ],
          [
            -0.69122,
            37.99606
          ],
          [
            -0.69118,
            37.99566
          ],
          [
            -0.69109,
            37.99477
          ],
          [
            -0.69104,
            37.99428
          ],
          [
            -0.69098,
            37.99406
          ],
          [
            -0.69098,
            37.99406
          ],
          [
            -0.69061,
            37.99284
          ],
          [
            -0.6904,
            37.9922
          ],
          [
            -0.6903,
            37.99206
          ],
          [
            -0.69032,
            37.99204
          ],
          [
            -0.69034,
            37.99202
          ],
          [
            -0.69035,
            37.99198
          ],
          [
            -0.69035,
            37.99194
          ],
          [
            -0.69028,
            37.99187
          ],
          [
            -0.69017,
            37.99186
          ],
          [
            -0.69009,
            37.99192
          ],
          [
            -0.69007,
            37.992
          ],
          [
            -0.68944,
            37.99212
          ],
          [
            -0.68933,
            37.9921
          ],
          [
            -0.68919,
            37.99212
          ],
          [
            -0.68914,
            37.99203
          ],
          [
            -0.689,
            37.99195
          ],
          [
            -0.68884,
            37.9915
          ],
          [
            -0.68884,
            37.9915
          ],
          [
            -0.68839,
            37.99023
          ],
          [
            -0.68817,
            37.98954
          ],
          [
            -0.68816,
            37.98944
          ],
          [
            -0.68818,
            37.98938
          ],
          [
            -0.68816,
            37.98932
          ],
          [
            -0.68812,
            37.9893
          ],
          [
            -0.68813,
            37.98928
          ],
          [
            -0.68931,
            37.98912
          ],
          [
            -0.68998,
            37.98904
          ],
          [
            -0.69,
            37.98906
          ],
          [
            -0.69003,
            37.98908
          ],
          [
            -0.69017,
            37.9891
          ],
          [
            -0.69028,
            37.98907
          ],
          [
            -0.69035,
            37.98901
          ],
          [
            -0.69037,
            37.98893
          ],
          [
            -0.69036,
            37.98887
          ],
          [
            -0.69033,
            37.98884
          ],
          [
            -0.6903,
            37.98882
          ],
          [
            -0.69038,
            37.98869
          ],
          [
            -0.69042,
            37.98864
          ],
          [
            -0.69044,
            37.98853
          ],
          [
            -0.69139,
            37.98781
          ],
          [
            -0.69183,
            37.98751
          ],
          [
            -0.69183,
            37.98751
          ],
          [
            -0.69235,
            37.98715
          ],
          [
            -0.69242,
            37.98712
          ],
          [
            -0.69236,
            37.98691
          ],
          [
            -0.69231,
            37.98664
          ],
          [
            -0.69207,
            37.98558
          ],
          [
            -0.69204,
            37.98552
          ],
          [
            -0.69097,
            37.98447
          ],
          [
            -0.69083,
            37.98426
          ],
          [
            -0.6907,
            37.98401
          ],
          [
            -0.69057,
            37.98386
          ],
          [
            -0.69046,
            37.98366
          ],
          [
            -0.69033,
            37.98329
          ],
          [
            -0.69028,
            37.98301
          ],
          [
            -0.69022,
            37.9827
          ],
          [
            -0.69022,
            37.98268
          ],
          [
            -0.69014,
            37.98229
          ],
          [
            -0.69004,
            37.98179
          ],
          [
            -0.6899,
            37.98177
          ],
          [
            -0.68977,
            37.98179
          ],
          [
            -0.68961,
            37.98188
          ],
          [
            -0.68826,
            37.98281
          ],
          [
            -0.68764,
            37.98323
          ],
          [
            -0.68742,
            37.98336
          ],
          [
            -0.68718,
            37.98345
          ],
          [
            -0.68695,
            37.98352
          ],
          [
            -0.68649,
            37.98361
          ],
          [
            -0.68641,
            37.98361
          ],
          [
            -0.68639,
            37.98359
          ],
          [
            -0.68634,
            37.98356
          ],
          [
            -0.68629,
            37.98354
          ],
          [
            -0.68626,
            37.98354
          ],
          [
            -0.68624,
            37.98353
          ],
          [
            -0.68636,
            37.98287
          ],
          [
            -0.68639,
            37.98267
          ],
          [
            -0.68642,
            37.98255
          ],
          [
            -0.68641,
            37.98255
          ],
          [
            -0.68671,
            37.98096
          ],
          [
            -0.68677,
            37.98073
          ],
          [
            -0.68686,
            37.98065
          ],
          [
            -0.68719,
            37.98058
          ],
          [
            -0.68713,
            37.98039
          ],
          [
            -0.68703,
            37.98005
          ],
          [
            -0.68754,
            37.97995
          ],
          [
            -0.68754,
            37.97995
          ],
          [
            -0.68957,
            37.97954
          ],
          [
            -0.68936,
            37.9786
          ],
          [
            -0.68932,
            37.97846
          ],
          [
            -0.68932,
            37.97846
          ],
          [
            -0.68925,
            37.97823
          ],
          [
            -0.6891,
            37.9775
          ],
          [
            -0.68909,
            37.97739
          ],
          [
            -0.68804,
            37.97716
          ],
          [
            -0.68732,
            37.97701
          ],
          [
            -0.68669,
            37.97689
          ]
        ]
      }
    },
    {
      "type": "Feature",
      "properties": {
        "route_id": "085",
        "linweb": "05",
        "route_name": "Gregorio Maranon - Centros Comerciales - C. Salud La Siesta - San Luis",
        "direction_id": 0,
        "geometry_source": "official_api"
      },
      "geometry": {
        "type": "LineString",
        "coordinates": [
          [
            -0.68669,
            37.97689
          ],
          [
            -0.68636,
            37.97682
          ],
          [
            -0.68609,
            37.97679
          ],
          [
            -0.68587,
            37.9768
          ],
          [
            -0.68521,
            37.977
          ],
          [
            -0.68505,
            37.97704
          ],
          [
            -0.68445,
            37.97708
          ],
          [
            -0.68282,
            37.97719
          ],
          [
            -0.68046,
            37.97731
          ],
          [
            -0.67976,
            37.97735
          ],
          [
            -0.67955,
            37.97736
          ],
          [
            -0.67829,
            37.97741
          ],
          [
            -0.67842,
            37.97804
          ],
          [
            -0.67853,
            37.97849
          ],
          [
            -0.67871,
            37.97938
          ],
          [
            -0.6789,
            37.98032
          ],
          [
            -0.67896,
            37.98061
          ],
          [
            -0.67896,
            37.98061
          ],
          [
            -0.67914,
            37.9814
          ],
          [
            -0.68093,
            37.98114
          ],
          [
            -0.68337,
            37.98077
          ],
          [
            -0.68373,
            37.9807
          ],
          [
            -0.68373,
            37.9807
          ],
          [
            -0.6863,
            37.98021
          ],
          [
            -0.6865,
            37.98016
          ],
          [
            -0.68669,
            37.98057
          ],
          [
            -0.68662,
            37.98095
          ],
          [
            -0.68646,
            37.98183
          ],
          [
            -0.68637,
            37.98231
          ],
          [
            -0.6863,
            37.98273
          ],
          [
            -0.6863,
            37.98273
          ],
          [
            -0.68618,
            37.98317
          ],
          [
            -0.68613,
            37.98333
          ],
          [
            -0.68612,
            37.98356
          ],
          [
            -0.68607,
            37.98359
          ],
          [
            -0.68604,
            37.98364
          ],
          [
            -0.68602,
            37.98369
          ],
          [
            -0.68602,
            37.98374
          ],
          [
            -0.68608,
            37.98381
          ],
          [
            -0.68619,
            37.98386
          ],
          [
            -0.68621,
            37.98386
          ],
          [
            -0.68626,
            37.98397
          ],
          [
            -0.68635,
            37.98425
          ],
          [
            -0.68637,
            37.9844
          ],
          [
            -0.68636,
            37.98442
          ],
          [
            -0.68633,
            37.98445
          ],
          [
            -0.68631,
            37.98449
          ],
          [
            -0.68632,
            37.98458
          ],
          [
            -0.68637,
            37.98463
          ],
          [
            -0.6864,
            37.98465
          ],
          [
            -0.68649,
            37.98506
          ],
          [
            -0.68654,
            37.98513
          ],
          [
            -0.6867,
            37.98563
          ],
          [
            -0.68693,
            37.98631
          ],
          [
            -0.68716,
            37.98699
          ],
          [
            -0.68724,
            37.9872
          ],
          [
            -0.68723,
            37.98726
          ],
          [
            -0.68724,
            37.98738
          ],
          [
            -0.68726,
            37.98761
          ],
          [
            -0.68723,
            37.98763
          ],
          [
            -0.68719,
            37.98767
          ],
          [
            -0.68715,
            37.98774
          ],
          [
            -0.68714,
            37.98784
          ],
          [
            -0.68717,
            37.98792
          ],
          [
            -0.68721,
            37.98797
          ],
          [
            -0.68737,
            37.98805
          ],
          [
            -0.68741,
            37.98806
          ],
          [
            -0.68755,
            37.98826
          ],
          [
            -0.68776,
            37.98891
          ],
          [
            -0.68779,
            37.98905
          ],
          [
            -0.68778,
            37.98914
          ],
          [
            -0.68776,
            37.98919
          ],
          [
            -0.68775,
            37.98926
          ],
          [
            -0.6878,
            37.98933
          ],
          [
            -0.68784,
            37.98936
          ],
          [
            -0.68786,
            37.98937
          ],
          [
            -0.6879,
            37.98942
          ],
          [
            -0.68803,
            37.98966
          ],
          [
            -0.68822,
            37.9902
          ],
          [
            -0.68851,
            37.99113
          ],
          [
            -0.6887,
            37.99168
          ],
          [
            -0.68875,
            37.99183
          ],
          [
            -0.68874,
            37.99193
          ],
          [
            -0.68858,
            37.99201
          ],
          [
            -0.68849,
            37.99214
          ],
          [
            -0.68848,
            37.99221
          ],
          [
            -0.68841,
            37.99229
          ],
          [
            -0.6883,
            37.99236
          ],
          [
            -0.68698,
            37.99282
          ],
          [
            -0.68605,
            37.99313
          ],
          [
            -0.68566,
            37.99327
          ],
          [
            -0.68563,
            37.99323
          ],
          [
            -0.6856,
            37.99321
          ],
          [
            -0.68556,
            37.99319
          ],
          [
            -0.68547,
            37.99317
          ],
          [
            -0.68538,
            37.99317
          ],
          [
            -0.68529,
            37.9932
          ],
          [
            -0.68496,
            37.99278
          ],
          [
            -0.68453,
            37.99221
          ],
          [
            -0.68448,
            37.99209
          ],
          [
            -0.68442,
            37.99177
          ],
          [
            -0.68442,
            37.99166
          ],
          [
            -0.68445,
            37.99157
          ],
          [
            -0.68448,
            37.99156
          ],
          [
            -0.68476,
            37.99143
          ],
          [
            -0.68527,
            37.99209
          ],
          [
            -0.68526,
            37.99209
          ],
          [
            -0.68556,
            37.99245
          ],
          [
            -0.68555,
            37.99246
          ],
          [
            -0.68554,
            37.99249
          ],
          [
            -0.68556,
            37.99254
          ],
          [
            -0.68561,
            37.99257
          ],
          [
            -0.68563,
            37.99257
          ],
          [
            -0.68569,
            37.99263
          ],
          [
            -0.68605,
            37.99313
          ],
          [
            -0.68566,
            37.99327
          ],
          [
            -0.68561,
            37.99322
          ],
          [
            -0.68558,
            37.9932
          ],
          [
            -0.68549,
            37.99317
          ],
          [
            -0.6854,
            37.99317
          ],
          [
            -0.68531,
            37.99319
          ],
          [
            -0.68524,
            37.99325
          ],
          [
            -0.6852,
            37.99332
          ],
          [
            -0.68519,
            37.99339
          ],
          [
            -0.68522,
            37.99346
          ],
          [
            -0.68528,
            37.99352
          ],
          [
            -0.68535,
            37.99356
          ],
          [
            -0.68544,
            37.99358
          ],
          [
            -0.68553,
            37.99357
          ],
          [
            -0.68558,
            37.99356
          ],
          [
            -0.68566,
            37.99365
          ],
          [
            -0.68595,
            37.99402
          ],
          [
            -0.68636,
            37.99453
          ],
          [
            -0.68642,
            37.9946
          ],
          [
            -0.68642,
            37.9946
          ],
          [
            -0.68713,
            37.99552
          ],
          [
            -0.68784,
            37.9964
          ],
          [
            -0.6887,
            37.9975
          ],
          [
            -0.68916,
            37.99806
          ],
          [
            -0.6893,
            37.99822
          ],
          [
            -0.6893,
            37.99822
          ],
          [
            -0.69005,
            37.99917
          ],
          [
            -0.6894,
            37.99951
          ],
          [
            -0.68857,
            37.99992
          ],
          [
            -0.68839,
            38.00001
          ],
          [
            -0.68831,
            38.0001
          ],
          [
            -0.6883,
            38.00018
          ],
          [
            -0.68832,
            38.00023
          ],
          [
            -0.68835,
            38.00028
          ],
          [
            -0.68842,
            38.00033
          ],
          [
            -0.68851,
            38.00036
          ],
          [
            -0.68861,
            38.00036
          ],
          [
            -0.68869,
            38.00033
          ],
          [
            -0.68876,
            38.00028
          ],
          [
            -0.68881,
            38.00018
          ],
          [
            -0.68881,
            38.0001
          ],
          [
            -0.68876,
            38.00004
          ],
          [
            -0.68876,
            37.99997
          ],
          [
            -0.6888,
            37.99991
          ],
          [
            -0.68896,
            37.99981
          ],
          [
            -0.68964,
            37.99946
          ],
          [
            -0.69002,
            37.99927
          ],
          [
            -0.69033,
            37.99914
          ],
          [
            -0.69072,
            37.99893
          ],
          [
            -0.69083,
            37.9989
          ],
          [
            -0.69086,
            37.99891
          ],
          [
            -0.69092,
            37.99893
          ],
          [
            -0.691,
            37.99895
          ],
          [
            -0.69111,
            37.99894
          ],
          [
            -0.69122,
            37.9989
          ],
          [
            -0.6913,
            37.99884
          ],
          [
            -0.69136,
            37.99873
          ],
          [
            -0.69135,
            37.99861
          ],
          [
            -0.69134,
            37.99859
          ],
          [
            -0.69142,
            37.99854
          ],
          [
            -0.69148,
            37.99849
          ],
          [
            -0.69159,
            37.99839
          ],
          [
            -0.69174,
            37.99832
          ],
          [
            -0.69191,
            37.99822
          ],
          [
            -0.69264,
            37.99809
          ],
          [
            -0.69432,
            37.99778
          ],
          [
            -0.69518,
            37.99763
          ],
          [
            -0.69518,
            37.99763
          ],
          [
            -0.69549,
            37.99758
          ],
          [
            -0.69549,
            37.99778
          ],
          [
            -0.69546,
            37.99826
          ],
          [
            -0.69535,
            38.00022
          ],
          [
            -0.69527,
            38.00168
          ],
          [
            -0.69526,
            38.00202
          ],
          [
            -0.69531,
            38.00253
          ],
          [
            -0.69531,
            38.00253
          ],
          [
            -0.69551,
            38.00376
          ],
          [
            -0.69613,
            38.00567
          ],
          [
            -0.6962,
            38.00588
          ],
          [
            -0.69588,
            38.00601
          ],
          [
            -0.69542,
            38.00621
          ],
          [
            -0.69485,
            38.00645
          ],
          [
            -0.69436,
            38.00666
          ],
          [
            -0.69436,
            38.00666
          ],
          [
            -0.69412,
            38.00677
          ],
          [
            -0.69415,
            38.00688
          ],
          [
            -0.69456,
            38.00807
          ],
          [
            -0.69484,
            38.0089
          ],
          [
            -0.69484,
            38.0089
          ],
          [
            -0.69506,
            38.00947
          ],
          [
            -0.69523,
            38.00964
          ],
          [
            -0.69543,
            38.00976
          ],
          [
            -0.69567,
            38.00982
          ],
          [
            -0.69582,
            38.00986
          ],
          [
            -0.69587,
            38.00991
          ],
          [
            -0.69598,
            38.00994
          ],
          [
            -0.69597,
            38.00996
          ],
          [
            -0.69597,
            38.00999
          ],
          [
            -0.69592,
            38.01005
          ],
          [
            -0.69579,
            38.01014
          ],
          [
            -0.69556,
            38.01017
          ],
          [
            -0.69551,
            38.01016
          ],
          [
            -0.69536,
            38.01014
          ],
          [
            -0.69525,
            38.01016
          ],
          [
            -0.69511,
            38.01024
          ],
          [
            -0.69508,
            38.01027
          ],
          [
            -0.69506,
            38.01032
          ],
          [
            -0.69505,
            38.01042
          ],
          [
            -0.69486,
            38.01058
          ],
          [
            -0.6947,
            38.01064
          ],
          [
            -0.6947,
            38.01064
          ],
          [
            -0.69439,
            38.01075
          ],
          [
            -0.69486,
            38.01138
          ],
          [
            -0.69278,
            38.01273
          ],
          [
            -0.6922,
            38.01312
          ],
          [
            -0.69202,
            38.01286
          ],
          [
            -0.69202,
            38.01286
          ],
          [
            -0.69104,
            38.01146
          ],
          [
            -0.69061,
            38.01083
          ],
          [
            -0.68899,
            38.01121
          ],
          [
            -0.68817,
            38.0114
          ],
          [
            -0.68817,
            38.0114
          ],
          [
            -0.68739,
            38.01158
          ],
          [
            -0.687,
            38.01159
          ],
          [
            -0.68682,
            38.01157
          ],
          [
            -0.68619,
            38.01142
          ],
          [
            -0.68589,
            38.01128
          ],
          [
            -0.68562,
            38.01107
          ],
          [
            -0.68542,
            38.01091
          ],
          [
            -0.68529,
            38.01076
          ],
          [
            -0.6852,
            38.01062
          ],
          [
            -0.68507,
            38.01036
          ],
          [
            -0.68427,
            38.01056
          ],
          [
            -0.68352,
            38.01073
          ],
          [
            -0.68276,
            38.01055
          ],
          [
            -0.68273,
            38.01063
          ],
          [
            -0.68273,
            38.01063
          ],
          [
            -0.68258,
            38.01105
          ],
          [
            -0.68255,
            38.01148
          ],
          [
            -0.68251,
            38.012
          ],
          [
            -0.68248,
            38.01242
          ],
          [
            -0.68262,
            38.01246
          ],
          [
            -0.68292,
            38.01257
          ],
          [
            -0.68296,
            38.0126
          ],
          [
            -0.68369,
            38.01366
          ],
          [
            -0.68383,
            38.01387
          ],
          [
            -0.68383,
            38.01387
          ],
          [
            -0.68433,
            38.0146
          ],
          [
            -0.68472,
            38.01507
          ],
          [
            -0.68544,
            38.01593
          ],
          [
            -0.68635,
            38.01702
          ],
          [
            -0.68647,
            38.01718
          ],
          [
            -0.68668,
            38.01729
          ],
          [
            -0.68668,
            38.01729
          ],
          [
            -0.68929,
            38.01867
          ],
          [
            -0.69051,
            38.01931
          ],
          [
            -0.6918,
            38.02023
          ],
          [
            -0.6918,
            38.02023
          ],
          [
            -0.69255,
            38.02077
          ],
          [
            -0.69291,
            38.02104
          ],
          [
            -0.69331,
            38.02079
          ],
          [
            -0.69368,
            38.02097
          ],
          [
            -0.69459,
            38.0214
          ],
          [
            -0.69525,
            38.02172
          ],
          [
            -0.69532,
            38.02175
          ],
          [
            -0.69545,
            38.02191
          ],
          [
            -0.69562,
            38.02215
          ],
          [
            -0.69572,
            38.02234
          ],
          [
            -0.69572,
            38.02234
          ],
          [
            -0.6962,
            38.02325
          ],
          [
            -0.69647,
            38.02375
          ],
          [
            -0.69655,
            38.02386
          ],
          [
            -0.69663,
            38.02385
          ],
          [
            -0.697,
            38.02374
          ],
          [
            -0.69864,
            38.02317
          ],
          [
            -0.69864,
            38.02317
          ],
          [
            -0.70166,
            38.02211
          ],
          [
            -0.70238,
            38.02191
          ],
          [
            -0.70244,
            38.02192
          ],
          [
            -0.70246,
            38.02195
          ],
          [
            -0.70249,
            38.02197
          ],
          [
            -0.70257,
            38.02199
          ],
          [
            -0.70264,
            38.02196
          ],
          [
            -0.70268,
            38.0219
          ],
          [
            -0.70265,
            38.02184
          ],
          [
            -0.70259,
            38.0218
          ],
          [
            -0.70276,
            38.02151
          ]
        ]
      }
    },
    {
      "type": "Feature",
      "properties": {
        "route_id": "085",
        "linweb": "05",
        "route_name": "Gregorio Maranon - Centros Comerciales - C. Salud La Siesta - San Luis",
        "direction_id": 1,
        "geometry_source": "official_api"
      },
      "geometry": {
        "type": "LineString",
        "coordinates": [
          [
            -0.70276,
            38.02151
          ],
          [
            -0.70299,
            38.02123
          ],
          [
            -0.70308,
            38.02114
          ],
          [
            -0.70195,
            38.02062
          ],
          [
            -0.70078,
            38.02006
          ],
          [
            -0.69928,
            38.01936
          ],
          [
            -0.69751,
            38.01854
          ],
          [
            -0.69751,
            38.01854
          ],
          [
            -0.69724,
            38.01841
          ],
          [
            -0.69713,
            38.01847
          ],
          [
            -0.69631,
            38.01894
          ],
          [
            -0.69541,
            38.01946
          ],
          [
            -0.69452,
            38.02001
          ],
          [
            -0.69331,
            38.02079
          ],
          [
            -0.69291,
            38.02104
          ],
          [
            -0.69255,
            38.02077
          ],
          [
            -0.69237,
            38.02064
          ],
          [
            -0.6918,
            38.02023
          ],
          [
            -0.69165,
            38.02012
          ],
          [
            -0.69165,
            38.02012
          ],
          [
            -0.69094,
            38.01962
          ],
          [
            -0.69053,
            38.01933
          ],
          [
            -0.69028,
            38.0192
          ],
          [
            -0.68965,
            38.01887
          ],
          [
            -0.68902,
            38.01853
          ],
          [
            -0.68767,
            38.01781
          ],
          [
            -0.68691,
            38.01741
          ],
          [
            -0.68688,
            38.0174
          ],
          [
            -0.68647,
            38.01718
          ],
          [
            -0.68635,
            38.01702
          ],
          [
            -0.68586,
            38.01644
          ],
          [
            -0.68498,
            38.01538
          ],
          [
            -0.68433,
            38.0146
          ],
          [
            -0.6838,
            38.01382
          ],
          [
            -0.68378,
            38.01379
          ],
          [
            -0.68296,
            38.0126
          ],
          [
            -0.68292,
            38.01257
          ],
          [
            -0.68262,
            38.01246
          ],
          [
            -0.68248,
            38.01242
          ],
          [
            -0.68251,
            38.012
          ],
          [
            -0.68255,
            38.01148
          ],
          [
            -0.68258,
            38.01105
          ],
          [
            -0.68269,
            38.01073
          ],
          [
            -0.68269,
            38.01073
          ],
          [
            -0.68276,
            38.01055
          ],
          [
            -0.68352,
            38.01073
          ],
          [
            -0.68427,
            38.01056
          ],
          [
            -0.68507,
            38.01036
          ],
          [
            -0.6852,
            38.01062
          ],
          [
            -0.68529,
            38.01076
          ],
          [
            -0.68542,
            38.01091
          ],
          [
            -0.68562,
            38.01107
          ],
          [
            -0.68589,
            38.01128
          ],
          [
            -0.68619,
            38.01142
          ],
          [
            -0.68682,
            38.01157
          ],
          [
            -0.687,
            38.01159
          ],
          [
            -0.68739,
            38.01158
          ],
          [
            -0.68817,
            38.0114
          ],
          [
            -0.68817,
            38.0114
          ],
          [
            -0.69061,
            38.01083
          ],
          [
            -0.69135,
            38.01192
          ],
          [
            -0.69191,
            38.01271
          ],
          [
            -0.69191,
            38.01271
          ],
          [
            -0.6922,
            38.01312
          ],
          [
            -0.69278,
            38.01273
          ],
          [
            -0.69302,
            38.01258
          ],
          [
            -0.6941,
            38.01187
          ],
          [
            -0.69486,
            38.01138
          ],
          [
            -0.69446,
            38.01084
          ],
          [
            -0.69496,
            38.01063
          ],
          [
            -0.69515,
            38.01059
          ],
          [
            -0.69527,
            38.01065
          ],
          [
            -0.69543,
            38.01066
          ],
          [
            -0.69553,
            38.01064
          ],
          [
            -0.69563,
            38.01059
          ],
          [
            -0.69571,
            38.01046
          ],
          [
            -0.69571,
            38.01034
          ],
          [
            -0.69576,
            38.01023
          ],
          [
            -0.69585,
            38.01014
          ],
          [
            -0.69606,
            38.01007
          ],
          [
            -0.69612,
            38.01008
          ],
          [
            -0.69618,
            38.01007
          ],
          [
            -0.69623,
            38.01004
          ],
          [
            -0.69625,
            38.01
          ],
          [
            -0.69626,
            38.00996
          ],
          [
            -0.69624,
            38.00991
          ],
          [
            -0.69615,
            38.00986
          ],
          [
            -0.69604,
            38.00987
          ],
          [
            -0.69592,
            38.00987
          ],
          [
            -0.69582,
            38.00986
          ],
          [
            -0.69546,
            38.00976
          ],
          [
            -0.69521,
            38.00963
          ],
          [
            -0.69505,
            38.00945
          ],
          [
            -0.69475,
            38.00862
          ],
          [
            -0.69475,
            38.00862
          ],
          [
            -0.69412,
            38.00677
          ],
          [
            -0.6944,
            38.00664
          ],
          [
            -0.6944,
            38.00664
          ],
          [
            -0.69542,
            38.00621
          ],
          [
            -0.69588,
            38.00601
          ],
          [
            -0.6962,
            38.00588
          ],
          [
            -0.69613,
            38.00567
          ],
          [
            -0.69551,
            38.00376
          ],
          [
            -0.69546,
            38.00351
          ],
          [
            -0.69531,
            38.00259
          ],
          [
            -0.69531,
            38.00255
          ],
          [
            -0.69526,
            38.00209
          ],
          [
            -0.69527,
            38.00184
          ],
          [
            -0.69531,
            38.00086
          ],
          [
            -0.69542,
            37.9989
          ],
          [
            -0.69549,
            37.99758
          ],
          [
            -0.69519,
            37.99763
          ],
          [
            -0.69519,
            37.99763
          ],
          [
            -0.69219,
            37.99817
          ],
          [
            -0.69191,
            37.99822
          ],
          [
            -0.69182,
            37.99828
          ],
          [
            -0.69168,
            37.99835
          ],
          [
            -0.69138,
            37.99843
          ],
          [
            -0.69124,
            37.99848
          ],
          [
            -0.69118,
            37.99845
          ],
          [
            -0.69107,
            37.99843
          ],
          [
            -0.69092,
            37.99844
          ],
          [
            -0.69082,
            37.99849
          ],
          [
            -0.69073,
            37.99858
          ],
          [
            -0.6907,
            37.9987
          ],
          [
            -0.69066,
            37.9988
          ],
          [
            -0.6906,
            37.99888
          ],
          [
            -0.69043,
            37.99898
          ],
          [
            -0.69005,
            37.99917
          ],
          [
            -0.68975,
            37.99879
          ],
          [
            -0.68927,
            37.99819
          ],
          [
            -0.68927,
            37.99819
          ],
          [
            -0.68805,
            37.99666
          ],
          [
            -0.68727,
            37.9957
          ],
          [
            -0.68648,
            37.99468
          ],
          [
            -0.68633,
            37.99448
          ],
          [
            -0.68632,
            37.99448
          ],
          [
            -0.68595,
            37.99402
          ],
          [
            -0.68566,
            37.99365
          ],
          [
            -0.68558,
            37.99356
          ],
          [
            -0.6856,
            37.99355
          ],
          [
            -0.68563,
            37.99352
          ],
          [
            -0.68566,
            37.99349
          ],
          [
            -0.6857,
            37.99343
          ],
          [
            -0.6857,
            37.99335
          ],
          [
            -0.68563,
            37.99323
          ],
          [
            -0.6856,
            37.99321
          ],
          [
            -0.68551,
            37.99318
          ],
          [
            -0.68542,
            37.99317
          ],
          [
            -0.68533,
            37.99318
          ],
          [
            -0.68529,
            37.9932
          ],
          [
            -0.68522,
            37.99309
          ],
          [
            -0.68456,
            37.99226
          ],
          [
            -0.68449,
            37.99211
          ],
          [
            -0.68442,
            37.99177
          ],
          [
            -0.68442,
            37.99166
          ],
          [
            -0.68444,
            37.9916
          ],
          [
            -0.68448,
            37.99156
          ],
          [
            -0.68476,
            37.99143
          ],
          [
            -0.68551,
            37.99241
          ],
          [
            -0.68556,
            37.99245
          ],
          [
            -0.68555,
            37.99246
          ],
          [
            -0.68555,
            37.99247
          ],
          [
            -0.68554,
            37.9925
          ],
          [
            -0.68557,
            37.99255
          ],
          [
            -0.68562,
            37.99257
          ],
          [
            -0.68569,
            37.99257
          ],
          [
            -0.68574,
            37.99254
          ],
          [
            -0.68576,
            37.99249
          ],
          [
            -0.68574,
            37.99244
          ],
          [
            -0.6857,
            37.99241
          ],
          [
            -0.68566,
            37.99241
          ],
          [
            -0.68565,
            37.9924
          ],
          [
            -0.68562,
            37.99238
          ],
          [
            -0.68544,
            37.99214
          ],
          [
            -0.68544,
            37.99214
          ],
          [
            -0.68486,
            37.99139
          ],
          [
            -0.68476,
            37.99143
          ],
          [
            -0.68447,
            37.99156
          ],
          [
            -0.68442,
            37.99164
          ],
          [
            -0.68445,
            37.99198
          ],
          [
            -0.68452,
            37.9922
          ],
          [
            -0.68465,
            37.99238
          ],
          [
            -0.68525,
            37.99314
          ],
          [
            -0.68529,
            37.9932
          ],
          [
            -0.68527,
            37.99322
          ],
          [
            -0.68524,
            37.99325
          ],
          [
            -0.6852,
            37.99332
          ],
          [
            -0.68519,
            37.99339
          ],
          [
            -0.68522,
            37.99346
          ],
          [
            -0.68528,
            37.99352
          ],
          [
            -0.68535,
            37.99356
          ],
          [
            -0.68544,
            37.99358
          ],
          [
            -0.68553,
            37.99357
          ],
          [
            -0.68563,
            37.99352
          ],
          [
            -0.68568,
            37.99346
          ],
          [
            -0.68571,
            37.99339
          ],
          [
            -0.6857,
            37.99335
          ],
          [
            -0.6861,
            37.9932
          ],
          [
            -0.68792,
            37.99257
          ],
          [
            -0.68835,
            37.99242
          ],
          [
            -0.68857,
            37.99239
          ],
          [
            -0.68865,
            37.99245
          ],
          [
            -0.68873,
            37.99248
          ],
          [
            -0.68891,
            37.99249
          ],
          [
            -0.68901,
            37.99246
          ],
          [
            -0.6891,
            37.99242
          ],
          [
            -0.68918,
            37.99232
          ],
          [
            -0.68921,
            37.99221
          ],
          [
            -0.68921,
            37.99216
          ],
          [
            -0.68919,
            37.99212
          ],
          [
            -0.68914,
            37.99203
          ],
          [
            -0.68907,
            37.99198
          ],
          [
            -0.689,
            37.99195
          ],
          [
            -0.68884,
            37.9915
          ],
          [
            -0.68884,
            37.9915
          ],
          [
            -0.68839,
            37.99023
          ],
          [
            -0.68817,
            37.98954
          ],
          [
            -0.68816,
            37.98944
          ],
          [
            -0.68818,
            37.98938
          ],
          [
            -0.68816,
            37.98932
          ],
          [
            -0.68812,
            37.9893
          ],
          [
            -0.68813,
            37.98928
          ],
          [
            -0.68814,
            37.98924
          ],
          [
            -0.68814,
            37.9892
          ],
          [
            -0.68811,
            37.98915
          ],
          [
            -0.68808,
            37.98911
          ],
          [
            -0.68799,
            37.98907
          ],
          [
            -0.68792,
            37.98898
          ],
          [
            -0.68784,
            37.98883
          ],
          [
            -0.68765,
            37.98826
          ],
          [
            -0.68762,
            37.98814
          ],
          [
            -0.68763,
            37.98802
          ],
          [
            -0.68771,
            37.98796
          ],
          [
            -0.68777,
            37.98785
          ],
          [
            -0.68777,
            37.98776
          ],
          [
            -0.68775,
            37.9877
          ],
          [
            -0.68767,
            37.98762
          ],
          [
            -0.68758,
            37.98757
          ],
          [
            -0.68751,
            37.98756
          ],
          [
            -0.68746,
            37.98755
          ],
          [
            -0.68743,
            37.98751
          ],
          [
            -0.68737,
            37.98745
          ],
          [
            -0.68732,
            37.98738
          ],
          [
            -0.68727,
            37.98725
          ],
          [
            -0.68716,
            37.98699
          ],
          [
            -0.68693,
            37.98631
          ],
          [
            -0.6867,
            37.98563
          ],
          [
            -0.68654,
            37.98513
          ],
          [
            -0.68653,
            37.98502
          ],
          [
            -0.68652,
            37.98483
          ],
          [
            -0.68653,
            37.98476
          ],
          [
            -0.68656,
            37.98469
          ],
          [
            -0.68661,
            37.98464
          ],
          [
            -0.68668,
            37.98458
          ],
          [
            -0.68669,
            37.98449
          ],
          [
            -0.68665,
            37.98442
          ],
          [
            -0.68661,
            37.98439
          ],
          [
            -0.68651,
            37.98437
          ],
          [
            -0.68647,
            37.98433
          ],
          [
            -0.68637,
            37.984
          ],
          [
            -0.68635,
            37.98383
          ],
          [
            -0.68637,
            37.98381
          ],
          [
            -0.68639,
            37.98379
          ],
          [
            -0.68642,
            37.98375
          ],
          [
            -0.68643,
            37.9837
          ],
          [
            -0.68641,
            37.98361
          ],
          [
            -0.68632,
            37.98355
          ],
          [
            -0.68626,
            37.98354
          ],
          [
            -0.68624,
            37.98353
          ],
          [
            -0.68636,
            37.98287
          ],
          [
            -0.68639,
            37.98267
          ],
          [
            -0.68641,
            37.98255
          ],
          [
            -0.68641,
            37.98255
          ],
          [
            -0.68671,
            37.98096
          ],
          [
            -0.68677,
            37.98073
          ],
          [
            -0.68686,
            37.98065
          ],
          [
            -0.68719,
            37.98058
          ],
          [
            -0.68713,
            37.98039
          ],
          [
            -0.68703,
            37.98005
          ],
          [
            -0.68754,
            37.97995
          ],
          [
            -0.68754,
            37.97995
          ],
          [
            -0.68957,
            37.97954
          ],
          [
            -0.68936,
            37.9786
          ],
          [
            -0.68932,
            37.97846
          ],
          [
            -0.68932,
            37.97846
          ],
          [
            -0.68925,
            37.97823
          ],
          [
            -0.6891,
            37.9775
          ],
          [
            -0.68909,
            37.97739
          ],
          [
            -0.68804,
            37.97716
          ],
          [
            -0.68732,
            37.97701
          ],
          [
            -0.68669,
            37.97689
          ]
        ]
      }
    },
    {
      "type": "Feature",
      "properties": {
        "route_id": "086",
        "linweb": "06",
        "route_name": "Gregorio Maranon - Polideportivo - Hospital Quiron - C. Salud La Mata",
        "direction_id": 0,
        "geometry_source": "official_api"
      },
      "geometry": {
        "type": "LineString",
        "coordinates": [
          [
            -0.68669,
            37.97689
          ],
          [
            -0.68636,
            37.97682
          ],
          [
            -0.68609,
            37.97679
          ],
          [
            -0.68587,
            37.9768
          ],
          [
            -0.68521,
            37.977
          ],
          [
            -0.68505,
            37.97704
          ],
          [
            -0.68445,
            37.97708
          ],
          [
            -0.68282,
            37.97719
          ],
          [
            -0.68046,
            37.97731
          ],
          [
            -0.67976,
            37.97735
          ],
          [
            -0.67976,
            37.97735
          ],
          [
            -0.67907,
            37.97738
          ],
          [
            -0.67829,
            37.97741
          ],
          [
            -0.67836,
            37.97773
          ],
          [
            -0.67846,
            37.97821
          ],
          [
            -0.67862,
            37.9789
          ],
          [
            -0.67879,
            37.97976
          ],
          [
            -0.6789,
            37.98032
          ],
          [
            -0.67907,
            37.98107
          ],
          [
            -0.67908,
            37.98111
          ],
          [
            -0.67908,
            37.98111
          ],
          [
            -0.67943,
            37.98267
          ],
          [
            -0.67947,
            37.98293
          ],
          [
            -0.67947,
            37.98319
          ],
          [
            -0.67945,
            37.98363
          ],
          [
            -0.67942,
            37.98385
          ],
          [
            -0.67935,
            37.98412
          ],
          [
            -0.67927,
            37.98434
          ],
          [
            -0.67918,
            37.98455
          ],
          [
            -0.67909,
            37.98472
          ],
          [
            -0.67884,
            37.98513
          ],
          [
            -0.67881,
            37.98523
          ],
          [
            -0.67877,
            37.98539
          ],
          [
            -0.6783,
            37.98617
          ],
          [
            -0.6783,
            37.98617
          ],
          [
            -0.67798,
            37.98673
          ],
          [
            -0.67786,
            37.98679
          ],
          [
            -0.67772,
            37.98696
          ],
          [
            -0.67755,
            37.9872
          ],
          [
            -0.6771,
            37.988
          ],
          [
            -0.67622,
            37.98952
          ],
          [
            -0.67615,
            37.98964
          ],
          [
            -0.67615,
            37.98964
          ],
          [
            -0.67576,
            37.99036
          ],
          [
            -0.67554,
            37.99072
          ],
          [
            -0.67549,
            37.99085
          ],
          [
            -0.67548,
            37.99093
          ],
          [
            -0.6755,
            37.99099
          ],
          [
            -0.67544,
            37.9911
          ],
          [
            -0.67534,
            37.99119
          ],
          [
            -0.6753,
            37.9912
          ],
          [
            -0.67526,
            37.99122
          ],
          [
            -0.67521,
            37.99126
          ],
          [
            -0.67519,
            37.99134
          ],
          [
            -0.6752,
            37.9914
          ],
          [
            -0.67523,
            37.99143
          ],
          [
            -0.67524,
            37.99144
          ],
          [
            -0.67479,
            37.99222
          ],
          [
            -0.67415,
            37.99335
          ],
          [
            -0.67397,
            37.99363
          ],
          [
            -0.6739,
            37.99372
          ],
          [
            -0.67387,
            37.99371
          ],
          [
            -0.67382,
            37.99371
          ],
          [
            -0.67376,
            37.99373
          ],
          [
            -0.6737,
            37.99377
          ],
          [
            -0.67366,
            37.99384
          ],
          [
            -0.67367,
            37.99388
          ],
          [
            -0.6736,
            37.99397
          ],
          [
            -0.67329,
            37.99457
          ],
          [
            -0.67311,
            37.99488
          ],
          [
            -0.67311,
            37.99488
          ],
          [
            -0.67279,
            37.99544
          ],
          [
            -0.67283,
            37.99553
          ],
          [
            -0.67285,
            37.9956
          ],
          [
            -0.67278,
            37.9957
          ],
          [
            -0.67241,
            37.99634
          ],
          [
            -0.67229,
            37.99635
          ],
          [
            -0.67219,
            37.9964
          ],
          [
            -0.67214,
            37.99646
          ],
          [
            -0.67214,
            37.99656
          ],
          [
            -0.67219,
            37.99663
          ],
          [
            -0.67226,
            37.99667
          ],
          [
            -0.67235,
            37.99668
          ],
          [
            -0.67247,
            37.99666
          ],
          [
            -0.67252,
            37.99663
          ],
          [
            -0.67579,
            37.99659
          ],
          [
            -0.67579,
            37.99659
          ],
          [
            -0.67608,
            37.9966
          ],
          [
            -0.67609,
            37.99661
          ],
          [
            -0.67612,
            37.99663
          ],
          [
            -0.67619,
            37.99666
          ],
          [
            -0.67626,
            37.99666
          ],
          [
            -0.67634,
            37.99662
          ],
          [
            -0.67636,
            37.9966
          ],
          [
            -0.67637,
            37.99658
          ],
          [
            -0.67705,
            37.99658
          ],
          [
            -0.67735,
            37.99659
          ],
          [
            -0.6788,
            37.99656
          ],
          [
            -0.67926,
            37.99658
          ],
          [
            -0.67931,
            37.99662
          ],
          [
            -0.67937,
            37.99665
          ],
          [
            -0.67944,
            37.99665
          ],
          [
            -0.6795,
            37.99663
          ],
          [
            -0.67955,
            37.99659
          ],
          [
            -0.67957,
            37.99653
          ],
          [
            -0.67957,
            37.99651
          ],
          [
            -0.67974,
            37.99644
          ],
          [
            -0.68019,
            37.99641
          ],
          [
            -0.6805,
            37.99644
          ],
          [
            -0.6809,
            37.99651
          ],
          [
            -0.68114,
            37.99653
          ],
          [
            -0.68149,
            37.99652
          ],
          [
            -0.68193,
            37.9965
          ],
          [
            -0.68194,
            37.99651
          ],
          [
            -0.68196,
            37.99654
          ],
          [
            -0.68199,
            37.99656
          ],
          [
            -0.68206,
            37.99658
          ],
          [
            -0.68214,
            37.99657
          ],
          [
            -0.68221,
            37.99654
          ],
          [
            -0.68225,
            37.99648
          ],
          [
            -0.68225,
            37.99643
          ],
          [
            -0.68222,
            37.99637
          ],
          [
            -0.68215,
            37.99633
          ],
          [
            -0.68208,
            37.99632
          ],
          [
            -0.682,
            37.99633
          ],
          [
            -0.68194,
            37.99638
          ],
          [
            -0.68192,
            37.99641
          ],
          [
            -0.68192,
            37.99642
          ],
          [
            -0.68183,
            37.99645
          ],
          [
            -0.68154,
            37.99647
          ],
          [
            -0.68105,
            37.99646
          ],
          [
            -0.68043,
            37.99637
          ],
          [
            -0.6801,
            37.99636
          ],
          [
            -0.6801,
            37.99636
          ],
          [
            -0.67975,
            37.99639
          ],
          [
            -0.67951,
            37.99643
          ],
          [
            -0.67945,
            37.9964
          ],
          [
            -0.67938,
            37.9964
          ],
          [
            -0.67932,
            37.99642
          ],
          [
            -0.67927,
            37.99646
          ],
          [
            -0.67926,
            37.99648
          ],
          [
            -0.6788,
            37.99647
          ],
          [
            -0.67788,
            37.99647
          ],
          [
            -0.67704,
            37.99649
          ],
          [
            -0.67656,
            37.99649
          ],
          [
            -0.67637,
            37.99648
          ],
          [
            -0.67635,
            37.99646
          ],
          [
            -0.67632,
            37.99644
          ],
          [
            -0.67626,
            37.99642
          ],
          [
            -0.67619,
            37.99641
          ],
          [
            -0.67612,
            37.99644
          ],
          [
            -0.67608,
            37.99648
          ],
          [
            -0.67607,
            37.99656
          ],
          [
            -0.6761,
            37.99662
          ],
          [
            -0.67616,
            37.99665
          ],
          [
            -0.67617,
            37.99785
          ],
          [
            -0.67615,
            37.99803
          ],
          [
            -0.67611,
            37.99807
          ],
          [
            -0.67608,
            37.99808
          ],
          [
            -0.67603,
            37.99811
          ],
          [
            -0.676,
            37.99816
          ],
          [
            -0.676,
            37.99821
          ],
          [
            -0.67603,
            37.99826
          ],
          [
            -0.67608,
            37.99829
          ],
          [
            -0.67614,
            37.9983
          ],
          [
            -0.67617,
            37.9983
          ],
          [
            -0.67659,
            37.99859
          ],
          [
            -0.67704,
            37.99889
          ],
          [
            -0.67733,
            37.99906
          ],
          [
            -0.67776,
            37.99928
          ],
          [
            -0.67776,
            37.99929
          ],
          [
            -0.67761,
            37.9994
          ],
          [
            -0.67759,
            37.99944
          ],
          [
            -0.67735,
            37.99965
          ],
          [
            -0.67732,
            37.99967
          ],
          [
            -0.67495,
            38.0016
          ],
          [
            -0.67406,
            38.00232
          ],
          [
            -0.67393,
            38.00242
          ],
          [
            -0.67393,
            38.00242
          ],
          [
            -0.67301,
            38.00318
          ],
          [
            -0.67031,
            38.00536
          ],
          [
            -0.67015,
            38.00548
          ],
          [
            -0.67013,
            38.00548
          ],
          [
            -0.6701,
            38.00547
          ],
          [
            -0.67004,
            38.00546
          ],
          [
            -0.66998,
            38.00548
          ],
          [
            -0.66994,
            38.00551
          ],
          [
            -0.66991,
            38.00557
          ],
          [
            -0.66992,
            38.00562
          ],
          [
            -0.66995,
            38.00566
          ],
          [
            -0.67006,
            38.0057
          ],
          [
            -0.67012,
            38.00569
          ],
          [
            -0.67015,
            38.00567
          ],
          [
            -0.67017,
            38.00566
          ],
          [
            -0.6703,
            38.00578
          ],
          [
            -0.67098,
            38.00636
          ],
          [
            -0.67149,
            38.00677
          ],
          [
            -0.67169,
            38.00695
          ],
          [
            -0.67168,
            38.00695
          ],
          [
            -0.67166,
            38.00698
          ],
          [
            -0.67165,
            38.00703
          ],
          [
            -0.67166,
            38.00708
          ],
          [
            -0.67169,
            38.00712
          ],
          [
            -0.67175,
            38.00715
          ],
          [
            -0.67187,
            38.00714
          ],
          [
            -0.67192,
            38.0071
          ],
          [
            -0.67195,
            38.00706
          ],
          [
            -0.67195,
            38.00701
          ],
          [
            -0.67192,
            38.00696
          ],
          [
            -0.67212,
            38.00676
          ],
          [
            -0.67278,
            38.00626
          ],
          [
            -0.67278,
            38.00626
          ],
          [
            -0.67312,
            38.00599
          ],
          [
            -0.67314,
            38.006
          ],
          [
            -0.67319,
            38.00603
          ],
          [
            -0.67328,
            38.00603
          ],
          [
            -0.67335,
            38.00598
          ],
          [
            -0.67337,
            38.00594
          ],
          [
            -0.67335,
            38.00586
          ],
          [
            -0.67326,
            38.00581
          ],
          [
            -0.67316,
            38.00583
          ],
          [
            -0.67312,
            38.00586
          ],
          [
            -0.6731,
            38.00591
          ],
          [
            -0.6731,
            38.00595
          ],
          [
            -0.67311,
            38.00597
          ],
          [
            -0.67312,
            38.00598
          ],
          [
            -0.67288,
            38.00618
          ],
          [
            -0.67209,
            38.00678
          ],
          [
            -0.67191,
            38.00695
          ],
          [
            -0.6719,
            38.00694
          ],
          [
            -0.67187,
            38.00693
          ],
          [
            -0.67184,
            38.00692
          ],
          [
            -0.67178,
            38.00691
          ],
          [
            -0.67172,
            38.00693
          ],
          [
            -0.67169,
            38.00695
          ],
          [
            -0.67145,
            38.00674
          ],
          [
            -0.67029,
            38.00578
          ],
          [
            -0.67017,
            38.00566
          ],
          [
            -0.67018,
            38.00565
          ],
          [
            -0.6702,
            38.00563
          ],
          [
            -0.67021,
            38.00558
          ],
          [
            -0.6702,
            38.00553
          ],
          [
            -0.67015,
            38.00549
          ],
          [
            -0.67003,
            38.00546
          ],
          [
            -0.66993,
            38.00552
          ],
          [
            -0.66991,
            38.00557
          ],
          [
            -0.66992,
            38.00562
          ],
          [
            -0.66995,
            38.00566
          ],
          [
            -0.66918,
            38.00633
          ],
          [
            -0.66917,
            38.00633
          ],
          [
            -0.66912,
            38.00632
          ],
          [
            -0.66908,
            38.00632
          ],
          [
            -0.66901,
            38.00635
          ],
          [
            -0.669,
            38.00637
          ],
          [
            -0.66837,
            38.00615
          ],
          [
            -0.6677,
            38.0059
          ],
          [
            -0.66758,
            38.0059
          ],
          [
            -0.66738,
            38.00588
          ],
          [
            -0.66737,
            38.00587
          ],
          [
            -0.66733,
            38.00585
          ],
          [
            -0.66724,
            38.00583
          ],
          [
            -0.66715,
            38.00585
          ],
          [
            -0.66709,
            38.00589
          ],
          [
            -0.66695,
            38.00594
          ],
          [
            -0.66687,
            38.00597
          ],
          [
            -0.6666,
            38.00596
          ],
          [
            -0.6666,
            38.00596
          ],
          [
            -0.66541,
            38.00592
          ],
          [
            -0.66451,
            38.00588
          ],
          [
            -0.66442,
            38.00589
          ],
          [
            -0.6642,
            38.00595
          ],
          [
            -0.66408,
            38.006
          ],
          [
            -0.66395,
            38.00609
          ],
          [
            -0.66378,
            38.00631
          ],
          [
            -0.6633,
            38.00715
          ],
          [
            -0.66291,
            38.00779
          ],
          [
            -0.66278,
            38.00793
          ],
          [
            -0.6624,
            38.00819
          ],
          [
            -0.6624,
            38.00819
          ],
          [
            -0.66192,
            38.00855
          ],
          [
            -0.66152,
            38.00884
          ],
          [
            -0.66126,
            38.00903
          ],
          [
            -0.66113,
            38.0091
          ],
          [
            -0.66097,
            38.00916
          ],
          [
            -0.66064,
            38.00926
          ],
          [
            -0.66033,
            38.00934
          ],
          [
            -0.65987,
            38.0094
          ],
          [
            -0.65895,
            38.0095
          ],
          [
            -0.65895,
            38.0095
          ],
          [
            -0.65727,
            38.00972
          ],
          [
            -0.65735,
            38.00989
          ],
          [
            -0.65743,
            38.00998
          ],
          [
            -0.65762,
            38.01017
          ],
          [
            -0.65938,
            38.01179
          ],
          [
            -0.66007,
            38.01242
          ],
          [
            -0.66007,
            38.01242
          ],
          [
            -0.66022,
            38.01256
          ],
          [
            -0.66041,
            38.01273
          ],
          [
            -0.66031,
            38.01281
          ],
          [
            -0.66117,
            38.0136
          ],
          [
            -0.66119,
            38.01363
          ],
          [
            -0.66121,
            38.0137
          ],
          [
            -0.66055,
            38.01519
          ],
          [
            -0.65979,
            38.01696
          ],
          [
            -0.65958,
            38.01741
          ],
          [
            -0.6592,
            38.01829
          ],
          [
            -0.65914,
            38.01837
          ],
          [
            -0.65897,
            38.01838
          ],
          [
            -0.65867,
            38.01836
          ]
        ]
      }
    },
    {
      "type": "Feature",
      "properties": {
        "route_id": "086",
        "linweb": "06",
        "route_name": "Gregorio Maranon - Polideportivo - Hospital Quiron - C. Salud La Mata",
        "direction_id": 1,
        "geometry_source": "official_api"
      },
      "geometry": {
        "type": "LineString",
        "coordinates": [
          [
            -0.65867,
            38.01836
          ],
          [
            -0.65825,
            38.01836
          ],
          [
            -0.65752,
            38.01836
          ],
          [
            -0.65728,
            38.01835
          ],
          [
            -0.65728,
            38.01812
          ],
          [
            -0.65728,
            38.01812
          ],
          [
            -0.657263,
            38.017319
          ],
          [
            -0.655811,
            38.017307
          ],
          [
            -0.65581,
            38.01642
          ],
          [
            -0.65582,
            38.01624
          ],
          [
            -0.65586,
            38.01612
          ],
          [
            -0.65677,
            38.0154
          ],
          [
            -0.65858,
            38.01407
          ],
          [
            -0.65929,
            38.01354
          ],
          [
            -0.66031,
            38.01281
          ],
          [
            -0.66041,
            38.01273
          ],
          [
            -0.66022,
            38.01256
          ],
          [
            -0.66008,
            38.01244
          ],
          [
            -0.66008,
            38.01244
          ],
          [
            -0.65778,
            38.01032
          ],
          [
            -0.65748,
            38.01003
          ],
          [
            -0.65737,
            38.00992
          ],
          [
            -0.65723,
            38.00964
          ],
          [
            -0.65713,
            38.00937
          ],
          [
            -0.65713,
            38.00912
          ],
          [
            -0.65714,
            38.00908
          ],
          [
            -0.6572,
            38.00882
          ],
          [
            -0.65746,
            38.00806
          ],
          [
            -0.6575,
            38.00792
          ],
          [
            -0.65753,
            38.00789
          ],
          [
            -0.65759,
            38.00772
          ],
          [
            -0.65771,
            38.00737
          ],
          [
            -0.65776,
            38.00725
          ],
          [
            -0.6578,
            38.00718
          ],
          [
            -0.658,
            38.00661
          ],
          [
            -0.65811,
            38.00616
          ],
          [
            -0.65839,
            38.00527
          ],
          [
            -0.65845,
            38.00511
          ],
          [
            -0.65907,
            38.00368
          ],
          [
            -0.65907,
            38.00368
          ],
          [
            -0.65978,
            38.0021
          ],
          [
            -0.65995,
            38.00171
          ],
          [
            -0.66,
            38.00159
          ],
          [
            -0.6602,
            38.00158
          ],
          [
            -0.66183,
            38.00156
          ],
          [
            -0.66191,
            38.00157
          ],
          [
            -0.66248,
            38.00179
          ],
          [
            -0.66277,
            38.00189
          ],
          [
            -0.66277,
            38.00189
          ],
          [
            -0.66401,
            38.00235
          ],
          [
            -0.66479,
            38.00264
          ],
          [
            -0.66435,
            38.00328
          ],
          [
            -0.66435,
            38.00328
          ],
          [
            -0.66422,
            38.00349
          ],
          [
            -0.66411,
            38.00371
          ],
          [
            -0.66405,
            38.00389
          ],
          [
            -0.66405,
            38.00405
          ],
          [
            -0.66406,
            38.00415
          ],
          [
            -0.66414,
            38.0045
          ],
          [
            -0.66438,
            38.00515
          ],
          [
            -0.66453,
            38.00554
          ],
          [
            -0.66465,
            38.00588
          ],
          [
            -0.66541,
            38.00592
          ],
          [
            -0.66591,
            38.00594
          ],
          [
            -0.66591,
            38.00594
          ],
          [
            -0.66687,
            38.00597
          ],
          [
            -0.66709,
            38.00605
          ],
          [
            -0.66713,
            38.00609
          ],
          [
            -0.66722,
            38.00612
          ],
          [
            -0.66731,
            38.00611
          ],
          [
            -0.66739,
            38.00607
          ],
          [
            -0.66743,
            38.00599
          ],
          [
            -0.66758,
            38.0059
          ],
          [
            -0.6677,
            38.0059
          ],
          [
            -0.669,
            38.00637
          ],
          [
            -0.66899,
            38.00638
          ],
          [
            -0.66898,
            38.00642
          ],
          [
            -0.66902,
            38.00648
          ],
          [
            -0.6691,
            38.00651
          ],
          [
            -0.66918,
            38.00649
          ],
          [
            -0.66923,
            38.00644
          ],
          [
            -0.66922,
            38.00637
          ],
          [
            -0.6692,
            38.00634
          ],
          [
            -0.66958,
            38.006
          ],
          [
            -0.66997,
            38.00567
          ],
          [
            -0.66998,
            38.00568
          ],
          [
            -0.67001,
            38.00569
          ],
          [
            -0.67004,
            38.0057
          ],
          [
            -0.6701,
            38.00569
          ],
          [
            -0.67016,
            38.00567
          ],
          [
            -0.67113,
            38.00648
          ],
          [
            -0.67154,
            38.00681
          ],
          [
            -0.67169,
            38.00695
          ],
          [
            -0.67168,
            38.00696
          ],
          [
            -0.67166,
            38.00698
          ],
          [
            -0.67165,
            38.00701
          ],
          [
            -0.67165,
            38.00706
          ],
          [
            -0.67168,
            38.0071
          ],
          [
            -0.67179,
            38.00715
          ],
          [
            -0.67191,
            38.00712
          ],
          [
            -0.67194,
            38.00708
          ],
          [
            -0.67195,
            38.00703
          ],
          [
            -0.67193,
            38.00698
          ],
          [
            -0.67192,
            38.00696
          ],
          [
            -0.67209,
            38.00678
          ],
          [
            -0.67247,
            38.0065
          ],
          [
            -0.67278,
            38.00626
          ],
          [
            -0.67278,
            38.00626
          ],
          [
            -0.67209,
            38.00678
          ],
          [
            -0.67191,
            38.00695
          ],
          [
            -0.6719,
            38.00694
          ],
          [
            -0.67187,
            38.00693
          ],
          [
            -0.67184,
            38.00692
          ],
          [
            -0.67178,
            38.00691
          ],
          [
            -0.67172,
            38.00693
          ],
          [
            -0.67169,
            38.00695
          ],
          [
            -0.67145,
            38.00674
          ],
          [
            -0.67029,
            38.00578
          ],
          [
            -0.67017,
            38.00566
          ],
          [
            -0.67018,
            38.00565
          ],
          [
            -0.6702,
            38.00563
          ],
          [
            -0.67021,
            38.00558
          ],
          [
            -0.6702,
            38.00553
          ],
          [
            -0.67015,
            38.00549
          ],
          [
            -0.67255,
            38.00356
          ],
          [
            -0.67379,
            38.00254
          ],
          [
            -0.67392,
            38.00243
          ],
          [
            -0.67392,
            38.00243
          ],
          [
            -0.67609,
            38.00066
          ],
          [
            -0.67738,
            37.99962
          ],
          [
            -0.67738,
            37.99962
          ],
          [
            -0.67759,
            37.99944
          ],
          [
            -0.67764,
            37.99943
          ],
          [
            -0.6778,
            37.99937
          ],
          [
            -0.67783,
            37.99939
          ],
          [
            -0.67792,
            37.99939
          ],
          [
            -0.67799,
            37.99935
          ],
          [
            -0.67801,
            37.99927
          ],
          [
            -0.67795,
            37.9992
          ],
          [
            -0.6779,
            37.99919
          ],
          [
            -0.67787,
            37.99918
          ],
          [
            -0.67749,
            37.99906
          ],
          [
            -0.67721,
            37.99898
          ],
          [
            -0.67677,
            37.99872
          ],
          [
            -0.67639,
            37.99844
          ],
          [
            -0.67631,
            37.99834
          ],
          [
            -0.67626,
            37.99826
          ],
          [
            -0.67628,
            37.99824
          ],
          [
            -0.67629,
            37.99822
          ],
          [
            -0.67629,
            37.99819
          ],
          [
            -0.67628,
            37.99815
          ],
          [
            -0.67627,
            37.99813
          ],
          [
            -0.67628,
            37.99768
          ],
          [
            -0.67627,
            37.99666
          ],
          [
            -0.67632,
            37.99663
          ],
          [
            -0.67636,
            37.99659
          ],
          [
            -0.6772,
            37.99658
          ],
          [
            -0.67846,
            37.99656
          ],
          [
            -0.67923,
            37.99657
          ],
          [
            -0.67927,
            37.99659
          ],
          [
            -0.67929,
            37.99661
          ],
          [
            -0.67934,
            37.99664
          ],
          [
            -0.67941,
            37.99665
          ],
          [
            -0.67948,
            37.99664
          ],
          [
            -0.67953,
            37.99661
          ],
          [
            -0.67956,
            37.99656
          ],
          [
            -0.67957,
            37.9965
          ],
          [
            -0.67968,
            37.99646
          ],
          [
            -0.6799,
            37.99642
          ],
          [
            -0.68034,
            37.99642
          ],
          [
            -0.68057,
            37.99645
          ],
          [
            -0.68103,
            37.99652
          ],
          [
            -0.68132,
            37.99653
          ],
          [
            -0.68182,
            37.9965
          ],
          [
            -0.68193,
            37.99651
          ],
          [
            -0.68194,
            37.99652
          ],
          [
            -0.68197,
            37.99655
          ],
          [
            -0.68203,
            37.99658
          ],
          [
            -0.68211,
            37.99658
          ],
          [
            -0.68218,
            37.99656
          ],
          [
            -0.68224,
            37.99651
          ],
          [
            -0.68225,
            37.99645
          ],
          [
            -0.68224,
            37.99639
          ],
          [
            -0.68219,
            37.99634
          ],
          [
            -0.6821,
            37.99632
          ],
          [
            -0.68203,
            37.99632
          ],
          [
            -0.68196,
            37.99636
          ],
          [
            -0.68192,
            37.99641
          ],
          [
            -0.68192,
            37.99643
          ],
          [
            -0.68175,
            37.99645
          ],
          [
            -0.68127,
            37.99648
          ],
          [
            -0.68084,
            37.99644
          ],
          [
            -0.68063,
            37.99639
          ],
          [
            -0.68023,
            37.99636
          ],
          [
            -0.6801,
            37.99636
          ],
          [
            -0.6801,
            37.99636
          ],
          [
            -0.67975,
            37.99639
          ],
          [
            -0.67951,
            37.99643
          ],
          [
            -0.67945,
            37.9964
          ],
          [
            -0.67938,
            37.9964
          ],
          [
            -0.67932,
            37.99642
          ],
          [
            -0.67927,
            37.99646
          ],
          [
            -0.67926,
            37.99648
          ],
          [
            -0.6788,
            37.99647
          ],
          [
            -0.67788,
            37.99647
          ],
          [
            -0.67704,
            37.99649
          ],
          [
            -0.67656,
            37.99649
          ],
          [
            -0.67637,
            37.99648
          ],
          [
            -0.67635,
            37.99646
          ],
          [
            -0.67632,
            37.99644
          ],
          [
            -0.67626,
            37.99642
          ],
          [
            -0.67619,
            37.99641
          ],
          [
            -0.67612,
            37.99644
          ],
          [
            -0.67608,
            37.99648
          ],
          [
            -0.67607,
            37.9965
          ],
          [
            -0.67531,
            37.99651
          ],
          [
            -0.67531,
            37.99651
          ],
          [
            -0.6736,
            37.99652
          ],
          [
            -0.67257,
            37.99654
          ],
          [
            -0.67257,
            37.99651
          ],
          [
            -0.67256,
            37.99646
          ],
          [
            -0.67255,
            37.99644
          ],
          [
            -0.67262,
            37.99636
          ],
          [
            -0.67269,
            37.99622
          ],
          [
            -0.67278,
            37.99606
          ],
          [
            -0.67286,
            37.99592
          ],
          [
            -0.67286,
            37.99592
          ],
          [
            -0.67337,
            37.99504
          ],
          [
            -0.67376,
            37.99443
          ],
          [
            -0.674,
            37.99405
          ],
          [
            -0.6741,
            37.9939
          ],
          [
            -0.67423,
            37.99364
          ],
          [
            -0.67466,
            37.99285
          ],
          [
            -0.67506,
            37.99218
          ],
          [
            -0.67534,
            37.99172
          ],
          [
            -0.67532,
            37.99169
          ],
          [
            -0.67521,
            37.99166
          ],
          [
            -0.67525,
            37.99159
          ],
          [
            -0.67536,
            37.99148
          ],
          [
            -0.67539,
            37.99147
          ],
          [
            -0.67547,
            37.99145
          ],
          [
            -0.67551,
            37.99141
          ],
          [
            -0.67554,
            37.99135
          ],
          [
            -0.67553,
            37.99129
          ],
          [
            -0.67551,
            37.99125
          ],
          [
            -0.67554,
            37.99108
          ],
          [
            -0.67567,
            37.99101
          ],
          [
            -0.67579,
            37.99089
          ],
          [
            -0.67589,
            37.99071
          ],
          [
            -0.67589,
            37.99071
          ],
          [
            -0.67745,
            37.98797
          ],
          [
            -0.67849,
            37.98618
          ],
          [
            -0.67849,
            37.98618
          ],
          [
            -0.67894,
            37.98537
          ],
          [
            -0.67908,
            37.98516
          ],
          [
            -0.67929,
            37.98512
          ],
          [
            -0.68004,
            37.98497
          ],
          [
            -0.68071,
            37.98483
          ],
          [
            -0.68318,
            37.98434
          ],
          [
            -0.68318,
            37.98434
          ],
          [
            -0.68605,
            37.98379
          ],
          [
            -0.68614,
            37.98385
          ],
          [
            -0.68627,
            37.98386
          ],
          [
            -0.68637,
            37.98381
          ],
          [
            -0.68643,
            37.98373
          ],
          [
            -0.68642,
            37.98363
          ],
          [
            -0.68634,
            37.98356
          ],
          [
            -0.68629,
            37.98354
          ],
          [
            -0.68626,
            37.98354
          ],
          [
            -0.68624,
            37.98353
          ],
          [
            -0.68636,
            37.98287
          ],
          [
            -0.68639,
            37.98267
          ],
          [
            -0.68641,
            37.98255
          ],
          [
            -0.68641,
            37.98255
          ],
          [
            -0.68671,
            37.98096
          ],
          [
            -0.68677,
            37.98073
          ],
          [
            -0.68686,
            37.98065
          ],
          [
            -0.68719,
            37.98058
          ],
          [
            -0.68713,
            37.98039
          ],
          [
            -0.68703,
            37.98005
          ],
          [
            -0.68754,
            37.97995
          ],
          [
            -0.68754,
            37.97995
          ],
          [
            -0.68957,
            37.97954
          ],
          [
            -0.68936,
            37.9786
          ],
          [
            -0.68932,
            37.97846
          ],
          [
            -0.68932,
            37.97846
          ],
          [
            -0.68925,
            37.97823
          ],
          [
            -0.6891,
            37.9775
          ],
          [
            -0.68909,
            37.97739
          ],
          [
            -0.68804,
            37.97716
          ],
          [
            -0.68732,
            37.97701
          ],
          [
            -0.68669,
            37.97689
          ]
        ]
      }
    },
    {
      "type": "Feature",
      "properties": {
        "route_id": "087",
        "linweb": "07",
        "route_name": "Gregorio Maranon - Ramon Gallud - Av. Paris - La Mata",
        "direction_id": 0,
        "geometry_source": "official_api"
      },
      "geometry": {
        "type": "LineString",
        "coordinates": [
          [
            -0.68669,
            37.97689
          ],
          [
            -0.68636,
            37.97682
          ],
          [
            -0.68609,
            37.97679
          ],
          [
            -0.68587,
            37.9768
          ],
          [
            -0.68521,
            37.977
          ],
          [
            -0.68505,
            37.97704
          ],
          [
            -0.68445,
            37.97708
          ],
          [
            -0.68282,
            37.97719
          ],
          [
            -0.68046,
            37.97731
          ],
          [
            -0.67976,
            37.97735
          ],
          [
            -0.67976,
            37.97735
          ],
          [
            -0.67907,
            37.97738
          ],
          [
            -0.67829,
            37.97741
          ],
          [
            -0.67836,
            37.97773
          ],
          [
            -0.67846,
            37.97821
          ],
          [
            -0.67862,
            37.9789
          ],
          [
            -0.67879,
            37.97976
          ],
          [
            -0.6789,
            37.98032
          ],
          [
            -0.67907,
            37.98107
          ],
          [
            -0.67908,
            37.98111
          ],
          [
            -0.67908,
            37.98111
          ],
          [
            -0.67933,
            37.98224
          ],
          [
            -0.67943,
            37.98267
          ],
          [
            -0.67947,
            37.98293
          ],
          [
            -0.67947,
            37.98319
          ],
          [
            -0.67945,
            37.98363
          ],
          [
            -0.67942,
            37.98385
          ],
          [
            -0.67935,
            37.98412
          ],
          [
            -0.67931,
            37.98423
          ],
          [
            -0.67913,
            37.98419
          ],
          [
            -0.67824,
            37.98401
          ],
          [
            -0.67814,
            37.98399
          ],
          [
            -0.67814,
            37.98399
          ],
          [
            -0.67674,
            37.98368
          ],
          [
            -0.6767,
            37.98367
          ],
          [
            -0.67674,
            37.98349
          ],
          [
            -0.67618,
            37.98355
          ],
          [
            -0.67449,
            37.98372
          ],
          [
            -0.67355,
            37.98378
          ],
          [
            -0.67286,
            37.98383
          ],
          [
            -0.67286,
            37.98383
          ],
          [
            -0.67211,
            37.9839
          ],
          [
            -0.67162,
            37.98393
          ],
          [
            -0.67061,
            37.98394
          ],
          [
            -0.66957,
            37.98392
          ],
          [
            -0.66937,
            37.98391
          ],
          [
            -0.66892,
            37.98394
          ],
          [
            -0.66891,
            37.98394
          ],
          [
            -0.6689,
            37.98393
          ],
          [
            -0.66888,
            37.98393
          ],
          [
            -0.66887,
            37.98394
          ],
          [
            -0.66722,
            37.9841
          ],
          [
            -0.66722,
            37.9841
          ],
          [
            -0.6669,
            37.98413
          ],
          [
            -0.66602,
            37.98458
          ],
          [
            -0.66534,
            37.98519
          ],
          [
            -0.66512,
            37.98542
          ],
          [
            -0.66459,
            37.98591
          ],
          [
            -0.6645,
            37.98604
          ],
          [
            -0.66436,
            37.98629
          ],
          [
            -0.66415,
            37.98679
          ],
          [
            -0.66402,
            37.98713
          ],
          [
            -0.66387,
            37.98753
          ],
          [
            -0.66389,
            37.98765
          ],
          [
            -0.66385,
            37.98778
          ],
          [
            -0.66371,
            37.98883
          ],
          [
            -0.66371,
            37.98883
          ],
          [
            -0.66368,
            37.98919
          ],
          [
            -0.6637,
            37.98933
          ],
          [
            -0.66365,
            37.98999
          ],
          [
            -0.66359,
            37.99059
          ],
          [
            -0.66348,
            37.9911
          ],
          [
            -0.66312,
            37.99252
          ],
          [
            -0.66263,
            37.99419
          ],
          [
            -0.66263,
            37.99419
          ],
          [
            -0.6619,
            37.99657
          ],
          [
            -0.6619,
            37.99657
          ],
          [
            -0.66173,
            37.99709
          ],
          [
            -0.66125,
            37.99834
          ],
          [
            -0.66105,
            37.99888
          ],
          [
            -0.66105,
            37.99888
          ],
          [
            -0.66047,
            38.00038
          ],
          [
            -0.65998,
            38.00164
          ],
          [
            -0.65902,
            38.00378
          ],
          [
            -0.65902,
            38.00378
          ],
          [
            -0.65839,
            38.00527
          ],
          [
            -0.65804,
            38.00639
          ],
          [
            -0.65802,
            38.0065
          ],
          [
            -0.65788,
            38.00656
          ],
          [
            -0.65769,
            38.00663
          ],
          [
            -0.65766,
            38.00675
          ],
          [
            -0.65768,
            38.00679
          ],
          [
            -0.65771,
            38.00692
          ],
          [
            -0.65772,
            38.00705
          ],
          [
            -0.65768,
            38.00726
          ],
          [
            -0.65749,
            38.00785
          ],
          [
            -0.6575,
            38.00792
          ],
          [
            -0.65734,
            38.00842
          ],
          [
            -0.65716,
            38.00899
          ],
          [
            -0.65712,
            38.00919
          ],
          [
            -0.65712,
            38.00925
          ],
          [
            -0.65714,
            38.00942
          ],
          [
            -0.6572,
            38.00957
          ],
          [
            -0.65729,
            38.00977
          ],
          [
            -0.65735,
            38.00989
          ],
          [
            -0.65745,
            38.01001
          ],
          [
            -0.6586,
            38.01108
          ],
          [
            -0.66007,
            38.01242
          ],
          [
            -0.66007,
            38.01242
          ],
          [
            -0.66022,
            38.01256
          ],
          [
            -0.66041,
            38.01273
          ],
          [
            -0.66031,
            38.01281
          ],
          [
            -0.66117,
            38.0136
          ],
          [
            -0.66119,
            38.01363
          ],
          [
            -0.66121,
            38.0137
          ],
          [
            -0.66055,
            38.01519
          ],
          [
            -0.65979,
            38.01696
          ],
          [
            -0.65958,
            38.01741
          ],
          [
            -0.6592,
            38.01829
          ],
          [
            -0.65914,
            38.01837
          ],
          [
            -0.65897,
            38.01838
          ],
          [
            -0.65867,
            38.01836
          ],
          [
            -0.65867,
            38.01836
          ],
          [
            -0.65825,
            38.01836
          ],
          [
            -0.65585,
            38.01836
          ],
          [
            -0.65419,
            38.01838
          ],
          [
            -0.65421,
            38.02042
          ],
          [
            -0.65422,
            38.0207
          ],
          [
            -0.65422,
            38.0207
          ],
          [
            -0.65424,
            38.02255
          ],
          [
            -0.65426,
            38.02383
          ],
          [
            -0.65426,
            38.024
          ],
          [
            -0.65423,
            38.02487
          ],
          [
            -0.65496,
            38.02488
          ],
          [
            -0.65496,
            38.02488
          ],
          [
            -0.65597,
            38.02491
          ],
          [
            -0.6561,
            38.02494
          ],
          [
            -0.65622,
            38.02498
          ],
          [
            -0.65631,
            38.02503
          ],
          [
            -0.65634,
            38.0251
          ],
          [
            -0.65636,
            38.02513
          ],
          [
            -0.65638,
            38.02514
          ],
          [
            -0.65632,
            38.02542
          ],
          [
            -0.65617,
            38.02584
          ],
          [
            -0.65609,
            38.02608
          ],
          [
            -0.65601,
            38.02645
          ],
          [
            -0.65599,
            38.02676
          ],
          [
            -0.65601,
            38.02694
          ],
          [
            -0.65609,
            38.02735
          ],
          [
            -0.65618,
            38.02765
          ],
          [
            -0.65615,
            38.02775
          ],
          [
            -0.65616,
            38.02788
          ],
          [
            -0.65614,
            38.02792
          ],
          [
            -0.65605,
            38.02795
          ],
          [
            -0.65587,
            38.02795
          ],
          [
            -0.65525,
            38.02789
          ],
          [
            -0.65525,
            38.02789
          ],
          [
            -0.65403,
            38.02777
          ],
          [
            -0.6541,
            38.02725
          ],
          [
            -0.65411,
            38.02701
          ]
        ]
      }
    },
    {
      "type": "Feature",
      "properties": {
        "route_id": "087",
        "linweb": "07",
        "route_name": "Gregorio Maranon - Ramon Gallud - Av. Paris - La Mata",
        "direction_id": 1,
        "geometry_source": "official_api"
      },
      "geometry": {
        "type": "LineString",
        "coordinates": [
          [
            -0.65411,
            38.02701
          ],
          [
            -0.6541,
            38.02649
          ],
          [
            -0.65423,
            38.02487
          ],
          [
            -0.65426,
            38.024
          ],
          [
            -0.65426,
            38.02383
          ],
          [
            -0.65427,
            38.02358
          ],
          [
            -0.65474,
            38.02358
          ],
          [
            -0.65474,
            38.02358
          ],
          [
            -0.65507,
            38.02357
          ],
          [
            -0.65506,
            38.02255
          ],
          [
            -0.65502,
            38.02051
          ],
          [
            -0.65523,
            38.02051
          ],
          [
            -0.65523,
            38.02051
          ],
          [
            -0.65724,
            38.02047
          ],
          [
            -0.65731,
            38.02047
          ],
          [
            -0.6573,
            38.02041
          ],
          [
            -0.65728,
            38.01835
          ],
          [
            -0.65728,
            38.01812
          ],
          [
            -0.65728,
            38.01812
          ],
          [
            -0.65726,
            38.01733
          ],
          [
            -0.65605,
            38.01733
          ],
          [
            -0.65581,
            38.01733
          ],
          [
            -0.65582,
            38.01721
          ],
          [
            -0.65581,
            38.01675
          ],
          [
            -0.65581,
            38.01675
          ],
          [
            -0.65581,
            38.01628
          ],
          [
            -0.65584,
            38.01615
          ],
          [
            -0.65588,
            38.0161
          ],
          [
            -0.65627,
            38.01579
          ],
          [
            -0.65756,
            38.01481
          ],
          [
            -0.65912,
            38.01366
          ],
          [
            -0.65986,
            38.01311
          ],
          [
            -0.66041,
            38.01273
          ],
          [
            -0.66008,
            38.01244
          ],
          [
            -0.66008,
            38.01244
          ],
          [
            -0.65778,
            38.01032
          ],
          [
            -0.65748,
            38.01003
          ],
          [
            -0.65737,
            38.00992
          ],
          [
            -0.65723,
            38.00964
          ],
          [
            -0.65713,
            38.00937
          ],
          [
            -0.65713,
            38.00912
          ],
          [
            -0.65714,
            38.00908
          ],
          [
            -0.6572,
            38.00882
          ],
          [
            -0.65746,
            38.00806
          ],
          [
            -0.6575,
            38.00792
          ],
          [
            -0.65753,
            38.00789
          ],
          [
            -0.65759,
            38.00772
          ],
          [
            -0.65771,
            38.00737
          ],
          [
            -0.65776,
            38.00725
          ],
          [
            -0.6578,
            38.00718
          ],
          [
            -0.658,
            38.00661
          ],
          [
            -0.65811,
            38.00616
          ],
          [
            -0.65839,
            38.00527
          ],
          [
            -0.65845,
            38.00511
          ],
          [
            -0.65907,
            38.00368
          ],
          [
            -0.65907,
            38.00368
          ],
          [
            -0.65978,
            38.0021
          ],
          [
            -0.66011,
            38.00133
          ],
          [
            -0.66105,
            37.99885
          ],
          [
            -0.66105,
            37.99885
          ],
          [
            -0.66181,
            37.99687
          ],
          [
            -0.66194,
            37.99645
          ],
          [
            -0.66195,
            37.99642
          ],
          [
            -0.66263,
            37.99419
          ],
          [
            -0.66263,
            37.99419
          ],
          [
            -0.66298,
            37.993
          ],
          [
            -0.66321,
            37.99214
          ],
          [
            -0.66357,
            37.99072
          ],
          [
            -0.66367,
            37.9897
          ],
          [
            -0.6637,
            37.98933
          ],
          [
            -0.66368,
            37.98919
          ],
          [
            -0.6637,
            37.98893
          ],
          [
            -0.6637,
            37.98893
          ],
          [
            -0.66376,
            37.98837
          ],
          [
            -0.66387,
            37.98771
          ],
          [
            -0.66389,
            37.98765
          ],
          [
            -0.66396,
            37.98756
          ],
          [
            -0.66422,
            37.98689
          ],
          [
            -0.66429,
            37.98672
          ],
          [
            -0.66446,
            37.98631
          ],
          [
            -0.66456,
            37.98613
          ],
          [
            -0.66468,
            37.98596
          ],
          [
            -0.66522,
            37.98547
          ],
          [
            -0.66609,
            37.98465
          ],
          [
            -0.66694,
            37.98421
          ],
          [
            -0.66733,
            37.98417
          ],
          [
            -0.66733,
            37.98417
          ],
          [
            -0.6689,
            37.98402
          ],
          [
            -0.66892,
            37.98402
          ],
          [
            -0.66892,
            37.98401
          ],
          [
            -0.66957,
            37.984
          ],
          [
            -0.67004,
            37.98401
          ],
          [
            -0.67053,
            37.98403
          ],
          [
            -0.6714,
            37.98401
          ],
          [
            -0.67223,
            37.98399
          ],
          [
            -0.67327,
            37.98407
          ],
          [
            -0.67377,
            37.98413
          ],
          [
            -0.67377,
            37.98413
          ],
          [
            -0.6749,
            37.98435
          ],
          [
            -0.67622,
            37.98462
          ],
          [
            -0.67742,
            37.98486
          ],
          [
            -0.67897,
            37.98516
          ],
          [
            -0.67929,
            37.98512
          ],
          [
            -0.68004,
            37.98497
          ],
          [
            -0.68211,
            37.98455
          ],
          [
            -0.68318,
            37.98434
          ],
          [
            -0.68318,
            37.98434
          ],
          [
            -0.68605,
            37.98379
          ],
          [
            -0.68614,
            37.98385
          ],
          [
            -0.68627,
            37.98386
          ],
          [
            -0.68637,
            37.98381
          ],
          [
            -0.68643,
            37.98373
          ],
          [
            -0.68642,
            37.98363
          ],
          [
            -0.68634,
            37.98356
          ],
          [
            -0.68629,
            37.98354
          ],
          [
            -0.68626,
            37.98354
          ],
          [
            -0.68624,
            37.98353
          ],
          [
            -0.68636,
            37.98287
          ],
          [
            -0.68639,
            37.98267
          ],
          [
            -0.68641,
            37.98255
          ],
          [
            -0.68641,
            37.98255
          ],
          [
            -0.68671,
            37.98096
          ],
          [
            -0.68677,
            37.98073
          ],
          [
            -0.68686,
            37.98065
          ],
          [
            -0.68719,
            37.98058
          ],
          [
            -0.68713,
            37.98039
          ],
          [
            -0.68703,
            37.98005
          ],
          [
            -0.68754,
            37.97995
          ],
          [
            -0.68754,
            37.97995
          ],
          [
            -0.68957,
            37.97954
          ],
          [
            -0.68936,
            37.9786
          ],
          [
            -0.68932,
            37.97846
          ],
          [
            -0.68932,
            37.97846
          ],
          [
            -0.68925,
            37.97823
          ],
          [
            -0.6891,
            37.9775
          ],
          [
            -0.68909,
            37.97739
          ],
          [
            -0.68804,
            37.97716
          ],
          [
            -0.68732,
            37.97701
          ],
          [
            -0.68669,
            37.97689
          ]
        ]
      }
    },
    {
      "type": "Feature",
      "properties": {
        "route_id": "088",
        "linweb": "08",
        "route_name": "Gregorio Maranon - Cabo Cervera - Estacion de Autobuses - La Mata",
        "direction_id": 0,
        "geometry_source": "official_api"
      },
      "geometry": {
        "type": "LineString",
        "coordinates": [
          [
            -0.68669,
            37.97689
          ],
          [
            -0.68636,
            37.97682
          ],
          [
            -0.68609,
            37.97679
          ],
          [
            -0.68587,
            37.9768
          ],
          [
            -0.68521,
            37.977
          ],
          [
            -0.68505,
            37.97704
          ],
          [
            -0.68445,
            37.97708
          ],
          [
            -0.68282,
            37.97719
          ],
          [
            -0.68046,
            37.97731
          ],
          [
            -0.67976,
            37.97735
          ],
          [
            -0.67955,
            37.97736
          ],
          [
            -0.67677,
            37.97748
          ],
          [
            -0.67677,
            37.97748
          ],
          [
            -0.67475,
            37.97759
          ],
          [
            -0.67299,
            37.97769
          ],
          [
            -0.67184,
            37.97792
          ],
          [
            -0.6716,
            37.9775
          ],
          [
            -0.67136,
            37.97705
          ],
          [
            -0.67132,
            37.977
          ],
          [
            -0.67132,
            37.977
          ],
          [
            -0.67127,
            37.97697
          ],
          [
            -0.6712,
            37.97695
          ],
          [
            -0.67116,
            37.97704
          ],
          [
            -0.67111,
            37.97713
          ],
          [
            -0.67109,
            37.97716
          ],
          [
            -0.67101,
            37.9772
          ],
          [
            -0.67038,
            37.97741
          ],
          [
            -0.66937,
            37.97776
          ],
          [
            -0.66937,
            37.97776
          ],
          [
            -0.66915,
            37.97783
          ],
          [
            -0.66884,
            37.97787
          ],
          [
            -0.6675,
            37.97793
          ],
          [
            -0.66579,
            37.97804
          ],
          [
            -0.66579,
            37.97804
          ],
          [
            -0.66504,
            37.97808
          ],
          [
            -0.66491,
            37.97811
          ],
          [
            -0.66484,
            37.97816
          ],
          [
            -0.66475,
            37.97825
          ],
          [
            -0.66447,
            37.97864
          ],
          [
            -0.66406,
            37.97931
          ],
          [
            -0.66396,
            37.97958
          ],
          [
            -0.66394,
            37.97986
          ],
          [
            -0.664,
            37.98002
          ],
          [
            -0.66432,
            37.98024
          ],
          [
            -0.66439,
            37.98031
          ],
          [
            -0.66442,
            37.98041
          ],
          [
            -0.6644,
            37.98049
          ],
          [
            -0.66435,
            37.98062
          ],
          [
            -0.66416,
            37.98065
          ],
          [
            -0.66408,
            37.98068
          ],
          [
            -0.66402,
            37.98072
          ],
          [
            -0.66396,
            37.98073
          ],
          [
            -0.66378,
            37.98076
          ],
          [
            -0.66366,
            37.98079
          ],
          [
            -0.66341,
            37.98089
          ],
          [
            -0.66319,
            37.98104
          ],
          [
            -0.66258,
            37.98154
          ],
          [
            -0.66232,
            37.9818
          ],
          [
            -0.66199,
            37.98215
          ],
          [
            -0.66178,
            37.98239
          ],
          [
            -0.66178,
            37.98239
          ],
          [
            -0.66122,
            37.98302
          ],
          [
            -0.66095,
            37.98331
          ],
          [
            -0.66083,
            37.98341
          ],
          [
            -0.6599,
            37.98382
          ],
          [
            -0.65935,
            37.98406
          ],
          [
            -0.65866,
            37.98454
          ],
          [
            -0.65866,
            37.98454
          ],
          [
            -0.65787,
            37.98512
          ],
          [
            -0.65775,
            37.98522
          ],
          [
            -0.65756,
            37.98545
          ],
          [
            -0.65749,
            37.98557
          ],
          [
            -0.65716,
            37.98641
          ],
          [
            -0.65699,
            37.98682
          ],
          [
            -0.65699,
            37.98682
          ],
          [
            -0.65668,
            37.98761
          ],
          [
            -0.65642,
            37.98833
          ],
          [
            -0.65612,
            37.98908
          ],
          [
            -0.65598,
            37.98948
          ],
          [
            -0.65597,
            37.98966
          ],
          [
            -0.656,
            37.98986
          ],
          [
            -0.65616,
            37.99049
          ],
          [
            -0.65616,
            37.99049
          ],
          [
            -0.65631,
            37.99106
          ],
          [
            -0.65632,
            37.99116
          ],
          [
            -0.65632,
            37.99128
          ],
          [
            -0.65628,
            37.99144
          ],
          [
            -0.65609,
            37.99205
          ],
          [
            -0.65598,
            37.99237
          ],
          [
            -0.65592,
            37.99262
          ],
          [
            -0.65592,
            37.99276
          ],
          [
            -0.65595,
            37.99311
          ],
          [
            -0.656,
            37.99341
          ],
          [
            -0.656,
            37.99341
          ],
          [
            -0.65618,
            37.99469
          ],
          [
            -0.65625,
            37.99534
          ],
          [
            -0.65623,
            37.99552
          ],
          [
            -0.65619,
            37.99562
          ],
          [
            -0.65606,
            37.99582
          ],
          [
            -0.65584,
            37.99599
          ],
          [
            -0.65549,
            37.99617
          ],
          [
            -0.65549,
            37.99617
          ],
          [
            -0.65463,
            37.99657
          ],
          [
            -0.65445,
            37.99669
          ],
          [
            -0.65428,
            37.99682
          ],
          [
            -0.65409,
            37.99702
          ],
          [
            -0.6531,
            37.9982
          ],
          [
            -0.6529,
            37.99844
          ],
          [
            -0.65279,
            37.99857
          ],
          [
            -0.65261,
            37.99899
          ],
          [
            -0.65261,
            37.99899
          ],
          [
            -0.65234,
            37.99953
          ],
          [
            -0.65207,
            37.99954
          ],
          [
            -0.65157,
            37.99963
          ],
          [
            -0.65143,
            37.99968
          ],
          [
            -0.65131,
            37.99973
          ],
          [
            -0.65126,
            37.99976
          ],
          [
            -0.65107,
            37.99996
          ],
          [
            -0.65081,
            38.00034
          ],
          [
            -0.65069,
            38.00058
          ],
          [
            -0.65046,
            38.00103
          ],
          [
            -0.65041,
            38.00117
          ],
          [
            -0.6504,
            38.00142
          ],
          [
            -0.65043,
            38.00209
          ],
          [
            -0.65043,
            38.00209
          ],
          [
            -0.65044,
            38.00226
          ],
          [
            -0.65029,
            38.00228
          ],
          [
            -0.65009,
            38.0023
          ],
          [
            -0.649471,
            38.002348
          ],
          [
            -0.649433,
            38.0024
          ],
          [
            -0.649443,
            38.002912
          ],
          [
            -0.649473,
            38.003606
          ],
          [
            -0.649473,
            38.00418
          ],
          [
            -0.649498,
            38.004677
          ],
          [
            -0.649498,
            38.004847
          ],
          [
            -0.649497,
            38.00495
          ],
          [
            -0.649501,
            38.00504
          ],
          [
            -0.649507,
            38.005034
          ],
          [
            -0.65055,
            38.005
          ],
          [
            -0.65052,
            38.00423
          ],
          [
            -0.65046,
            38.00254
          ],
          [
            -0.65041,
            38.0016
          ],
          [
            -0.65041,
            38.00125
          ],
          [
            -0.65043,
            38.0011
          ],
          [
            -0.65051,
            38.00091
          ],
          [
            -0.65087,
            38.00024
          ],
          [
            -0.65107,
            37.99996
          ],
          [
            -0.65126,
            37.99976
          ],
          [
            -0.65137,
            37.9997
          ],
          [
            -0.65152,
            37.99964
          ],
          [
            -0.65195,
            37.99956
          ],
          [
            -0.65223,
            37.99953
          ],
          [
            -0.65234,
            37.99953
          ],
          [
            -0.65226,
            37.99974
          ],
          [
            -0.65197,
            38.00036
          ],
          [
            -0.6518,
            38.0007
          ],
          [
            -0.65176,
            38.00084
          ],
          [
            -0.65175,
            38.00107
          ],
          [
            -0.65184,
            38.00121
          ],
          [
            -0.65192,
            38.00126
          ],
          [
            -0.65215,
            38.00149
          ],
          [
            -0.65267,
            38.00194
          ],
          [
            -0.65305,
            38.00225
          ],
          [
            -0.65305,
            38.00225
          ],
          [
            -0.65437,
            38.00323
          ],
          [
            -0.65573,
            38.00424
          ],
          [
            -0.65573,
            38.00424
          ],
          [
            -0.65602,
            38.00446
          ],
          [
            -0.65652,
            38.00483
          ],
          [
            -0.65673,
            38.005
          ],
          [
            -0.65684,
            38.00512
          ],
          [
            -0.65694,
            38.00525
          ],
          [
            -0.65699,
            38.00534
          ],
          [
            -0.65716,
            38.00565
          ],
          [
            -0.65715,
            38.00571
          ],
          [
            -0.65718,
            38.00577
          ],
          [
            -0.6574,
            38.00621
          ],
          [
            -0.65767,
            38.00678
          ],
          [
            -0.65772,
            38.00698
          ],
          [
            -0.6577,
            38.0072
          ],
          [
            -0.65753,
            38.00772
          ],
          [
            -0.65749,
            38.00788
          ],
          [
            -0.6575,
            38.00792
          ],
          [
            -0.65746,
            38.00806
          ],
          [
            -0.6572,
            38.00882
          ],
          [
            -0.65716,
            38.00896
          ],
          [
            -0.65712,
            38.00919
          ],
          [
            -0.65712,
            38.00925
          ],
          [
            -0.65714,
            38.00942
          ],
          [
            -0.6572,
            38.00957
          ],
          [
            -0.65729,
            38.00977
          ],
          [
            -0.65735,
            38.00989
          ],
          [
            -0.65745,
            38.01001
          ],
          [
            -0.6586,
            38.01108
          ],
          [
            -0.66007,
            38.01242
          ],
          [
            -0.66007,
            38.01242
          ],
          [
            -0.66022,
            38.01256
          ],
          [
            -0.66041,
            38.01273
          ],
          [
            -0.66031,
            38.01281
          ],
          [
            -0.66117,
            38.0136
          ],
          [
            -0.66119,
            38.01363
          ],
          [
            -0.66121,
            38.0137
          ],
          [
            -0.66055,
            38.01519
          ],
          [
            -0.65979,
            38.01696
          ],
          [
            -0.65958,
            38.01741
          ],
          [
            -0.6592,
            38.01829
          ],
          [
            -0.65914,
            38.01837
          ],
          [
            -0.65897,
            38.01838
          ],
          [
            -0.65867,
            38.01836
          ],
          [
            -0.65867,
            38.01836
          ],
          [
            -0.65825,
            38.01836
          ],
          [
            -0.65585,
            38.01836
          ],
          [
            -0.65419,
            38.01838
          ],
          [
            -0.65421,
            38.02042
          ],
          [
            -0.65422,
            38.0207
          ],
          [
            -0.65422,
            38.0207
          ],
          [
            -0.65424,
            38.02255
          ],
          [
            -0.65426,
            38.02383
          ],
          [
            -0.65426,
            38.024
          ],
          [
            -0.65423,
            38.02487
          ],
          [
            -0.65496,
            38.02488
          ],
          [
            -0.65496,
            38.02488
          ],
          [
            -0.65597,
            38.02491
          ],
          [
            -0.6561,
            38.02494
          ],
          [
            -0.65622,
            38.02498
          ],
          [
            -0.65631,
            38.02503
          ],
          [
            -0.65634,
            38.0251
          ],
          [
            -0.65636,
            38.02513
          ],
          [
            -0.65638,
            38.02514
          ],
          [
            -0.65632,
            38.02542
          ],
          [
            -0.65617,
            38.02584
          ],
          [
            -0.65609,
            38.02608
          ],
          [
            -0.65601,
            38.02645
          ],
          [
            -0.65599,
            38.02676
          ],
          [
            -0.65601,
            38.02694
          ],
          [
            -0.65609,
            38.02735
          ],
          [
            -0.65618,
            38.02765
          ],
          [
            -0.65615,
            38.02775
          ],
          [
            -0.65616,
            38.02788
          ],
          [
            -0.65614,
            38.02792
          ],
          [
            -0.65605,
            38.02795
          ],
          [
            -0.65587,
            38.02795
          ],
          [
            -0.65525,
            38.02789
          ],
          [
            -0.65525,
            38.02789
          ],
          [
            -0.65403,
            38.02777
          ],
          [
            -0.6541,
            38.02725
          ],
          [
            -0.65411,
            38.02701
          ]
        ]
      }
    },
    {
      "type": "Feature",
      "properties": {
        "route_id": "088",
        "linweb": "08",
        "route_name": "Gregorio Maranon - Cabo Cervera - Estacion de Autobuses - La Mata",
        "direction_id": 1,
        "geometry_source": "official_api"
      },
      "geometry": {
        "type": "LineString",
        "coordinates": [
          [
            -0.65411,
            38.02701
          ],
          [
            -0.6541,
            38.02649
          ],
          [
            -0.65423,
            38.02487
          ],
          [
            -0.65426,
            38.024
          ],
          [
            -0.65426,
            38.02383
          ],
          [
            -0.65427,
            38.02358
          ],
          [
            -0.65474,
            38.02358
          ],
          [
            -0.65474,
            38.02358
          ],
          [
            -0.65507,
            38.02357
          ],
          [
            -0.65506,
            38.02255
          ],
          [
            -0.65502,
            38.02051
          ],
          [
            -0.65523,
            38.02051
          ],
          [
            -0.65523,
            38.02051
          ],
          [
            -0.65724,
            38.02047
          ],
          [
            -0.65731,
            38.02047
          ],
          [
            -0.6573,
            38.02041
          ],
          [
            -0.65728,
            38.01835
          ],
          [
            -0.65728,
            38.01812
          ],
          [
            -0.65728,
            38.01812
          ],
          [
            -0.65726,
            38.01733
          ],
          [
            -0.65605,
            38.01733
          ],
          [
            -0.65581,
            38.01733
          ],
          [
            -0.65582,
            38.01721
          ],
          [
            -0.65581,
            38.01675
          ],
          [
            -0.65581,
            38.01675
          ],
          [
            -0.65581,
            38.01628
          ],
          [
            -0.65584,
            38.01615
          ],
          [
            -0.65588,
            38.0161
          ],
          [
            -0.65627,
            38.01579
          ],
          [
            -0.65756,
            38.01481
          ],
          [
            -0.65912,
            38.01366
          ],
          [
            -0.65986,
            38.01311
          ],
          [
            -0.66041,
            38.01273
          ],
          [
            -0.66008,
            38.01244
          ],
          [
            -0.66008,
            38.01244
          ],
          [
            -0.65778,
            38.01032
          ],
          [
            -0.65748,
            38.01003
          ],
          [
            -0.65737,
            38.00992
          ],
          [
            -0.65723,
            38.00964
          ],
          [
            -0.65713,
            38.00937
          ],
          [
            -0.65713,
            38.00912
          ],
          [
            -0.65714,
            38.00908
          ],
          [
            -0.6572,
            38.00882
          ],
          [
            -0.65746,
            38.00806
          ],
          [
            -0.6575,
            38.00792
          ],
          [
            -0.65753,
            38.00789
          ],
          [
            -0.65759,
            38.00772
          ],
          [
            -0.65771,
            38.00737
          ],
          [
            -0.65776,
            38.00725
          ],
          [
            -0.65776,
            38.00717
          ],
          [
            -0.65778,
            38.00707
          ],
          [
            -0.65778,
            38.00695
          ],
          [
            -0.65777,
            38.00682
          ],
          [
            -0.65773,
            38.0067
          ],
          [
            -0.65724,
            38.00576
          ],
          [
            -0.65716,
            38.00565
          ],
          [
            -0.65692,
            38.00522
          ],
          [
            -0.65675,
            38.00503
          ],
          [
            -0.65662,
            38.00491
          ],
          [
            -0.65598,
            38.00442
          ],
          [
            -0.65595,
            38.0044
          ],
          [
            -0.65595,
            38.0044
          ],
          [
            -0.65437,
            38.00323
          ],
          [
            -0.65304,
            38.00225
          ],
          [
            -0.65304,
            38.00225
          ],
          [
            -0.65267,
            38.00194
          ],
          [
            -0.65215,
            38.00149
          ],
          [
            -0.65192,
            38.00126
          ],
          [
            -0.65189,
            38.00118
          ],
          [
            -0.65183,
            38.00106
          ],
          [
            -0.65183,
            38.00085
          ],
          [
            -0.65187,
            38.00071
          ],
          [
            -0.65218,
            38.00005
          ],
          [
            -0.65242,
            37.99956
          ],
          [
            -0.65223,
            37.99953
          ],
          [
            -0.65195,
            37.99956
          ],
          [
            -0.65152,
            37.99964
          ],
          [
            -0.65137,
            37.9997
          ],
          [
            -0.65126,
            37.99976
          ],
          [
            -0.65107,
            37.99996
          ],
          [
            -0.65087,
            38.00024
          ],
          [
            -0.65069,
            38.00057
          ],
          [
            -0.65051,
            38.00091
          ],
          [
            -0.65043,
            38.0011
          ],
          [
            -0.65041,
            38.00125
          ],
          [
            -0.65041,
            38.0016
          ],
          [
            -0.65043,
            38.00209
          ],
          [
            -0.65043,
            38.00209
          ],
          [
            -0.65044,
            38.00226
          ],
          [
            -0.65029,
            38.00228
          ],
          [
            -0.65009,
            38.0023
          ],
          [
            -0.649425,
            38.002347
          ],
          [
            -0.649432,
            38.002466
          ],
          [
            -0.649441,
            38.002616
          ],
          [
            -0.64946,
            38.003344
          ],
          [
            -0.649485,
            38.003795
          ],
          [
            -0.649511,
            38.00418
          ],
          [
            -0.649528,
            38.004635
          ],
          [
            -0.649555,
            38.005037
          ],
          [
            -0.649555,
            38.005029
          ],
          [
            -0.65055,
            38.005
          ],
          [
            -0.65052,
            38.00423
          ],
          [
            -0.65046,
            38.00254
          ],
          [
            -0.65041,
            38.0016
          ],
          [
            -0.65041,
            38.00125
          ],
          [
            -0.65043,
            38.0011
          ],
          [
            -0.65051,
            38.00091
          ],
          [
            -0.65087,
            38.00024
          ],
          [
            -0.65107,
            37.99996
          ],
          [
            -0.65126,
            37.99976
          ],
          [
            -0.65137,
            37.9997
          ],
          [
            -0.65152,
            37.99964
          ],
          [
            -0.65195,
            37.99956
          ],
          [
            -0.65223,
            37.99953
          ],
          [
            -0.65242,
            37.99956
          ],
          [
            -0.65259,
            37.9992
          ],
          [
            -0.65271,
            37.9989
          ],
          [
            -0.65271,
            37.9989
          ],
          [
            -0.65286,
            37.99856
          ],
          [
            -0.6529,
            37.99845
          ],
          [
            -0.65298,
            37.99833
          ],
          [
            -0.65353,
            37.99769
          ],
          [
            -0.654,
            37.99713
          ],
          [
            -0.65423,
            37.99687
          ],
          [
            -0.65436,
            37.99675
          ],
          [
            -0.65456,
            37.99662
          ],
          [
            -0.65474,
            37.99652
          ],
          [
            -0.65518,
            37.99632
          ],
          [
            -0.65551,
            37.99617
          ],
          [
            -0.65551,
            37.99617
          ],
          [
            -0.65584,
            37.99599
          ],
          [
            -0.65606,
            37.99582
          ],
          [
            -0.65619,
            37.99562
          ],
          [
            -0.65623,
            37.99552
          ],
          [
            -0.65625,
            37.99534
          ],
          [
            -0.65618,
            37.99469
          ],
          [
            -0.65614,
            37.99438
          ],
          [
            -0.65598,
            37.9933
          ],
          [
            -0.65598,
            37.9933
          ],
          [
            -0.65593,
            37.99294
          ],
          [
            -0.65592,
            37.99262
          ],
          [
            -0.65598,
            37.99237
          ],
          [
            -0.65605,
            37.99214
          ],
          [
            -0.65621,
            37.99166
          ],
          [
            -0.65632,
            37.99128
          ],
          [
            -0.65631,
            37.99106
          ],
          [
            -0.65623,
            37.99072
          ],
          [
            -0.65623,
            37.99072
          ],
          [
            -0.656,
            37.98986
          ],
          [
            -0.65597,
            37.98966
          ],
          [
            -0.65598,
            37.98948
          ],
          [
            -0.65612,
            37.98908
          ],
          [
            -0.65642,
            37.98833
          ],
          [
            -0.65668,
            37.98761
          ],
          [
            -0.65687,
            37.98713
          ],
          [
            -0.65687,
            37.98713
          ],
          [
            -0.65749,
            37.98557
          ],
          [
            -0.65756,
            37.98545
          ],
          [
            -0.65775,
            37.98522
          ],
          [
            -0.6585,
            37.98466
          ],
          [
            -0.65861,
            37.98458
          ],
          [
            -0.65861,
            37.98458
          ],
          [
            -0.65935,
            37.98406
          ],
          [
            -0.6599,
            37.98382
          ],
          [
            -0.66083,
            37.98341
          ],
          [
            -0.66095,
            37.98331
          ],
          [
            -0.66122,
            37.98302
          ],
          [
            -0.66133,
            37.98291
          ],
          [
            -0.66133,
            37.98291
          ],
          [
            -0.66173,
            37.98244
          ],
          [
            -0.66218,
            37.98194
          ],
          [
            -0.66238,
            37.98173
          ],
          [
            -0.66284,
            37.98132
          ],
          [
            -0.66327,
            37.98097
          ],
          [
            -0.66353,
            37.98083
          ],
          [
            -0.66357,
            37.98081
          ],
          [
            -0.66357,
            37.98081
          ],
          [
            -0.66372,
            37.98077
          ],
          [
            -0.66402,
            37.98072
          ],
          [
            -0.66418,
            37.98071
          ],
          [
            -0.66436,
            37.9807
          ],
          [
            -0.66649,
            37.98056
          ],
          [
            -0.66674,
            37.98054
          ],
          [
            -0.66674,
            37.98054
          ],
          [
            -0.66923,
            37.98041
          ],
          [
            -0.67171,
            37.98026
          ],
          [
            -0.6724,
            37.98022
          ],
          [
            -0.6724,
            37.98022
          ],
          [
            -0.67269,
            37.98019
          ],
          [
            -0.67276,
            37.98016
          ],
          [
            -0.67474,
            37.97986
          ],
          [
            -0.67578,
            37.9797
          ],
          [
            -0.67578,
            37.9797
          ],
          [
            -0.67871,
            37.97938
          ],
          [
            -0.6789,
            37.98032
          ],
          [
            -0.67914,
            37.9814
          ],
          [
            -0.68205,
            37.98098
          ],
          [
            -0.68373,
            37.9807
          ],
          [
            -0.68373,
            37.9807
          ],
          [
            -0.6863,
            37.98021
          ],
          [
            -0.68703,
            37.98005
          ],
          [
            -0.68754,
            37.97995
          ],
          [
            -0.68754,
            37.97995
          ],
          [
            -0.68957,
            37.97954
          ],
          [
            -0.68936,
            37.9786
          ],
          [
            -0.68932,
            37.97846
          ],
          [
            -0.68932,
            37.97846
          ],
          [
            -0.68925,
            37.97823
          ],
          [
            -0.6891,
            37.9775
          ],
          [
            -0.68909,
            37.97739
          ],
          [
            -0.68804,
            37.97716
          ],
          [
            -0.68732,
            37.97701
          ],
          [
            -0.68669,
            37.97689
          ]
        ]
      }
    },
    {
      "type": "Feature",
      "properties": {
        "route_id": "091",
        "linweb": "N1",
        "route_name": "Gregorio Maranon - Playa Los Locos - Polideportivo - La Mata",
        "direction_id": 0,
        "geometry_source": "official_api"
      },
      "geometry": {
        "type": "LineString",
        "coordinates": [
          [
            -0.68669,
            37.97689
          ],
          [
            -0.68636,
            37.97682
          ],
          [
            -0.68609,
            37.97679
          ],
          [
            -0.68587,
            37.9768
          ],
          [
            -0.68521,
            37.977
          ],
          [
            -0.68505,
            37.97704
          ],
          [
            -0.68445,
            37.97708
          ],
          [
            -0.68282,
            37.97719
          ],
          [
            -0.68046,
            37.97731
          ],
          [
            -0.67976,
            37.97735
          ],
          [
            -0.67955,
            37.97736
          ],
          [
            -0.67677,
            37.97748
          ],
          [
            -0.67677,
            37.97748
          ],
          [
            -0.67475,
            37.97759
          ],
          [
            -0.67299,
            37.97769
          ],
          [
            -0.67184,
            37.97792
          ],
          [
            -0.6716,
            37.9775
          ],
          [
            -0.67136,
            37.97705
          ],
          [
            -0.67132,
            37.977
          ],
          [
            -0.67132,
            37.977
          ],
          [
            -0.67127,
            37.97697
          ],
          [
            -0.6712,
            37.97695
          ],
          [
            -0.67116,
            37.97704
          ],
          [
            -0.67111,
            37.97713
          ],
          [
            -0.67109,
            37.97716
          ],
          [
            -0.67101,
            37.9772
          ],
          [
            -0.67038,
            37.97741
          ],
          [
            -0.66937,
            37.97776
          ],
          [
            -0.66937,
            37.97776
          ],
          [
            -0.66915,
            37.97783
          ],
          [
            -0.66884,
            37.97787
          ],
          [
            -0.6675,
            37.97793
          ],
          [
            -0.66579,
            37.97804
          ],
          [
            -0.66579,
            37.97804
          ],
          [
            -0.66504,
            37.97808
          ],
          [
            -0.66491,
            37.97811
          ],
          [
            -0.66484,
            37.97816
          ],
          [
            -0.66475,
            37.97825
          ],
          [
            -0.66447,
            37.97864
          ],
          [
            -0.66406,
            37.97931
          ],
          [
            -0.66396,
            37.97958
          ],
          [
            -0.66394,
            37.97986
          ],
          [
            -0.664,
            37.98002
          ],
          [
            -0.66432,
            37.98024
          ],
          [
            -0.66439,
            37.98031
          ],
          [
            -0.66442,
            37.98041
          ],
          [
            -0.6644,
            37.98049
          ],
          [
            -0.66435,
            37.98062
          ],
          [
            -0.66416,
            37.98065
          ],
          [
            -0.66408,
            37.98068
          ],
          [
            -0.66402,
            37.98072
          ],
          [
            -0.66396,
            37.98073
          ],
          [
            -0.66378,
            37.98076
          ],
          [
            -0.66366,
            37.98079
          ],
          [
            -0.66341,
            37.98089
          ],
          [
            -0.66319,
            37.98104
          ],
          [
            -0.66258,
            37.98154
          ],
          [
            -0.66232,
            37.9818
          ],
          [
            -0.66199,
            37.98215
          ],
          [
            -0.66178,
            37.98239
          ],
          [
            -0.66178,
            37.98239
          ],
          [
            -0.66122,
            37.98302
          ],
          [
            -0.66095,
            37.98331
          ],
          [
            -0.66083,
            37.98341
          ],
          [
            -0.6599,
            37.98382
          ],
          [
            -0.65935,
            37.98406
          ],
          [
            -0.65866,
            37.98454
          ],
          [
            -0.65866,
            37.98454
          ],
          [
            -0.65787,
            37.98512
          ],
          [
            -0.65775,
            37.98522
          ],
          [
            -0.65756,
            37.98545
          ],
          [
            -0.65749,
            37.98557
          ],
          [
            -0.65716,
            37.98641
          ],
          [
            -0.65699,
            37.98682
          ],
          [
            -0.65699,
            37.98682
          ],
          [
            -0.65668,
            37.98761
          ],
          [
            -0.65642,
            37.98833
          ],
          [
            -0.65612,
            37.98908
          ],
          [
            -0.65598,
            37.98948
          ],
          [
            -0.65597,
            37.98966
          ],
          [
            -0.656,
            37.98986
          ],
          [
            -0.65616,
            37.99049
          ],
          [
            -0.65616,
            37.99049
          ],
          [
            -0.65631,
            37.99106
          ],
          [
            -0.65632,
            37.99116
          ],
          [
            -0.65632,
            37.99128
          ],
          [
            -0.65628,
            37.99144
          ],
          [
            -0.65609,
            37.99205
          ],
          [
            -0.65598,
            37.99237
          ],
          [
            -0.65592,
            37.99262
          ],
          [
            -0.65592,
            37.99276
          ],
          [
            -0.65595,
            37.99311
          ],
          [
            -0.656,
            37.99341
          ],
          [
            -0.656,
            37.99341
          ],
          [
            -0.65618,
            37.99469
          ],
          [
            -0.65625,
            37.99534
          ],
          [
            -0.65623,
            37.99552
          ],
          [
            -0.65619,
            37.99562
          ],
          [
            -0.65606,
            37.99582
          ],
          [
            -0.65584,
            37.99599
          ],
          [
            -0.65549,
            37.99617
          ],
          [
            -0.65549,
            37.99617
          ],
          [
            -0.65463,
            37.99657
          ],
          [
            -0.65445,
            37.99669
          ],
          [
            -0.65428,
            37.99682
          ],
          [
            -0.65409,
            37.99702
          ],
          [
            -0.6531,
            37.9982
          ],
          [
            -0.6529,
            37.99844
          ],
          [
            -0.65279,
            37.99857
          ],
          [
            -0.65261,
            37.99899
          ],
          [
            -0.65261,
            37.99899
          ],
          [
            -0.65234,
            37.99953
          ],
          [
            -0.6519,
            38.00051
          ],
          [
            -0.65178,
            38.00077
          ],
          [
            -0.65175,
            38.00092
          ],
          [
            -0.65174,
            38.00103
          ],
          [
            -0.65176,
            38.00111
          ],
          [
            -0.65186,
            38.00122
          ],
          [
            -0.65197,
            38.00131
          ],
          [
            -0.65229,
            38.00162
          ],
          [
            -0.6528,
            38.00205
          ],
          [
            -0.65305,
            38.00225
          ],
          [
            -0.65305,
            38.00225
          ],
          [
            -0.65437,
            38.00323
          ],
          [
            -0.65573,
            38.00424
          ],
          [
            -0.65573,
            38.00424
          ],
          [
            -0.65602,
            38.00446
          ],
          [
            -0.65652,
            38.00483
          ],
          [
            -0.65673,
            38.005
          ],
          [
            -0.65684,
            38.00512
          ],
          [
            -0.65694,
            38.00525
          ],
          [
            -0.65699,
            38.00534
          ],
          [
            -0.65716,
            38.00565
          ],
          [
            -0.65715,
            38.00571
          ],
          [
            -0.65718,
            38.00577
          ],
          [
            -0.6574,
            38.00621
          ],
          [
            -0.65767,
            38.00678
          ],
          [
            -0.65772,
            38.00698
          ],
          [
            -0.6577,
            38.0072
          ],
          [
            -0.65753,
            38.00772
          ],
          [
            -0.65749,
            38.00788
          ],
          [
            -0.6575,
            38.00792
          ],
          [
            -0.65746,
            38.00806
          ],
          [
            -0.6572,
            38.00882
          ],
          [
            -0.65716,
            38.00896
          ],
          [
            -0.65712,
            38.00919
          ],
          [
            -0.65712,
            38.00925
          ],
          [
            -0.65714,
            38.00942
          ],
          [
            -0.6572,
            38.00957
          ],
          [
            -0.65729,
            38.00977
          ],
          [
            -0.65735,
            38.00989
          ],
          [
            -0.65745,
            38.01001
          ],
          [
            -0.6586,
            38.01108
          ],
          [
            -0.66007,
            38.01242
          ],
          [
            -0.66007,
            38.01242
          ],
          [
            -0.66116,
            38.01343
          ],
          [
            -0.6613,
            38.01356
          ],
          [
            -0.66136,
            38.01366
          ],
          [
            -0.66138,
            38.01372
          ],
          [
            -0.66137,
            38.01376
          ],
          [
            -0.66137,
            38.01384
          ],
          [
            -0.66139,
            38.01403
          ],
          [
            -0.66134,
            38.01415
          ],
          [
            -0.66111,
            38.01454
          ],
          [
            -0.66068,
            38.01545
          ],
          [
            -0.65978,
            38.01745
          ],
          [
            -0.65854,
            38.0202
          ],
          [
            -0.65791,
            38.02163
          ],
          [
            -0.65765,
            38.0222
          ],
          [
            -0.65709,
            38.02348
          ],
          [
            -0.65692,
            38.02401
          ],
          [
            -0.65677,
            38.02438
          ],
          [
            -0.65662,
            38.02464
          ],
          [
            -0.65658,
            38.02469
          ],
          [
            -0.65649,
            38.02474
          ],
          [
            -0.65643,
            38.02478
          ],
          [
            -0.65637,
            38.02483
          ],
          [
            -0.65631,
            38.02493
          ],
          [
            -0.6563,
            38.02502
          ],
          [
            -0.65633,
            38.02509
          ],
          [
            -0.65635,
            38.02512
          ],
          [
            -0.65637,
            38.02514
          ],
          [
            -0.65634,
            38.02533
          ],
          [
            -0.65624,
            38.02569
          ],
          [
            -0.65611,
            38.02602
          ],
          [
            -0.65601,
            38.02643
          ],
          [
            -0.656,
            38.02659
          ],
          [
            -0.656,
            38.02687
          ],
          [
            -0.65606,
            38.02724
          ],
          [
            -0.65612,
            38.02748
          ],
          [
            -0.65618,
            38.02765
          ],
          [
            -0.65615,
            38.02772
          ],
          [
            -0.65616,
            38.02782
          ],
          [
            -0.65617,
            38.02786
          ],
          [
            -0.65615,
            38.02791
          ],
          [
            -0.65608,
            38.02795
          ],
          [
            -0.65604,
            38.02795
          ],
          [
            -0.65587,
            38.02795
          ],
          [
            -0.6555,
            38.02792
          ],
          [
            -0.65525,
            38.02789
          ],
          [
            -0.65525,
            38.02789
          ],
          [
            -0.65403,
            38.02777
          ],
          [
            -0.6541,
            38.02725
          ],
          [
            -0.65411,
            38.02701
          ]
        ]
      }
    },
    {
      "type": "Feature",
      "properties": {
        "route_id": "091",
        "linweb": "N1",
        "route_name": "Gregorio Maranon - Playa Los Locos - Polideportivo - La Mata",
        "direction_id": 1,
        "geometry_source": "official_api"
      },
      "geometry": {
        "type": "LineString",
        "coordinates": [
          [
            -0.65411,
            38.02701
          ],
          [
            -0.6541,
            38.02649
          ],
          [
            -0.65423,
            38.02487
          ],
          [
            -0.65426,
            38.024
          ],
          [
            -0.65426,
            38.02383
          ],
          [
            -0.65427,
            38.02358
          ],
          [
            -0.65474,
            38.02358
          ],
          [
            -0.65474,
            38.02358
          ],
          [
            -0.65507,
            38.02357
          ],
          [
            -0.65506,
            38.02255
          ],
          [
            -0.65502,
            38.02051
          ],
          [
            -0.65523,
            38.02051
          ],
          [
            -0.65523,
            38.02051
          ],
          [
            -0.65724,
            38.02047
          ],
          [
            -0.65731,
            38.02047
          ],
          [
            -0.6573,
            38.02041
          ],
          [
            -0.65728,
            38.01835
          ],
          [
            -0.65728,
            38.01812
          ],
          [
            -0.65728,
            38.01812
          ],
          [
            -0.65726,
            38.01733
          ],
          [
            -0.65605,
            38.01733
          ],
          [
            -0.65581,
            38.01733
          ],
          [
            -0.65582,
            38.01721
          ],
          [
            -0.65581,
            38.01675
          ],
          [
            -0.65581,
            38.01675
          ],
          [
            -0.65581,
            38.01628
          ],
          [
            -0.65584,
            38.01615
          ],
          [
            -0.65588,
            38.0161
          ],
          [
            -0.65627,
            38.01579
          ],
          [
            -0.65756,
            38.01481
          ],
          [
            -0.65912,
            38.01366
          ],
          [
            -0.65986,
            38.01311
          ],
          [
            -0.66041,
            38.01273
          ],
          [
            -0.66008,
            38.01244
          ],
          [
            -0.66008,
            38.01244
          ],
          [
            -0.65778,
            38.01032
          ],
          [
            -0.65748,
            38.01003
          ],
          [
            -0.65737,
            38.00992
          ],
          [
            -0.65731,
            38.00981
          ],
          [
            -0.65727,
            38.00972
          ],
          [
            -0.65789,
            38.00964
          ],
          [
            -0.65947,
            38.00944
          ],
          [
            -0.65994,
            38.00939
          ],
          [
            -0.66038,
            38.00933
          ],
          [
            -0.66085,
            38.0092
          ],
          [
            -0.6612,
            38.00906
          ],
          [
            -0.66194,
            38.00853
          ],
          [
            -0.66249,
            38.00813
          ],
          [
            -0.66249,
            38.00813
          ],
          [
            -0.66284,
            38.00787
          ],
          [
            -0.66301,
            38.00764
          ],
          [
            -0.66359,
            38.00664
          ],
          [
            -0.66389,
            38.00617
          ],
          [
            -0.66402,
            38.00604
          ],
          [
            -0.66411,
            38.00599
          ],
          [
            -0.66433,
            38.00591
          ],
          [
            -0.66445,
            38.00589
          ],
          [
            -0.66465,
            38.00588
          ],
          [
            -0.66555,
            38.00592
          ],
          [
            -0.66687,
            38.00597
          ],
          [
            -0.66709,
            38.00605
          ],
          [
            -0.66713,
            38.00609
          ],
          [
            -0.66722,
            38.00612
          ],
          [
            -0.66731,
            38.00611
          ],
          [
            -0.66739,
            38.00607
          ],
          [
            -0.66743,
            38.00599
          ],
          [
            -0.66741,
            38.00592
          ],
          [
            -0.66735,
            38.00586
          ],
          [
            -0.66731,
            38.00584
          ],
          [
            -0.66724,
            38.00567
          ],
          [
            -0.66723,
            38.00555
          ],
          [
            -0.66727,
            38.00541
          ],
          [
            -0.66728,
            38.00538
          ],
          [
            -0.66747,
            38.00497
          ],
          [
            -0.66759,
            38.00474
          ],
          [
            -0.6683,
            38.00352
          ],
          [
            -0.66889,
            38.00251
          ],
          [
            -0.66911,
            38.00214
          ],
          [
            -0.66924,
            38.00202
          ],
          [
            -0.66939,
            38.00178
          ],
          [
            -0.66972,
            38.00137
          ],
          [
            -0.66975,
            38.00136
          ],
          [
            -0.66977,
            38.00135
          ],
          [
            -0.66982,
            38.00132
          ],
          [
            -0.66987,
            38.001313
          ],
          [
            -0.669931,
            38.001319
          ],
          [
            -0.670081,
            38.001367
          ],
          [
            -0.673624,
            38.002629
          ],
          [
            -0.673631,
            38.002632
          ],
          [
            -0.675837,
            38.000909
          ],
          [
            -0.677546,
            37.999523
          ],
          [
            -0.677794,
            37.999371
          ],
          [
            -0.677864,
            37.999393
          ],
          [
            -0.677958,
            37.999374
          ],
          [
            -0.678001,
            37.999319
          ],
          [
            -0.677991,
            37.999243
          ],
          [
            -0.677904,
            37.999176
          ],
          [
            -0.677799,
            37.999145
          ],
          [
            -0.677327,
            37.999016
          ],
          [
            -0.677152,
            37.998953
          ],
          [
            -0.676774,
            37.998705
          ],
          [
            -0.676307,
            37.998338
          ],
          [
            -0.676304,
            37.998251
          ],
          [
            -0.676327,
            37.998162
          ],
          [
            -0.676307,
            37.998093
          ],
          [
            -0.676304,
            37.99746
          ],
          [
            -0.676294,
            37.996887
          ],
          [
            -0.67629,
            37.996724
          ],
          [
            -0.676296,
            37.996695
          ],
          [
            -0.676308,
            37.996666
          ],
          [
            -0.676334,
            37.996643
          ],
          [
            -0.67636,
            37.99659
          ],
          [
            -0.6772,
            37.99658
          ],
          [
            -0.67846,
            37.99656
          ],
          [
            -0.67923,
            37.99657
          ],
          [
            -0.67927,
            37.99659
          ],
          [
            -0.67929,
            37.99661
          ],
          [
            -0.67934,
            37.99664
          ],
          [
            -0.67941,
            37.99665
          ],
          [
            -0.67948,
            37.99664
          ],
          [
            -0.67953,
            37.99661
          ],
          [
            -0.67956,
            37.99656
          ],
          [
            -0.67957,
            37.9965
          ],
          [
            -0.67954,
            37.99645
          ],
          [
            -0.6795,
            37.99642
          ],
          [
            -0.67943,
            37.99621
          ],
          [
            -0.6794,
            37.99617
          ],
          [
            -0.6794,
            37.99606
          ],
          [
            -0.67937,
            37.99572
          ],
          [
            -0.67933,
            37.99501
          ],
          [
            -0.67933,
            37.99441
          ],
          [
            -0.67934,
            37.99435
          ],
          [
            -0.67934,
            37.99435
          ],
          [
            -0.67947,
            37.99395
          ],
          [
            -0.6795,
            37.99382
          ],
          [
            -0.67968,
            37.9934
          ],
          [
            -0.68,
            37.99268
          ],
          [
            -0.68024,
            37.99213
          ],
          [
            -0.68039,
            37.99182
          ],
          [
            -0.68057,
            37.99155
          ],
          [
            -0.68081,
            37.99117
          ],
          [
            -0.68095,
            37.99098
          ],
          [
            -0.68102,
            37.99098
          ],
          [
            -0.68108,
            37.99096
          ],
          [
            -0.68113,
            37.99093
          ],
          [
            -0.68115,
            37.99088
          ],
          [
            -0.68115,
            37.99083
          ],
          [
            -0.68111,
            37.99078
          ],
          [
            -0.68109,
            37.99077
          ],
          [
            -0.68117,
            37.99062
          ],
          [
            -0.6816,
            37.98992
          ],
          [
            -0.68222,
            37.98896
          ],
          [
            -0.68272,
            37.98815
          ],
          [
            -0.68286,
            37.98785
          ],
          [
            -0.68297,
            37.98746
          ],
          [
            -0.68298,
            37.98728
          ],
          [
            -0.68298,
            37.98698
          ],
          [
            -0.68292,
            37.98623
          ],
          [
            -0.68286,
            37.98551
          ],
          [
            -0.6828,
            37.98484
          ],
          [
            -0.68277,
            37.98441
          ],
          [
            -0.68318,
            37.98434
          ],
          [
            -0.68318,
            37.98434
          ],
          [
            -0.68605,
            37.98379
          ],
          [
            -0.68614,
            37.98385
          ],
          [
            -0.68627,
            37.98386
          ],
          [
            -0.68637,
            37.98381
          ],
          [
            -0.68643,
            37.98373
          ],
          [
            -0.68642,
            37.98363
          ],
          [
            -0.68634,
            37.98356
          ],
          [
            -0.68629,
            37.98354
          ],
          [
            -0.68626,
            37.98354
          ],
          [
            -0.68624,
            37.98353
          ],
          [
            -0.68636,
            37.98287
          ],
          [
            -0.68639,
            37.98267
          ],
          [
            -0.68641,
            37.98255
          ],
          [
            -0.68641,
            37.98255
          ],
          [
            -0.68671,
            37.98096
          ],
          [
            -0.68677,
            37.98073
          ],
          [
            -0.68686,
            37.98065
          ],
          [
            -0.68719,
            37.98058
          ],
          [
            -0.68713,
            37.98039
          ],
          [
            -0.68703,
            37.98005
          ],
          [
            -0.68754,
            37.97995
          ],
          [
            -0.68754,
            37.97995
          ],
          [
            -0.68957,
            37.97954
          ],
          [
            -0.68936,
            37.9786
          ],
          [
            -0.68932,
            37.97846
          ],
          [
            -0.68932,
            37.97846
          ],
          [
            -0.68925,
            37.97823
          ],
          [
            -0.6891,
            37.9775
          ],
          [
            -0.68909,
            37.97739
          ],
          [
            -0.68804,
            37.97716
          ],
          [
            -0.68732,
            37.97701
          ],
          [
            -0.68669,
            37.97689
          ]
        ]
      }
    },
    {
      "type": "Feature",
      "properties": {
        "route_id": "092",
        "linweb": "N2",
        "route_name": "Gregorio Maranon - Centros Comerciales - La Torreta - San Luis",
        "direction_id": 0,
        "geometry_source": "official_api"
      },
      "geometry": {
        "type": "LineString",
        "coordinates": [
          [
            -0.68669,
            37.97689
          ],
          [
            -0.68636,
            37.97682
          ],
          [
            -0.68609,
            37.97679
          ],
          [
            -0.68587,
            37.9768
          ],
          [
            -0.68521,
            37.977
          ],
          [
            -0.68505,
            37.97704
          ],
          [
            -0.68445,
            37.97708
          ],
          [
            -0.68282,
            37.97719
          ],
          [
            -0.68046,
            37.97731
          ],
          [
            -0.67976,
            37.97735
          ],
          [
            -0.67976,
            37.97735
          ],
          [
            -0.67907,
            37.97738
          ],
          [
            -0.67829,
            37.97741
          ],
          [
            -0.67836,
            37.97773
          ],
          [
            -0.67846,
            37.97821
          ],
          [
            -0.67862,
            37.9789
          ],
          [
            -0.67879,
            37.97976
          ],
          [
            -0.6789,
            37.98032
          ],
          [
            -0.67907,
            37.98107
          ],
          [
            -0.67908,
            37.98111
          ],
          [
            -0.67908,
            37.98111
          ],
          [
            -0.67943,
            37.98267
          ],
          [
            -0.67947,
            37.98293
          ],
          [
            -0.67947,
            37.98319
          ],
          [
            -0.67945,
            37.98363
          ],
          [
            -0.67942,
            37.98385
          ],
          [
            -0.67935,
            37.98412
          ],
          [
            -0.67927,
            37.98434
          ],
          [
            -0.67918,
            37.98455
          ],
          [
            -0.67909,
            37.98472
          ],
          [
            -0.67884,
            37.98513
          ],
          [
            -0.67881,
            37.98523
          ],
          [
            -0.67877,
            37.98539
          ],
          [
            -0.67814,
            37.98645
          ],
          [
            -0.67798,
            37.98673
          ],
          [
            -0.67786,
            37.98679
          ],
          [
            -0.67762,
            37.9871
          ],
          [
            -0.67745,
            37.98736
          ],
          [
            -0.676358,
            37.989284
          ],
          [
            -0.676137,
            37.989643
          ],
          [
            -0.676146,
            37.989692
          ],
          [
            -0.676173,
            37.989739
          ],
          [
            -0.676166,
            37.989802
          ],
          [
            -0.675928,
            37.990231
          ],
          [
            -0.67582,
            37.990403
          ],
          [
            -0.675664,
            37.990678
          ],
          [
            -0.675611,
            37.990773
          ],
          [
            -0.675612,
            37.990768
          ],
          [
            -0.675561,
            37.990864
          ],
          [
            -0.675532,
            37.990917
          ],
          [
            -0.6755,
            37.99099
          ],
          [
            -0.67544,
            37.9911
          ],
          [
            -0.67535,
            37.99119
          ],
          [
            -0.67533,
            37.99119
          ],
          [
            -0.67531,
            37.9912
          ],
          [
            -0.67527,
            37.99121
          ],
          [
            -0.67521,
            37.99126
          ],
          [
            -0.67519,
            37.99133
          ],
          [
            -0.6752,
            37.99139
          ],
          [
            -0.67524,
            37.99144
          ],
          [
            -0.67531,
            37.99147
          ],
          [
            -0.67538,
            37.99148
          ],
          [
            -0.67546,
            37.99145
          ],
          [
            -0.67549,
            37.99143
          ],
          [
            -0.67564,
            37.99143
          ],
          [
            -0.67585,
            37.99143
          ],
          [
            -0.67613,
            37.99149
          ],
          [
            -0.67702,
            37.99163
          ],
          [
            -0.67775,
            37.99168
          ],
          [
            -0.67833,
            37.99164
          ],
          [
            -0.67867,
            37.99161
          ],
          [
            -0.67909,
            37.99153
          ],
          [
            -0.6797,
            37.99131
          ],
          [
            -0.68087,
            37.99092
          ],
          [
            -0.6809,
            37.99096
          ],
          [
            -0.68094,
            37.99098
          ],
          [
            -0.68107,
            37.99097
          ],
          [
            -0.68112,
            37.99094
          ],
          [
            -0.68115,
            37.99089
          ],
          [
            -0.68115,
            37.99084
          ],
          [
            -0.68119,
            37.99082
          ],
          [
            -0.68144,
            37.99076
          ],
          [
            -0.68297,
            37.99038
          ],
          [
            -0.68351,
            37.99023
          ],
          [
            -0.68407,
            37.9901
          ],
          [
            -0.68418,
            37.99006
          ],
          [
            -0.68455,
            37.98995
          ],
          [
            -0.68472,
            37.98994
          ],
          [
            -0.68472,
            37.98995
          ],
          [
            -0.68473,
            37.98996
          ],
          [
            -0.68474,
            37.98998
          ],
          [
            -0.68476,
            37.98999
          ],
          [
            -0.68482,
            37.99001
          ],
          [
            -0.68488,
            37.99
          ],
          [
            -0.68495,
            37.98995
          ],
          [
            -0.68496,
            37.98993
          ],
          [
            -0.68496,
            37.98992
          ],
          [
            -0.68566,
            37.98975
          ],
          [
            -0.68566,
            37.98975
          ],
          [
            -0.68746,
            37.98935
          ],
          [
            -0.68777,
            37.9893
          ],
          [
            -0.68778,
            37.98932
          ],
          [
            -0.68782,
            37.98935
          ],
          [
            -0.68786,
            37.98937
          ],
          [
            -0.6879,
            37.98942
          ],
          [
            -0.68797,
            37.98952
          ],
          [
            -0.68807,
            37.98976
          ],
          [
            -0.68851,
            37.99113
          ],
          [
            -0.6887,
            37.99168
          ],
          [
            -0.68875,
            37.99183
          ],
          [
            -0.68874,
            37.99193
          ],
          [
            -0.68865,
            37.99197
          ],
          [
            -0.68853,
            37.99207
          ],
          [
            -0.68848,
            37.99221
          ],
          [
            -0.68852,
            37.99233
          ],
          [
            -0.68861,
            37.99243
          ],
          [
            -0.68878,
            37.99249
          ],
          [
            -0.68887,
            37.99249
          ],
          [
            -0.68891,
            37.99249
          ],
          [
            -0.68901,
            37.99261
          ],
          [
            -0.6891,
            37.99278
          ],
          [
            -0.68969,
            37.99461
          ],
          [
            -0.69,
            37.99559
          ],
          [
            -0.69019,
            37.99636
          ],
          [
            -0.69067,
            37.99778
          ],
          [
            -0.69082,
            37.99849
          ],
          [
            -0.69073,
            37.99858
          ],
          [
            -0.6907,
            37.9987
          ],
          [
            -0.690718,
            37.998792
          ],
          [
            -0.690797,
            37.998898
          ],
          [
            -0.690884,
            37.998944
          ],
          [
            -0.690969,
            37.999032
          ],
          [
            -0.691126,
            37.999304
          ],
          [
            -0.691424,
            38.000066
          ],
          [
            -0.693103,
            38.005024
          ],
          [
            -0.693129,
            38.005092
          ],
          [
            -0.693181,
            38.005221
          ],
          [
            -0.693222,
            38.005367
          ],
          [
            -0.693243,
            38.005407
          ],
          [
            -0.693262,
            38.005455
          ],
          [
            -0.693318,
            38.00567
          ],
          [
            -0.693399,
            38.005842
          ],
          [
            -0.6942,
            38.00832
          ],
          [
            -0.69448,
            38.00909
          ],
          [
            -0.69463,
            38.00942
          ],
          [
            -0.69477,
            38.0097
          ],
          [
            -0.69496,
            38.00998
          ],
          [
            -0.69508,
            38.01027
          ],
          [
            -0.69507,
            38.01029
          ],
          [
            -0.69505,
            38.01035
          ],
          [
            -0.69505,
            38.01041
          ],
          [
            -0.69496,
            38.01051
          ],
          [
            -0.69477,
            38.01061
          ],
          [
            -0.6947,
            38.01064
          ],
          [
            -0.6947,
            38.01064
          ],
          [
            -0.69439,
            38.01075
          ],
          [
            -0.69486,
            38.01138
          ],
          [
            -0.69278,
            38.01273
          ],
          [
            -0.68856,
            38.01552
          ],
          [
            -0.68806,
            38.01587
          ],
          [
            -0.68766,
            38.0162
          ],
          [
            -0.68744,
            38.01642
          ],
          [
            -0.68735,
            38.01653
          ],
          [
            -0.68735,
            38.01653
          ],
          [
            -0.68716,
            38.01676
          ],
          [
            -0.68683,
            38.01737
          ],
          [
            -0.68736,
            38.01765
          ],
          [
            -0.68866,
            38.01834
          ],
          [
            -0.68997,
            38.01903
          ],
          [
            -0.69053,
            38.01933
          ],
          [
            -0.69122,
            38.01981
          ],
          [
            -0.6918,
            38.02023
          ],
          [
            -0.6918,
            38.02023
          ],
          [
            -0.69255,
            38.02077
          ],
          [
            -0.69291,
            38.02104
          ],
          [
            -0.69331,
            38.02079
          ],
          [
            -0.69368,
            38.02097
          ],
          [
            -0.69459,
            38.0214
          ],
          [
            -0.69525,
            38.02172
          ],
          [
            -0.69532,
            38.02175
          ],
          [
            -0.69545,
            38.02191
          ],
          [
            -0.69562,
            38.02215
          ],
          [
            -0.69572,
            38.02234
          ],
          [
            -0.69572,
            38.02234
          ],
          [
            -0.6962,
            38.02325
          ],
          [
            -0.69647,
            38.02375
          ],
          [
            -0.69655,
            38.02386
          ],
          [
            -0.69663,
            38.02385
          ],
          [
            -0.697,
            38.02374
          ],
          [
            -0.69867,
            38.02316
          ],
          [
            -0.69987,
            38.02274
          ],
          [
            -0.70071,
            38.02245
          ],
          [
            -0.70166,
            38.02211
          ],
          [
            -0.70226,
            38.02193
          ],
          [
            -0.70234,
            38.02192
          ],
          [
            -0.70243,
            38.02191
          ],
          [
            -0.70244,
            38.02193
          ],
          [
            -0.70246,
            38.02196
          ],
          [
            -0.70249,
            38.02198
          ],
          [
            -0.70257,
            38.02199
          ],
          [
            -0.70265,
            38.02196
          ],
          [
            -0.70268,
            38.0219
          ],
          [
            -0.70265,
            38.02184
          ],
          [
            -0.70258,
            38.0218
          ],
          [
            -0.70276,
            38.02151
          ]
        ]
      }
    },
    {
      "type": "Feature",
      "properties": {
        "route_id": "092",
        "linweb": "N2",
        "route_name": "Gregorio Maranon - Centros Comerciales - La Torreta - San Luis",
        "direction_id": 1,
        "geometry_source": "official_api"
      },
      "geometry": {
        "type": "LineString",
        "coordinates": [
          [
            -0.70276,
            38.02151
          ],
          [
            -0.70299,
            38.02123
          ],
          [
            -0.70339,
            38.02084
          ],
          [
            -0.70373,
            38.0206
          ],
          [
            -0.70392,
            38.02052
          ],
          [
            -0.704,
            38.02054
          ],
          [
            -0.70416,
            38.02052
          ],
          [
            -0.70428,
            38.02047
          ],
          [
            -0.70433,
            38.02041
          ],
          [
            -0.70435,
            38.02038
          ],
          [
            -0.70437,
            38.02032
          ],
          [
            -0.70437,
            38.02023
          ],
          [
            -0.70433,
            38.02012
          ],
          [
            -0.70426,
            38.02006
          ],
          [
            -0.70412,
            38.02001
          ],
          [
            -0.70386,
            38.02004
          ],
          [
            -0.70254,
            38.01918
          ],
          [
            -0.70135,
            38.01838
          ],
          [
            -0.70053,
            38.01778
          ],
          [
            -0.70018,
            38.01742
          ],
          [
            -0.69988,
            38.01703
          ],
          [
            -0.69959,
            38.01662
          ],
          [
            -0.6974,
            38.01338
          ],
          [
            -0.69719,
            38.01306
          ],
          [
            -0.69646,
            38.01202
          ],
          [
            -0.69582,
            38.01106
          ],
          [
            -0.6957,
            38.01084
          ],
          [
            -0.69564,
            38.01066
          ],
          [
            -0.69563,
            38.01059
          ],
          [
            -0.69567,
            38.01055
          ],
          [
            -0.6957,
            38.01049
          ],
          [
            -0.69572,
            38.01037
          ],
          [
            -0.69571,
            38.01032
          ],
          [
            -0.69579,
            38.01019
          ],
          [
            -0.69589,
            38.01013
          ],
          [
            -0.69605,
            38.01007
          ],
          [
            -0.69608,
            38.01008
          ],
          [
            -0.69614,
            38.01008
          ],
          [
            -0.69624,
            38.01003
          ],
          [
            -0.69626,
            38.00998
          ],
          [
            -0.69626,
            38.00994
          ],
          [
            -0.69618,
            38.00987
          ],
          [
            -0.69607,
            38.00986
          ],
          [
            -0.69602,
            38.00988
          ],
          [
            -0.69588,
            38.00986
          ],
          [
            -0.69567,
            38.00982
          ],
          [
            -0.69543,
            38.00976
          ],
          [
            -0.69523,
            38.00964
          ],
          [
            -0.69506,
            38.00947
          ],
          [
            -0.69477,
            38.00871
          ],
          [
            -0.69475,
            38.00862
          ],
          [
            -0.69475,
            38.00862
          ],
          [
            -0.69412,
            38.00677
          ],
          [
            -0.69542,
            38.00621
          ],
          [
            -0.69661,
            38.0057
          ],
          [
            -0.69672,
            38.00567
          ],
          [
            -0.69658,
            38.00528
          ],
          [
            -0.69658,
            38.00528
          ],
          [
            -0.69641,
            38.00475
          ],
          [
            -0.6963779,
            38.0043093
          ],
          [
            -0.6962265,
            38.0037875
          ],
          [
            -0.6961609,
            38.0030798
          ],
          [
            -0.6962736,
            38.0010924
          ],
          [
            -0.6984785,
            38.001337
          ],
          [
            -0.70001,
            38.00151
          ],
          [
            -0.70079,
            38.0016
          ],
          [
            -0.7013,
            38.0017
          ],
          [
            -0.70161,
            38.00172
          ],
          [
            -0.70172,
            38.0017
          ],
          [
            -0.70235,
            38.00123
          ],
          [
            -0.7028,
            38.00088
          ],
          [
            -0.70282,
            38.00087
          ],
          [
            -0.70379,
            38.00013
          ],
          [
            -0.70346,
            37.99971
          ],
          [
            -0.70319,
            37.99946
          ],
          [
            -0.70269,
            37.99909
          ],
          [
            -0.70246,
            37.99897
          ],
          [
            -0.7021,
            37.99885
          ],
          [
            -0.702,
            37.99882
          ],
          [
            -0.70095,
            37.99866
          ],
          [
            -0.70095,
            37.99866
          ],
          [
            -0.70026,
            37.99856
          ],
          [
            -0.69985,
            37.99849
          ],
          [
            -0.69969,
            37.99841
          ],
          [
            -0.69897,
            37.9977
          ],
          [
            -0.69899,
            37.99767
          ],
          [
            -0.69903,
            37.99762
          ],
          [
            -0.69904,
            37.99755
          ],
          [
            -0.69903,
            37.99748
          ],
          [
            -0.69898,
            37.99743
          ],
          [
            -0.69892,
            37.99739
          ],
          [
            -0.69875,
            37.99736
          ],
          [
            -0.69867,
            37.99739
          ],
          [
            -0.69864,
            37.9974
          ],
          [
            -0.69787,
            37.99668
          ],
          [
            -0.69787,
            37.99668
          ],
          [
            -0.69764,
            37.99647
          ],
          [
            -0.69766,
            37.99645
          ],
          [
            -0.69771,
            37.9964
          ],
          [
            -0.69773,
            37.99633
          ],
          [
            -0.69772,
            37.99627
          ],
          [
            -0.69769,
            37.99621
          ],
          [
            -0.69763,
            37.99616
          ],
          [
            -0.69747,
            37.99613
          ],
          [
            -0.69733,
            37.99617
          ],
          [
            -0.69728,
            37.99622
          ],
          [
            -0.69725,
            37.99628
          ],
          [
            -0.69725,
            37.99634
          ],
          [
            -0.69727,
            37.9964
          ],
          [
            -0.69732,
            37.99645
          ],
          [
            -0.69608,
            37.99744
          ],
          [
            -0.69603,
            37.99747
          ],
          [
            -0.69549,
            37.99758
          ],
          [
            -0.69219,
            37.99817
          ],
          [
            -0.69191,
            37.99822
          ],
          [
            -0.69182,
            37.99828
          ],
          [
            -0.69168,
            37.99835
          ],
          [
            -0.69138,
            37.99843
          ],
          [
            -0.69124,
            37.99848
          ],
          [
            -0.69118,
            37.99845
          ],
          [
            -0.69111,
            37.99843
          ],
          [
            -0.69108,
            37.99843
          ],
          [
            -0.69107,
            37.99838
          ],
          [
            -0.69091,
            37.99807
          ],
          [
            -0.6908,
            37.99776
          ],
          [
            -0.69052,
            37.99697
          ],
          [
            -0.69031,
            37.99633
          ],
          [
            -0.69011,
            37.99556
          ],
          [
            -0.68981,
            37.99459
          ],
          [
            -0.6893,
            37.99305
          ],
          [
            -0.68914,
            37.99258
          ],
          [
            -0.6891,
            37.99242
          ],
          [
            -0.68912,
            37.99239
          ],
          [
            -0.68917,
            37.99235
          ],
          [
            -0.68921,
            37.99224
          ],
          [
            -0.68921,
            37.99218
          ],
          [
            -0.6892,
            37.99213
          ],
          [
            -0.68911,
            37.99201
          ],
          [
            -0.68903,
            37.99196
          ],
          [
            -0.689,
            37.99195
          ],
          [
            -0.68896,
            37.99185
          ],
          [
            -0.68884,
            37.9915
          ],
          [
            -0.68884,
            37.9915
          ],
          [
            -0.68839,
            37.99023
          ],
          [
            -0.68817,
            37.98954
          ],
          [
            -0.68816,
            37.98944
          ],
          [
            -0.68818,
            37.98938
          ],
          [
            -0.68816,
            37.98932
          ],
          [
            -0.68812,
            37.9893
          ],
          [
            -0.68813,
            37.98928
          ],
          [
            -0.68814,
            37.98924
          ],
          [
            -0.68814,
            37.9892
          ],
          [
            -0.68811,
            37.98915
          ],
          [
            -0.68808,
            37.98911
          ],
          [
            -0.68799,
            37.98907
          ],
          [
            -0.68792,
            37.98898
          ],
          [
            -0.68784,
            37.98883
          ],
          [
            -0.68765,
            37.98826
          ],
          [
            -0.68762,
            37.98814
          ],
          [
            -0.68763,
            37.98802
          ],
          [
            -0.68771,
            37.98796
          ],
          [
            -0.68777,
            37.98785
          ],
          [
            -0.68777,
            37.98776
          ],
          [
            -0.68775,
            37.9877
          ],
          [
            -0.68767,
            37.98762
          ],
          [
            -0.68758,
            37.98757
          ],
          [
            -0.68751,
            37.98756
          ],
          [
            -0.68746,
            37.98755
          ],
          [
            -0.68743,
            37.98751
          ],
          [
            -0.68737,
            37.98745
          ],
          [
            -0.68732,
            37.98738
          ],
          [
            -0.68727,
            37.98725
          ],
          [
            -0.68716,
            37.98699
          ],
          [
            -0.68693,
            37.98631
          ],
          [
            -0.6867,
            37.98563
          ],
          [
            -0.68654,
            37.98513
          ],
          [
            -0.68653,
            37.98502
          ],
          [
            -0.68652,
            37.98483
          ],
          [
            -0.68653,
            37.98476
          ],
          [
            -0.68656,
            37.98469
          ],
          [
            -0.68661,
            37.98464
          ],
          [
            -0.68668,
            37.98458
          ],
          [
            -0.68669,
            37.98449
          ],
          [
            -0.68665,
            37.98442
          ],
          [
            -0.68661,
            37.98439
          ],
          [
            -0.68651,
            37.98437
          ],
          [
            -0.68647,
            37.98433
          ],
          [
            -0.68637,
            37.984
          ],
          [
            -0.68635,
            37.98383
          ],
          [
            -0.68637,
            37.98381
          ],
          [
            -0.68639,
            37.98379
          ],
          [
            -0.68642,
            37.98375
          ],
          [
            -0.68643,
            37.9837
          ],
          [
            -0.68641,
            37.98361
          ],
          [
            -0.68632,
            37.98355
          ],
          [
            -0.68626,
            37.98354
          ],
          [
            -0.68624,
            37.98353
          ],
          [
            -0.68636,
            37.98287
          ],
          [
            -0.68639,
            37.98267
          ],
          [
            -0.68641,
            37.98255
          ],
          [
            -0.68641,
            37.98255
          ],
          [
            -0.68671,
            37.98096
          ],
          [
            -0.68677,
            37.98073
          ],
          [
            -0.68686,
            37.98065
          ],
          [
            -0.68719,
            37.98058
          ],
          [
            -0.68713,
            37.98039
          ],
          [
            -0.68703,
            37.98005
          ],
          [
            -0.68754,
            37.97995
          ],
          [
            -0.68754,
            37.97995
          ],
          [
            -0.68957,
            37.97954
          ],
          [
            -0.68936,
            37.9786
          ],
          [
            -0.68932,
            37.97846
          ],
          [
            -0.68932,
            37.97846
          ],
          [
            -0.68925,
            37.97823
          ],
          [
            -0.6891,
            37.9775
          ],
          [
            -0.68909,
            37.97739
          ],
          [
            -0.68804,
            37.97716
          ],
          [
            -0.68732,
            37.97701
          ],
          [
            -0.68669,
            37.97689
          ]
        ]
      }
    },
    {
      "type": "Feature",
      "properties": {
        "route_id": "093",
        "linweb": "N3",
        "route_name": "Gregorio Maranon - Desiderio Rodriguez - Los Balcones - Los Altos",
        "direction_id": 0,
        "geometry_source": "official_api"
      },
      "geometry": {
        "type": "LineString",
        "coordinates": [
          [
            -0.68669,
            37.97689
          ],
          [
            -0.68636,
            37.97682
          ],
          [
            -0.68609,
            37.97679
          ],
          [
            -0.68587,
            37.9768
          ],
          [
            -0.68521,
            37.977
          ],
          [
            -0.68505,
            37.97704
          ],
          [
            -0.68445,
            37.97708
          ],
          [
            -0.68282,
            37.97719
          ],
          [
            -0.68046,
            37.97731
          ],
          [
            -0.67976,
            37.97735
          ],
          [
            -0.67976,
            37.97735
          ],
          [
            -0.67907,
            37.97738
          ],
          [
            -0.67829,
            37.97741
          ],
          [
            -0.67836,
            37.97773
          ],
          [
            -0.67846,
            37.97821
          ],
          [
            -0.67862,
            37.9789
          ],
          [
            -0.67879,
            37.97976
          ],
          [
            -0.6789,
            37.98032
          ],
          [
            -0.67907,
            37.98107
          ],
          [
            -0.67908,
            37.98111
          ],
          [
            -0.67908,
            37.98111
          ],
          [
            -0.67943,
            37.98267
          ],
          [
            -0.67947,
            37.98293
          ],
          [
            -0.67947,
            37.98319
          ],
          [
            -0.67945,
            37.98363
          ],
          [
            -0.67942,
            37.98385
          ],
          [
            -0.67935,
            37.98412
          ],
          [
            -0.67927,
            37.98434
          ],
          [
            -0.67918,
            37.98455
          ],
          [
            -0.67909,
            37.98472
          ],
          [
            -0.67884,
            37.98513
          ],
          [
            -0.67881,
            37.98523
          ],
          [
            -0.67877,
            37.98539
          ],
          [
            -0.67814,
            37.98645
          ],
          [
            -0.67798,
            37.98673
          ],
          [
            -0.67786,
            37.98679
          ],
          [
            -0.67762,
            37.9871
          ],
          [
            -0.67745,
            37.98736
          ],
          [
            -0.676307,
            37.989344
          ],
          [
            -0.676139,
            37.989633
          ],
          [
            -0.676103,
            37.989678
          ],
          [
            -0.676099,
            37.989706
          ],
          [
            -0.676135,
            37.989744
          ],
          [
            -0.676156,
            37.989795
          ],
          [
            -0.675919,
            37.990214
          ],
          [
            -0.675825,
            37.990389
          ],
          [
            -0.675642,
            37.990721
          ],
          [
            -0.675651,
            37.990704
          ],
          [
            -0.675582,
            37.990824
          ],
          [
            -0.675544,
            37.990907
          ],
          [
            -0.6755,
            37.99099
          ],
          [
            -0.67544,
            37.9911
          ],
          [
            -0.67535,
            37.99119
          ],
          [
            -0.67533,
            37.99119
          ],
          [
            -0.67531,
            37.9912
          ],
          [
            -0.67527,
            37.99121
          ],
          [
            -0.67521,
            37.99126
          ],
          [
            -0.67519,
            37.99133
          ],
          [
            -0.6752,
            37.99139
          ],
          [
            -0.67524,
            37.99144
          ],
          [
            -0.67531,
            37.99147
          ],
          [
            -0.67538,
            37.99148
          ],
          [
            -0.67546,
            37.99145
          ],
          [
            -0.67549,
            37.99143
          ],
          [
            -0.67564,
            37.99143
          ],
          [
            -0.67585,
            37.99143
          ],
          [
            -0.67613,
            37.99149
          ],
          [
            -0.67702,
            37.99163
          ],
          [
            -0.67775,
            37.99168
          ],
          [
            -0.67833,
            37.99164
          ],
          [
            -0.67867,
            37.99161
          ],
          [
            -0.67909,
            37.99153
          ],
          [
            -0.6797,
            37.99131
          ],
          [
            -0.68087,
            37.99092
          ],
          [
            -0.6809,
            37.99096
          ],
          [
            -0.68094,
            37.99098
          ],
          [
            -0.68107,
            37.99097
          ],
          [
            -0.68112,
            37.99094
          ],
          [
            -0.68115,
            37.99089
          ],
          [
            -0.68115,
            37.99084
          ],
          [
            -0.68119,
            37.99082
          ],
          [
            -0.68144,
            37.99076
          ],
          [
            -0.68297,
            37.99038
          ],
          [
            -0.68351,
            37.99023
          ],
          [
            -0.68407,
            37.9901
          ],
          [
            -0.68418,
            37.99006
          ],
          [
            -0.68455,
            37.98995
          ],
          [
            -0.68472,
            37.98994
          ],
          [
            -0.68472,
            37.98995
          ],
          [
            -0.68473,
            37.98996
          ],
          [
            -0.68474,
            37.98998
          ],
          [
            -0.68476,
            37.98999
          ],
          [
            -0.68482,
            37.99001
          ],
          [
            -0.68488,
            37.99
          ],
          [
            -0.68495,
            37.98995
          ],
          [
            -0.68496,
            37.98993
          ],
          [
            -0.68496,
            37.98992
          ],
          [
            -0.68566,
            37.98975
          ],
          [
            -0.68566,
            37.98975
          ],
          [
            -0.68746,
            37.98935
          ],
          [
            -0.68777,
            37.9893
          ],
          [
            -0.68778,
            37.98932
          ],
          [
            -0.68782,
            37.98935
          ],
          [
            -0.68786,
            37.98937
          ],
          [
            -0.68796,
            37.98938
          ],
          [
            -0.68808,
            37.98934
          ],
          [
            -0.68811,
            37.98931
          ],
          [
            -0.68814,
            37.98924
          ],
          [
            -0.68813,
            37.98916
          ],
          [
            -0.6881,
            37.98913
          ],
          [
            -0.68801,
            37.98908
          ],
          [
            -0.68799,
            37.98907
          ],
          [
            -0.68792,
            37.98898
          ],
          [
            -0.68782,
            37.98879
          ],
          [
            -0.68762,
            37.98814
          ],
          [
            -0.68763,
            37.98802
          ],
          [
            -0.68767,
            37.988
          ],
          [
            -0.68774,
            37.98792
          ],
          [
            -0.68777,
            37.98787
          ],
          [
            -0.68778,
            37.98779
          ],
          [
            -0.68772,
            37.98766
          ],
          [
            -0.68761,
            37.98759
          ],
          [
            -0.68751,
            37.98756
          ],
          [
            -0.68746,
            37.98755
          ],
          [
            -0.68743,
            37.98751
          ],
          [
            -0.68737,
            37.98745
          ],
          [
            -0.68727,
            37.98725
          ],
          [
            -0.68716,
            37.98699
          ],
          [
            -0.68703,
            37.98661
          ],
          [
            -0.68676,
            37.98582
          ],
          [
            -0.68654,
            37.98513
          ],
          [
            -0.68652,
            37.98496
          ],
          [
            -0.68653,
            37.98476
          ],
          [
            -0.68659,
            37.98465
          ],
          [
            -0.68667,
            37.9846
          ],
          [
            -0.68669,
            37.98451
          ],
          [
            -0.68666,
            37.98444
          ],
          [
            -0.68662,
            37.9844
          ],
          [
            -0.68654,
            37.98437
          ],
          [
            -0.68651,
            37.98437
          ],
          [
            -0.68647,
            37.98433
          ],
          [
            -0.68637,
            37.984
          ],
          [
            -0.68635,
            37.98383
          ],
          [
            -0.68637,
            37.98381
          ],
          [
            -0.68641,
            37.98377
          ],
          [
            -0.686415,
            37.98367
          ],
          [
            -0.686355,
            37.983582
          ],
          [
            -0.686256,
            37.983506
          ],
          [
            -0.686264,
            37.98337
          ],
          [
            -0.6866,
            37.981521
          ],
          [
            -0.686675,
            37.981083
          ],
          [
            -0.68678,
            37.980688
          ],
          [
            -0.68693,
            37.980646
          ],
          [
            -0.687173,
            37.980585
          ],
          [
            -0.687037,
            37.980136
          ],
          [
            -0.687121,
            37.980042
          ],
          [
            -0.687625,
            37.979932
          ],
          [
            -0.688568,
            37.979754
          ],
          [
            -0.689551,
            37.979541
          ],
          [
            -0.690205,
            37.979406
          ],
          [
            -0.69092,
            37.97926
          ],
          [
            -0.69092,
            37.97926
          ],
          [
            -0.69126,
            37.97918
          ],
          [
            -0.69135,
            37.97913
          ],
          [
            -0.69172,
            37.97885
          ],
          [
            -0.692,
            37.97862
          ],
          [
            -0.69222,
            37.97843
          ],
          [
            -0.69231,
            37.97828
          ],
          [
            -0.69249,
            37.97794
          ],
          [
            -0.69296,
            37.97746
          ],
          [
            -0.69296,
            37.97746
          ],
          [
            -0.69379,
            37.97665
          ],
          [
            -0.69419,
            37.97623
          ],
          [
            -0.69556,
            37.97478
          ],
          [
            -0.69585,
            37.9745
          ],
          [
            -0.69624,
            37.97407
          ],
          [
            -0.69684,
            37.97344
          ],
          [
            -0.69589,
            37.97263
          ],
          [
            -0.69536,
            37.97218
          ],
          [
            -0.69536,
            37.97218
          ],
          [
            -0.69514,
            37.97201
          ],
          [
            -0.69506,
            37.97185
          ],
          [
            -0.69499,
            37.97177
          ],
          [
            -0.6968,
            37.96985
          ],
          [
            -0.698612,
            37.96797
          ],
          [
            -0.698814,
            37.967756
          ],
          [
            -0.69886,
            37.967711
          ],
          [
            -0.699047,
            37.967516
          ],
          [
            -0.699302,
            37.967264
          ],
          [
            -0.699446,
            37.967104
          ],
          [
            -0.699451,
            37.9671
          ],
          [
            -0.699448,
            37.967102
          ],
          [
            -0.69996,
            37.96653
          ],
          [
            -0.70001,
            37.96647
          ],
          [
            -0.70034,
            37.96612
          ],
          [
            -0.7007,
            37.96574
          ],
          [
            -0.70192,
            37.96444
          ],
          [
            -0.70243,
            37.9639
          ],
          [
            -0.70251,
            37.96386
          ],
          [
            -0.70346,
            37.96286
          ],
          [
            -0.70378,
            37.96253
          ],
          [
            -0.70378,
            37.96253
          ],
          [
            -0.70458,
            37.96166
          ],
          [
            -0.70475,
            37.9615
          ],
          [
            -0.70492,
            37.96142
          ],
          [
            -0.70503,
            37.96139
          ],
          [
            -0.70508,
            37.96139
          ],
          [
            -0.70515,
            37.96142
          ],
          [
            -0.70529,
            37.96141
          ],
          [
            -0.70539,
            37.96136
          ],
          [
            -0.7054,
            37.96134
          ],
          [
            -0.70549,
            37.96135
          ],
          [
            -0.70686,
            37.96147
          ],
          [
            -0.70834,
            37.96158
          ],
          [
            -0.70852,
            37.96163
          ],
          [
            -0.70863,
            37.96169
          ],
          [
            -0.70864,
            37.96172
          ],
          [
            -0.70866,
            37.96178
          ],
          [
            -0.70876,
            37.96187
          ],
          [
            -0.70891,
            37.96192
          ],
          [
            -0.709,
            37.96192
          ],
          [
            -0.70916,
            37.96186
          ],
          [
            -0.70929,
            37.96173
          ],
          [
            -0.70955,
            37.96165
          ],
          [
            -0.70982,
            37.96168
          ],
          [
            -0.71087,
            37.96176
          ],
          [
            -0.71386,
            37.962
          ],
          [
            -0.71584,
            37.96216
          ],
          [
            -0.7168,
            37.96223
          ],
          [
            -0.7169,
            37.96227
          ],
          [
            -0.71729,
            37.96232
          ],
          [
            -0.71739,
            37.96234
          ],
          [
            -0.71774,
            37.96244
          ],
          [
            -0.71775,
            37.96247
          ],
          [
            -0.7178,
            37.96254
          ],
          [
            -0.71788,
            37.96258
          ],
          [
            -0.717953,
            37.962598
          ],
          [
            -0.717953,
            37.962601
          ],
          [
            -0.71798,
            37.9626
          ],
          [
            -0.71807,
            37.9626
          ],
          [
            -0.71816,
            37.96256
          ],
          [
            -0.71822,
            37.96251
          ],
          [
            -0.71859,
            37.96252
          ],
          [
            -0.71893,
            37.96258
          ],
          [
            -0.7205,
            37.96288
          ],
          [
            -0.72276,
            37.96332
          ],
          [
            -0.72285,
            37.96336
          ],
          [
            -0.72286,
            37.96338
          ],
          [
            -0.7229,
            37.96341
          ],
          [
            -0.72294,
            37.96342
          ],
          [
            -0.72305,
            37.96341
          ],
          [
            -0.72308,
            37.96338
          ],
          [
            -0.72516,
            37.96377
          ],
          [
            -0.72852,
            37.9644
          ],
          [
            -0.72988,
            37.96466
          ],
          [
            -0.73076,
            37.96485
          ],
          [
            -0.73113,
            37.96495
          ],
          [
            -0.73128,
            37.96502
          ],
          [
            -0.73128,
            37.96506
          ],
          [
            -0.73131,
            37.96512
          ],
          [
            -0.73139,
            37.96516
          ],
          [
            -0.73147,
            37.96517
          ],
          [
            -0.73155,
            37.96515
          ],
          [
            -0.73158,
            37.96513
          ],
          [
            -0.73159,
            37.96511
          ],
          [
            -0.73193,
            37.96522
          ],
          [
            -0.73231,
            37.96535
          ],
          [
            -0.73287,
            37.96555
          ],
          [
            -0.73428,
            37.96605
          ],
          [
            -0.73457,
            37.96617
          ],
          [
            -0.73466,
            37.96627
          ],
          [
            -0.7347,
            37.96634
          ],
          [
            -0.73479,
            37.96638
          ],
          [
            -0.73489,
            37.96638
          ],
          [
            -0.73498,
            37.96634
          ],
          [
            -0.73503,
            37.96627
          ],
          [
            -0.73502,
            37.9662
          ],
          [
            -0.73497,
            37.96613
          ],
          [
            -0.73488,
            37.96609
          ],
          [
            -0.73478,
            37.9661
          ],
          [
            -0.73473,
            37.96612
          ],
          [
            -0.73451,
            37.96608
          ],
          [
            -0.73363,
            37.96577
          ],
          [
            -0.73324,
            37.96563
          ],
          [
            -0.73324,
            37.96563
          ]
        ]
      }
    },
    {
      "type": "Feature",
      "properties": {
        "route_id": "093",
        "linweb": "N3",
        "route_name": "Gregorio Maranon - Desiderio Rodriguez - Los Balcones - Los Altos",
        "direction_id": 1,
        "geometry_source": "official_api"
      },
      "geometry": {
        "type": "LineString",
        "coordinates": [
          [
            -0.733252,
            37.96562
          ],
          [
            -0.732733,
            37.965453
          ],
          [
            -0.732312,
            37.965306
          ],
          [
            -0.731992,
            37.965203
          ],
          [
            -0.731732,
            37.96511
          ],
          [
            -0.731607,
            37.965051
          ],
          [
            -0.731588,
            37.964984
          ],
          [
            -0.731521,
            37.964934
          ],
          [
            -0.731418,
            37.964918
          ],
          [
            -0.731322,
            37.96493
          ],
          [
            -0.731253,
            37.964953
          ],
          [
            -0.730343,
            37.964716
          ],
          [
            -0.728826,
            37.964409
          ],
          [
            -0.727438,
            37.964159
          ],
          [
            -0.725577,
            37.963782
          ],
          [
            -0.724423,
            37.963586
          ],
          [
            -0.723749,
            37.963441
          ],
          [
            -0.723161,
            37.963311
          ],
          [
            -0.723107,
            37.963259
          ],
          [
            -0.723035,
            37.963213
          ],
          [
            -0.722924,
            37.963207
          ],
          [
            -0.722816,
            37.96324
          ],
          [
            -0.722717,
            37.963254
          ],
          [
            -0.722557,
            37.963235
          ],
          [
            -0.722474,
            37.963221
          ],
          [
            -0.720143,
            37.962783
          ],
          [
            -0.71854,
            37.96247
          ],
          [
            -0.71826,
            37.96238
          ],
          [
            -0.71825,
            37.96236
          ],
          [
            -0.71824,
            37.96232
          ],
          [
            -0.71817,
            37.96224
          ],
          [
            -0.71814,
            37.96222
          ],
          [
            -0.71813,
            37.96197
          ],
          [
            -0.71817,
            37.96185
          ],
          [
            -0.7185,
            37.96082
          ],
          [
            -0.71862,
            37.96036
          ],
          [
            -0.71868,
            37.96014
          ],
          [
            -0.71869,
            37.95988
          ],
          [
            -0.71866,
            37.95972
          ],
          [
            -0.7186,
            37.95961
          ],
          [
            -0.7185,
            37.95949
          ],
          [
            -0.71841,
            37.95941
          ],
          [
            -0.71784,
            37.95894
          ],
          [
            -0.71759,
            37.95873
          ],
          [
            -0.71759,
            37.95873
          ],
          [
            -0.71561,
            37.95714
          ],
          [
            -0.71554,
            37.95702
          ],
          [
            -0.71549,
            37.95686
          ],
          [
            -0.71554,
            37.95663
          ],
          [
            -0.71674,
            37.95496
          ],
          [
            -0.71695,
            37.95463
          ],
          [
            -0.71695,
            37.95463
          ],
          [
            -0.71778,
            37.95337
          ],
          [
            -0.71842,
            37.9522
          ],
          [
            -0.71871,
            37.9517
          ],
          [
            -0.71871,
            37.9517
          ],
          [
            -0.7188,
            37.95154
          ],
          [
            -0.71881,
            37.95154
          ],
          [
            -0.71884,
            37.95154
          ],
          [
            -0.71889,
            37.95153
          ],
          [
            -0.71896,
            37.95149
          ],
          [
            -0.71901,
            37.95142
          ],
          [
            -0.719,
            37.95134
          ],
          [
            -0.71894,
            37.95128
          ],
          [
            -0.71885,
            37.95125
          ],
          [
            -0.71883,
            37.95125
          ],
          [
            -0.71896,
            37.95094
          ],
          [
            -0.71915,
            37.95062
          ],
          [
            -0.71938,
            37.95033
          ],
          [
            -0.71953,
            37.95019
          ],
          [
            -0.71965,
            37.95012
          ],
          [
            -0.71967,
            37.95013
          ],
          [
            -0.7197,
            37.95014
          ],
          [
            -0.71974,
            37.95015
          ],
          [
            -0.7198,
            37.95014
          ],
          [
            -0.71986,
            37.95013
          ],
          [
            -0.71994,
            37.95005
          ],
          [
            -0.71997,
            37.94995
          ],
          [
            -0.71991,
            37.94986
          ],
          [
            -0.71985,
            37.94982
          ],
          [
            -0.71973,
            37.9498
          ],
          [
            -0.71967,
            37.94981
          ],
          [
            -0.71964,
            37.94982
          ],
          [
            -0.7195,
            37.94975
          ],
          [
            -0.71869,
            37.94928
          ],
          [
            -0.71767,
            37.94904
          ],
          [
            -0.71594,
            37.94866
          ],
          [
            -0.71594,
            37.94866
          ],
          [
            -0.71491,
            37.94841
          ],
          [
            -0.71475,
            37.94834
          ],
          [
            -0.71474,
            37.94828
          ],
          [
            -0.71467,
            37.94817
          ],
          [
            -0.7146,
            37.94812
          ],
          [
            -0.7145,
            37.94809
          ],
          [
            -0.71437,
            37.94809
          ],
          [
            -0.7143,
            37.94811
          ],
          [
            -0.71422,
            37.94816
          ],
          [
            -0.71415,
            37.94827
          ],
          [
            -0.71416,
            37.94838
          ],
          [
            -0.71418,
            37.94841
          ],
          [
            -0.7141,
            37.94858
          ],
          [
            -0.71376,
            37.94899
          ],
          [
            -0.71363,
            37.94916
          ],
          [
            -0.71363,
            37.94916
          ],
          [
            -0.71344,
            37.94946
          ],
          [
            -0.71276,
            37.95062
          ],
          [
            -0.71001,
            37.95519
          ],
          [
            -0.7097,
            37.95571
          ],
          [
            -0.7095,
            37.95613
          ],
          [
            -0.70938,
            37.95628
          ],
          [
            -0.70924,
            37.9565
          ],
          [
            -0.70913,
            37.95668
          ],
          [
            -0.70906,
            37.95679
          ],
          [
            -0.70892,
            37.95697
          ],
          [
            -0.7075,
            37.9585
          ],
          [
            -0.7066,
            37.95946
          ],
          [
            -0.70606,
            37.96004
          ],
          [
            -0.70595,
            37.96011
          ],
          [
            -0.70546,
            37.9606
          ],
          [
            -0.70528,
            37.96082
          ],
          [
            -0.70516,
            37.96106
          ],
          [
            -0.70511,
            37.96108
          ],
          [
            -0.70502,
            37.96114
          ],
          [
            -0.70498,
            37.96123
          ],
          [
            -0.70499,
            37.96129
          ],
          [
            -0.70477,
            37.96141
          ],
          [
            -0.70455,
            37.96158
          ],
          [
            -0.7036,
            37.9626
          ],
          [
            -0.70324,
            37.96298
          ],
          [
            -0.70324,
            37.96298
          ],
          [
            -0.7025,
            37.96377
          ],
          [
            -0.70245,
            37.96383
          ],
          [
            -0.70243,
            37.9639
          ],
          [
            -0.70158,
            37.9648
          ],
          [
            -0.701,
            37.96542
          ],
          [
            -0.70011,
            37.96637
          ],
          [
            -0.6995,
            37.96701
          ],
          [
            -0.69942,
            37.96709
          ],
          [
            -0.69942,
            37.96709
          ],
          [
            -0.69499,
            37.97177
          ],
          [
            -0.69491,
            37.97175
          ],
          [
            -0.6948,
            37.97176
          ],
          [
            -0.69473,
            37.97181
          ],
          [
            -0.6947,
            37.97189
          ],
          [
            -0.6947,
            37.97193
          ],
          [
            -0.6947,
            37.97193
          ],
          [
            -0.69475,
            37.97199
          ],
          [
            -0.69477,
            37.97201
          ],
          [
            -0.69469,
            37.97209
          ],
          [
            -0.69408,
            37.97274
          ],
          [
            -0.69337,
            37.97349
          ],
          [
            -0.69259,
            37.97431
          ],
          [
            -0.69051,
            37.97652
          ],
          [
            -0.69051,
            37.97652
          ],
          [
            -0.6903,
            37.97675
          ],
          [
            -0.68993,
            37.9771
          ],
          [
            -0.68979,
            37.97723
          ],
          [
            -0.68955,
            37.97736
          ],
          [
            -0.68937,
            37.97739
          ],
          [
            -0.68909,
            37.97739
          ],
          [
            -0.68757,
            37.97706
          ],
          [
            -0.68698,
            37.97695
          ],
          [
            -0.68669,
            37.97689
          ]
        ]
      }
    }
  ]
}
